# AssetId: 3DBread006
# Name: 3D Bread 006
# Author: ambientCG
# Tags: 3d,6,bread
mtllib 3DBread006_SQ-2K-PNG.mtl
usemtl 3DBread006_SQ-2K-PNG
o 3DBread006_SQ-2K-PNG
v -0.048494 0.033451 -0.007109
v -0.046788 0.032874 -0.006873
v -0.047206 0.035732 -0.006661
v -0.047881 0.034785 -0.011309
v -0.048564 0.033074 -0.009525
v -0.047848 0.037544 -0.007284
v -0.047160 0.037214 -0.009893
v -0.046125 0.038659 -0.007678
v -0.043742 0.038201 -0.008859
v -0.044851 0.036469 -0.007900
v -0.042589 0.037295 -0.007930
v -0.046347 0.037218 -0.014148
v -0.045299 0.042180 -0.010527
v -0.045621 0.040311 -0.011764
v -0.043356 0.040100 -0.009068
v -0.042789 0.042185 -0.009860
v -0.049035 0.035331 -0.001016
v -0.048661 0.037020 0.002170
v -0.047863 0.036849 0.000144
v -0.047483 0.035138 -0.002406
v -0.049387 0.033443 -0.002378
v -0.046696 0.036559 0.000329
v -0.045890 0.037490 -0.002778
v -0.046949 0.034717 -0.005020
v -0.046501 0.039279 0.000970
v -0.044820 0.039667 0.000084
v -0.045629 0.035935 -0.006910
v -0.044787 0.038625 -0.001942
v -0.043780 0.037314 -0.006700
v -0.043579 0.039035 -0.004951
v -0.043733 0.040442 -0.001969
v -0.042230 0.038039 -0.006535
v -0.045253 0.041120 0.001521
v -0.041465 0.038828 -0.010371
v -0.040264 0.038855 -0.009289
v -0.042323 0.040126 -0.004881
v -0.041493 0.042095 -0.001735
v -0.041182 0.040432 -0.006342
v -0.039191 0.040987 -0.007730
v -0.039629 0.043571 -0.003041
v -0.039264 0.042467 -0.007157
v -0.042428 0.040939 -0.000410
v -0.045771 0.034140 -0.007426
v -0.046958 0.036109 -0.018745
v -0.046953 0.034623 -0.020473
v -0.046129 0.036529 -0.016750
v -0.045152 0.039162 -0.017137
v -0.045118 0.037846 -0.019486
v -0.044157 0.039867 -0.016555
v -0.043726 0.039376 -0.019617
v -0.040694 0.042038 -0.019988
v -0.042383 0.042842 -0.015867
v -0.045131 0.039716 -0.014166
v -0.042268 0.042506 -0.011027
v -0.040386 0.041061 -0.011234
v -0.040003 0.042301 -0.012157
v -0.040394 0.040275 -0.013321
v -0.038887 0.040239 -0.012281
v -0.039160 0.039895 -0.010332
v -0.041744 0.040909 -0.010588
v -0.043844 0.044472 -0.012089
v -0.039098 0.044997 -0.018536
v -0.039972 0.046757 -0.015696
v -0.037871 0.047640 -0.018401
v -0.041382 0.045541 -0.012591
v -0.041923 0.044180 -0.012120
v -0.040033 0.044857 -0.011957
v -0.039113 0.045537 -0.013478
v -0.036819 0.044774 -0.015779
v -0.036426 0.045849 -0.017753
v -0.037748 0.043139 -0.014047
v -0.035903 0.042058 -0.011587
v -0.036572 0.041002 -0.009894
v -0.036846 0.042582 -0.016186
v -0.035400 0.043945 -0.016672
v -0.036717 0.042837 -0.014174
v -0.033945 0.044894 -0.015974
v -0.033945 0.045273 -0.011691
v -0.034444 0.045314 -0.014027
v -0.036865 0.042634 -0.012022
v -0.038217 0.041886 -0.009052
v -0.034815 0.042299 -0.009747
v -0.036593 0.043706 -0.008538
v -0.033622 0.044547 -0.008578
v -0.032491 0.043458 -0.011321
v -0.032895 0.043376 -0.009990
v -0.032726 0.047070 -0.012292
v -0.030458 0.046586 -0.011074
v -0.031856 0.045592 -0.008094
v -0.030814 0.044291 -0.009423
v -0.043332 0.039062 -0.021214
v -0.033913 0.045743 -0.007177
v -0.029709 0.045102 -0.010390
v -0.032415 0.044377 -0.010423
v -0.042625 0.033887 -0.029494
v -0.045626 0.033394 -0.025936
v -0.041694 0.036929 -0.028813
v -0.039756 0.035041 -0.032946
v -0.042754 0.031221 -0.031499
v -0.043437 0.037932 -0.024255
v -0.041996 0.038352 -0.025588
v -0.037878 0.032761 -0.036323
v -0.036012 0.037208 -0.036060
v -0.039551 0.037443 -0.031879
v -0.034540 0.036419 -0.035515
v -0.036655 0.037895 -0.032876
v -0.040441 0.037545 -0.029083
v -0.036188 0.040040 -0.031150
v -0.037701 0.038519 -0.033521
v -0.034654 0.039142 -0.033617
v -0.038327 0.041611 -0.025233
v -0.040982 0.040084 -0.024096
v -0.035651 0.042819 -0.027312
v -0.036332 0.044983 -0.023284
v -0.032477 0.043044 -0.030494
v -0.030407 0.047320 -0.026620
v -0.028465 0.045360 -0.030712
v -0.032582 0.047277 -0.024029
v -0.035593 0.047793 -0.020320
v -0.035172 0.045870 -0.019709
v -0.032527 0.046201 -0.023080
v -0.024239 0.048710 -0.024566
v -0.027080 0.048334 -0.020964
v -0.026525 0.049217 -0.020741
v -0.025553 0.050610 -0.023253
v -0.023952 0.049597 -0.024228
v -0.023065 0.051263 -0.024393
v -0.022506 0.050165 -0.024271
v -0.031109 0.047512 -0.017304
v -0.033797 0.045624 -0.017230
v -0.034175 0.045540 -0.018746
v -0.031864 0.047410 -0.017898
v -0.033344 0.044842 -0.019292
v -0.031670 0.045797 -0.018438
v -0.028442 0.048086 -0.012741
v -0.028722 0.047435 -0.011552
v -0.026562 0.047821 -0.012814
v -0.027985 0.049412 -0.012440
v -0.027255 0.048798 -0.013285
v -0.031381 0.047736 -0.014927
v -0.029599 0.049740 -0.015850
v -0.028902 0.047742 -0.018392
v -0.028277 0.050386 -0.018656
v -0.027619 0.051711 -0.018068
v -0.024568 0.052562 -0.017990
v -0.028504 0.051493 -0.015316
v -0.028896 0.050065 -0.014260
v -0.027539 0.051770 -0.013784
v -0.026676 0.051120 -0.013558
v -0.029985 0.048678 -0.012647
v -0.025269 0.050251 -0.015725
v -0.024064 0.049726 -0.014319
v -0.023700 0.051074 -0.016767
v -0.023778 0.050401 -0.012956
v -0.024011 0.049693 -0.016703
v -0.022172 0.051027 -0.017524
v -0.023130 0.050343 -0.018893
v -0.022674 0.050258 -0.016201
v -0.020016 0.053071 -0.016972
v -0.021269 0.049839 -0.016857
v -0.021936 0.053150 -0.022539
v -0.022313 0.052775 -0.019948
v -0.023658 0.051603 -0.018147
v -0.021461 0.051277 -0.019759
v -0.020214 0.052883 -0.019231
v -0.020262 0.053755 -0.020767
v -0.019071 0.054651 -0.019997
v -0.023144 0.049049 -0.015564
v -0.021294 0.048801 -0.016313
v -0.018477 0.053919 -0.018573
v -0.047177 0.032840 0.020811
v -0.044260 0.037275 0.020703
v -0.047058 0.035240 0.017353
v -0.047807 0.037829 0.007504
v -0.049094 0.035724 0.006533
v -0.050256 0.033948 0.008711
v -0.046367 0.037776 0.015454
v -0.047723 0.036710 0.012309
v -0.045259 0.038021 0.013339
v -0.044017 0.038320 0.018804
v -0.043767 0.039611 0.017062
v -0.045062 0.038969 0.012664
v -0.043791 0.041583 0.010100
v -0.044792 0.038953 0.010749
v -0.046700 0.039640 0.010177
v -0.044461 0.041069 0.008013
v -0.046312 0.040179 0.004954
v -0.046031 0.041551 0.008508
v -0.044424 0.043278 0.005782
v -0.040194 0.043007 0.018668
v -0.042478 0.042330 0.014929
v -0.043198 0.043202 0.003832
v -0.042084 0.043927 0.004655
v -0.042904 0.041866 0.006425
v -0.042223 0.038676 0.021815
v -0.039819 0.044309 -0.000060
v -0.038125 0.046631 0.000653
v -0.036900 0.045683 0.000454
v -0.037529 0.045327 -0.001475
v -0.034636 0.046979 -0.001121
v -0.038746 0.045216 0.015346
v -0.035214 0.046569 0.019162
v -0.037983 0.046628 0.012907
v -0.040387 0.045821 0.007795
v -0.038612 0.046924 0.003690
v -0.040014 0.045746 0.003189
v -0.037427 0.047528 0.006570
v -0.036741 0.046737 0.001865
v -0.036824 0.047975 0.003101
v -0.036599 0.048071 0.008700
v -0.041575 0.044356 0.008850
v -0.034113 0.049575 0.000337
v -0.033028 0.050197 0.003370
v -0.032395 0.050080 -0.000169
v -0.034116 0.049118 0.006505
v -0.032090 0.049864 -0.002645
v -0.030696 0.051374 -0.000603
v -0.027949 0.051961 0.002477
v -0.033363 0.049456 0.013606
v -0.030736 0.050388 0.009418
v -0.030407 0.048848 0.010504
v -0.029198 0.048751 0.012242
v -0.028054 0.051184 0.008187
v -0.028732 0.049070 0.009469
v -0.026000 0.052280 0.007664
v -0.026050 0.050446 0.010140
v -0.025563 0.052362 0.004413
v -0.024777 0.051227 0.008317
v -0.024717 0.052079 0.006631
v -0.024662 0.053397 0.003464
v -0.026586 0.051967 0.001959
v -0.042186 0.043927 0.010861
v -0.027077 0.049803 0.008251
v -0.028417 0.046523 -0.007804
v -0.029832 0.047736 -0.006581
v -0.028470 0.048422 -0.006494
v -0.027624 0.045391 -0.009610
v -0.026714 0.047498 -0.008884
v -0.026473 0.048442 -0.006916
v -0.024990 0.046822 -0.007718
v -0.025979 0.049432 -0.006763
v -0.023127 0.049834 -0.007122
v -0.025416 0.047792 -0.010104
v -0.023394 0.047765 -0.009814
v -0.023871 0.049136 -0.010262
v -0.021910 0.049155 -0.007303
v -0.021319 0.048706 -0.010417
v -0.018061 0.048529 -0.008558
v -0.019758 0.047533 -0.008447
v -0.020431 0.048566 -0.008458
v -0.018999 0.050940 -0.007151
v -0.018597 0.049005 -0.007236
v -0.031296 0.046915 -0.006262
v -0.031334 0.049296 -0.004626
v -0.029653 0.049332 -0.006290
v -0.028218 0.050923 -0.006070
v -0.030451 0.050521 -0.003057
v -0.029373 0.051702 -0.003798
v -0.027878 0.051477 -0.004237
v -0.027685 0.049927 -0.006077
v -0.026612 0.050630 -0.004816
v -0.024729 0.053319 -0.004610
v -0.024286 0.052126 -0.004974
v -0.024272 0.051839 -0.007059
v -0.022369 0.051871 -0.007891
v -0.022532 0.053972 -0.005762
v -0.021812 0.054351 -0.003329
v -0.020787 0.053589 -0.007392
v -0.020783 0.050758 -0.007257
v -0.020794 0.054527 -0.004680
v -0.019846 0.053170 -0.005753
v -0.018265 0.055264 -0.004817
v -0.016473 0.050983 -0.008756
v -0.016970 0.053957 -0.006098
v -0.025314 0.053701 -0.002495
v -0.026672 0.052386 -0.000831
v -0.023326 0.053908 -0.001598
v -0.023779 0.053462 0.001664
v -0.020745 0.055436 0.001569
v -0.019459 0.055851 -0.000678
v -0.017697 0.055689 -0.002697
v -0.016487 0.055173 -0.002195
v -0.018597 0.055149 0.001028
v -0.016955 0.055410 -0.001117
v -0.016771 0.055449 0.002098
v -0.015609 0.057022 -0.000809
v -0.012852 0.056126 -0.004384
v -0.014654 0.054806 -0.005236
v -0.015456 0.055668 -0.003494
v -0.013143 0.057335 -0.001935
v -0.010954 0.058826 -0.002206
v -0.011421 0.058275 -0.003618
v -0.018967 0.049193 -0.013896
v -0.019846 0.047970 -0.012989
v -0.016803 0.048324 -0.011046
v -0.014266 0.048039 -0.011111
v -0.016774 0.047712 -0.009727
v -0.016585 0.049216 -0.009258
v -0.014062 0.048893 -0.010154
v -0.011845 0.048393 -0.011302
v -0.013302 0.051008 -0.009403
v -0.018892 0.049220 -0.015499
v -0.016990 0.049923 -0.015524
v -0.013217 0.049908 -0.012953
v -0.016131 0.053286 -0.007649
v -0.011470 0.051172 -0.011237
v -0.011590 0.052520 -0.012389
v -0.013959 0.051500 -0.012742
v -0.011269 0.050637 -0.010715
v -0.008141 0.050520 -0.011744
v -0.009484 0.050067 -0.010639
v -0.012215 0.051979 -0.009485
v -0.014056 0.053800 -0.008125
v -0.012181 0.053812 -0.007477
v -0.011126 0.051769 -0.008170
v -0.010381 0.051487 -0.010318
v -0.009510 0.052025 -0.009329
v -0.009735 0.056524 -0.004872
v -0.006409 0.055833 -0.007941
v -0.012390 0.055666 -0.005969
v -0.008242 0.054473 -0.009288
v -0.006681 0.052745 -0.009973
v -0.005312 0.054838 -0.009801
v -0.015071 0.054034 -0.013856
v -0.017178 0.053358 -0.014300
v -0.015137 0.052966 -0.013684
v -0.013488 0.054847 -0.016377
v -0.016651 0.054760 -0.016328
v -0.013469 0.052788 -0.013399
v -0.005790 0.050212 -0.010730
v -0.002433 0.051805 -0.011479
v -0.021065 0.049377 -0.013089
v -0.017638 0.050247 -0.012700
v -0.045693 0.003258 -0.002532
v -0.048525 0.004980 -0.002318
v -0.048226 0.004857 -0.006644
v -0.042277 0.002704 -0.000587
v -0.046751 0.003950 0.001381
v -0.042135 0.002549 -0.005422
v -0.045072 0.002957 -0.008443
v -0.041304 0.001940 -0.007555
v -0.037449 0.002470 -0.003083
v -0.036108 0.002866 -0.000429
v -0.039442 0.003856 0.005204
v -0.050368 0.007905 -0.013627
v -0.048205 0.005150 -0.011335
v -0.050816 0.007448 -0.009534
v -0.051065 0.007845 -0.005841
v -0.051842 0.008630 -0.001865
v -0.051170 0.007734 0.001120
v -0.049871 0.006652 0.003570
v -0.047260 0.004543 0.004891
v -0.049276 0.006327 0.005890
v -0.048140 0.005976 0.009345
v -0.044796 0.004239 0.006778
v -0.047046 0.004533 -0.015343
v -0.040976 0.004765 0.009882
v -0.038235 0.004512 0.007969
v -0.038076 0.005207 0.014152
v -0.039696 0.005157 0.018117
v -0.044679 0.005204 0.013311
v -0.032616 0.004966 0.010329
v -0.032794 0.005130 0.014950
v -0.027160 0.005317 0.010981
v -0.031813 0.004503 0.006340
v -0.032429 0.003780 0.002645
v -0.027130 0.004464 0.004330
v -0.029204 0.003308 -0.001515
v -0.019143 0.004609 0.002575
v -0.044475 0.006068 0.017558
v -0.048537 0.009336 0.016944
v -0.047752 0.007220 0.014196
v -0.047575 0.010689 0.021037
v -0.045518 0.007682 0.019601
v -0.041170 0.005527 0.020218
v -0.043302 0.007116 0.022518
v -0.054174 0.013331 -0.002212
v -0.053579 0.012563 -0.006962
v -0.054949 0.016715 0.000104
v -0.055156 0.019134 0.004200
v -0.055000 0.020561 0.001134
v -0.053291 0.011699 0.002951
v -0.054346 0.017748 -0.011175
v -0.053608 0.017461 -0.014369
v -0.052606 0.012181 -0.013171
v -0.052803 0.016269 -0.017907
v -0.052616 0.013875 -0.016497
v -0.054634 0.016715 -0.006439
v -0.054801 0.019817 -0.004619
v -0.053979 0.024014 -0.006180
v -0.053542 0.021502 -0.013733
v -0.054337 0.024093 -0.002839
v -0.054913 0.023177 0.000380
v -0.052002 0.027758 -0.006657
v -0.052258 0.026637 -0.013117
v -0.052624 0.026320 -0.004915
v -0.051008 0.028292 -0.005920
v -0.049660 0.031512 -0.008375
v -0.049314 0.031161 -0.006830
v -0.054995 0.022591 0.004279
v -0.054096 0.024807 0.002177
v -0.054116 0.025853 0.001695
v -0.053538 0.026561 -0.002852
v -0.052016 0.029921 0.001202
v -0.051685 0.028938 -0.004288
v -0.048416 0.031223 -0.005515
v -0.049607 0.030608 -0.004194
v -0.050545 0.031071 -0.003918
v -0.052227 0.010616 0.006638
v -0.054485 0.014669 0.004486
v -0.050957 0.013644 0.017617
v -0.049036 0.016491 0.023770
v -0.051665 0.017486 0.019224
v -0.051955 0.015806 0.016747
v -0.053228 0.018513 0.015846
v -0.052797 0.013907 0.012724
v -0.051242 0.016170 0.018407
v -0.051392 0.021232 0.020474
v -0.053407 0.022132 0.015577
v -0.052172 0.018432 0.016763
v -0.054670 0.021054 0.010087
v -0.054450 0.016316 0.008619
v -0.052923 0.012766 0.009516
v -0.053305 0.025884 0.011886
v -0.051852 0.029400 0.011910
v -0.052392 0.029453 0.008788
v -0.047775 0.020267 0.026378
v -0.047316 0.025080 0.026002
v -0.050788 0.024900 0.020482
v -0.048727 0.027006 0.022681
v -0.052029 0.026054 0.016577
v -0.050293 0.029922 0.017017
v -0.048818 0.028809 0.021715
v -0.051538 0.031552 0.007856
v -0.052985 0.028558 0.005558
v -0.050435 0.031945 0.004137
v -0.036038 0.000971 -0.021259
v -0.031708 0.000938 -0.021306
v -0.031924 0.000819 -0.018470
v -0.037656 0.000931 -0.016253
v -0.034167 0.001087 -0.013958
v -0.036843 0.000946 -0.013213
v -0.039589 0.001334 -0.011646
v -0.035047 0.001637 -0.009811
v -0.028401 0.000838 -0.020010
v -0.029871 0.001016 -0.015156
v -0.026668 0.001731 -0.011323
v -0.029732 0.002175 -0.007642
v -0.026531 0.001006 -0.025175
v -0.032978 0.000927 -0.025803
v -0.020288 0.001627 -0.028125
v -0.020553 0.001631 -0.022210
v -0.024952 0.001329 -0.016499
v -0.015921 0.001926 -0.023363
v -0.019509 0.001927 -0.017740
v -0.013954 0.002101 -0.020936
v -0.010673 0.002501 -0.023736
v -0.012391 0.002228 -0.025356
v -0.033037 0.001606 -0.006692
v -0.016693 0.001649 -0.027182
v -0.014387 0.002504 -0.016432
v -0.010819 0.004749 -0.000685
v -0.014135 0.004106 -0.004413
v -0.019990 0.003612 -0.003940
v -0.020800 0.002619 -0.010175
v -0.015362 0.003452 -0.008586
v -0.025394 0.003187 -0.002740
v -0.029168 0.002596 -0.003927
v -0.023694 0.003889 -0.000380
v -0.009947 0.003269 -0.012949
v -0.017304 0.002562 -0.013750
v -0.010578 0.002685 -0.018950
v -0.002488 0.003709 -0.013400
v -0.011363 0.003655 -0.009382
v -0.005522 0.003670 -0.010408
v -0.004931 0.004241 -0.007037
v -0.000377 0.004235 -0.009557
v -0.004849 0.003099 -0.017285
v -0.008134 0.004311 -0.006034
v -0.004009 0.004701 -0.005589
v -0.044090 0.004382 -0.022974
v -0.047818 0.007304 -0.021903
v -0.045909 0.007856 -0.026770
v -0.043551 0.007891 -0.029982
v -0.040408 0.004966 -0.030477
v -0.044333 0.003257 -0.019551
v -0.040127 0.002029 -0.024201
v -0.042313 0.001712 -0.017204
v -0.045736 0.011609 -0.029527
v -0.045871 0.010225 -0.027812
v -0.043437 0.010382 -0.032487
v -0.040186 0.007390 -0.033613
v -0.043817 0.012903 -0.032698
v -0.040720 0.010543 -0.035812
v -0.040181 0.013302 -0.037160
v -0.042815 0.015253 -0.033574
v -0.048141 0.010656 -0.024894
v -0.036123 0.001887 -0.027622
v -0.035147 0.002717 -0.031772
v -0.031323 0.001107 -0.029228
v -0.030071 0.002333 -0.035445
v -0.025736 0.001516 -0.033715
v -0.035507 0.004576 -0.034740
v -0.035582 0.008154 -0.038907
v -0.035456 0.005663 -0.036631
v -0.035954 0.012724 -0.041476
v -0.035995 0.010383 -0.039947
v -0.040087 0.014948 -0.036694
v -0.038098 0.015510 -0.039263
v -0.047553 0.016272 -0.028725
v -0.049980 0.009897 -0.020274
v -0.052298 0.019118 -0.019614
v -0.050489 0.016922 -0.024117
v -0.049697 0.013073 -0.024541
v -0.049978 0.021985 -0.024468
v -0.048325 0.020059 -0.027699
v -0.052260 0.022992 -0.018183
v -0.050560 0.024815 -0.021822
v -0.050338 0.028121 -0.019218
v -0.043524 0.019422 -0.033375
v -0.046654 0.023210 -0.029007
v -0.043633 0.024083 -0.032824
v -0.040658 0.022482 -0.037042
v -0.040478 0.018080 -0.036882
v -0.043030 0.025997 -0.033445
v -0.042600 0.029229 -0.033395
v -0.040078 0.028935 -0.036089
v -0.037055 0.024854 -0.040105
v -0.047869 0.025051 -0.026472
v -0.045622 0.026096 -0.030074
v -0.049106 0.026959 -0.023721
v -0.046556 0.029956 -0.027116
v -0.048028 0.030902 -0.023010
v -0.044332 0.028747 -0.031014
v -0.042652 0.027636 -0.031873
v -0.042671 0.029402 -0.030778
v -0.041997 0.029220 -0.031869
v -0.048640 0.032057 -0.018586
v -0.049929 0.030593 -0.014423
v -0.010798 0.002578 -0.028947
v -0.009513 0.001970 -0.036510
v -0.005484 0.002344 -0.034510
v -0.005047 0.003091 -0.029005
v -0.002993 0.002831 -0.032361
v -0.001601 0.002427 -0.036597
v -0.001521 0.003192 -0.029678
v -0.001216 0.002959 -0.027124
v -0.009416 0.003150 -0.045121
v -0.002978 0.003976 -0.047987
v -0.005597 0.001975 -0.044095
v -0.011267 0.002029 -0.040822
v -0.000197 0.002072 -0.045600
v -0.002300 0.001961 -0.041961
v -0.003851 0.002244 -0.038630
v 0.002685 0.002372 -0.040793
v 0.003893 0.002270 -0.045646
v 0.002594 0.002657 -0.035646
v 0.008115 0.002576 -0.036681
v -0.006974 0.006158 -0.050428
v 0.009030 0.002267 -0.039564
v 0.009396 0.002298 -0.042406
v -0.005020 0.002988 -0.021425
v -0.000350 0.003465 -0.018700
v 0.004709 0.003030 -0.028718
v 0.002323 0.003138 -0.023195
v 0.010071 0.003344 -0.025777
v 0.006665 0.003353 -0.022325
v 0.011033 0.003001 -0.030305
v 0.005563 0.002892 -0.032315
v 0.003366 0.003898 -0.015071
v 0.016370 0.003282 -0.028560
v 0.012131 0.002641 -0.034853
v 0.016626 0.002899 -0.034689
v 0.012937 0.003617 -0.024142
v 0.019892 0.003497 -0.026929
v 0.014163 0.003855 -0.021247
v 0.010675 0.004019 -0.017326
v 0.017681 0.003978 -0.019963
v 0.023661 0.003473 -0.024403
v 0.019979 0.003021 -0.029750
v 0.020462 0.003060 -0.032160
v 0.024583 0.003194 -0.028095
v 0.003919 0.003305 -0.047613
v 0.010748 0.002706 -0.045601
v 0.008274 0.005703 -0.050279
v 0.012595 0.005392 -0.048980
v 0.003390 0.006317 -0.051232
v -0.002312 0.006271 -0.050984
v 0.001152 0.009130 -0.053200
v 0.001027 0.014955 -0.055582
v 0.004077 0.011779 -0.054313
v 0.007182 0.009839 -0.053156
v 0.010773 0.009393 -0.052544
v 0.006618 0.012019 -0.053853
v 0.013497 0.014614 -0.054064
v 0.015595 0.008568 -0.050913
v 0.008360 0.015212 -0.055106
v 0.020293 0.013995 -0.051687
v 0.020401 0.010590 -0.050094
v 0.016147 0.016854 -0.053779
v 0.020992 0.017869 -0.051727
v 0.015826 0.003998 -0.045939
v 0.020544 0.006429 -0.046849
v 0.022721 0.003790 -0.042081
v 0.017374 0.002866 -0.042685
v 0.014893 0.002410 -0.041050
v 0.020723 0.002616 -0.038647
v 0.025619 0.002862 -0.032924
v 0.025779 0.003241 -0.038011
v 0.028619 0.003244 -0.034960
v 0.029711 0.005030 -0.038658
v 0.023953 0.010222 -0.047952
v 0.026692 0.006948 -0.043563
v 0.029627 0.010831 -0.044931
v 0.030380 0.002899 -0.032458
v 0.033286 0.003320 -0.030633
v 0.032889 0.004568 -0.035018
v 0.033689 0.007267 -0.038524
v 0.038172 0.005128 -0.031595
v 0.032122 0.003149 -0.026878
v 0.024953 0.013023 -0.049093
v 0.025758 0.015466 -0.049262
v -0.033477 0.010807 -0.042136
v -0.033167 0.015695 -0.044157
v -0.036512 0.017122 -0.041160
v -0.030794 0.013094 -0.045245
v -0.030222 0.016686 -0.046558
v -0.033671 0.021166 -0.043960
v -0.029243 0.020785 -0.047346
v -0.030591 0.025248 -0.045440
v -0.033698 0.025739 -0.042471
v -0.021583 0.022977 -0.051295
v -0.023546 0.017532 -0.050448
v -0.026725 0.025579 -0.047725
v -0.027743 0.029448 -0.045927
v -0.025011 0.027482 -0.047676
v -0.023851 0.027277 -0.049288
v -0.022042 0.026657 -0.050184
v -0.035325 0.027259 -0.040891
v -0.035361 0.030369 -0.040661
v -0.035481 0.030030 -0.039368
v -0.034428 0.032030 -0.039564
v -0.036622 0.032428 -0.038231
v -0.034673 0.033082 -0.038064
v -0.032167 0.030590 -0.042695
v -0.037065 0.028803 -0.039054
v -0.028882 0.033587 -0.043380
v -0.033844 0.033868 -0.040293
v -0.028334 0.037490 -0.040991
v -0.024137 0.035936 -0.044697
v -0.025895 0.033275 -0.045273
v -0.017412 0.028178 -0.051381
v -0.019471 0.030545 -0.049992
v -0.013696 0.032218 -0.051073
v -0.015527 0.033840 -0.049769
v -0.025010 0.033664 -0.046191
v -0.021109 0.036444 -0.045983
v -0.022773 0.031915 -0.047662
v -0.017475 0.037247 -0.046785
v -0.014820 0.038044 -0.046854
v -0.020504 0.041106 -0.042626
v -0.017064 0.039054 -0.045372
v -0.013241 0.027547 -0.052835
v -0.010630 0.030239 -0.052354
v -0.011830 0.036163 -0.049138
v -0.033736 0.035413 -0.037762
v -0.033263 0.035336 -0.038727
v -0.030379 0.038220 -0.039243
v -0.032898 0.038115 -0.036872
v -0.034186 0.039674 -0.034642
v -0.026228 0.041296 -0.038798
v -0.030408 0.041824 -0.034278
v -0.022086 0.042710 -0.040615
v -0.030468 0.005459 -0.040245
v -0.029990 0.008482 -0.043295
v -0.023801 0.005261 -0.043790
v -0.020933 0.001566 -0.034013
v -0.015030 0.001866 -0.036373
v -0.014730 0.001961 -0.031183
v -0.019886 0.003019 -0.041557
v -0.022971 0.002185 -0.037300
v -0.025934 0.003290 -0.039405
v -0.018302 0.001848 -0.038014
v -0.013783 0.003176 -0.043840
v -0.026617 0.008466 -0.045231
v -0.021977 0.007115 -0.046508
v -0.017384 0.004443 -0.045356
v -0.026028 0.012883 -0.048006
v -0.022148 0.012719 -0.049917
v -0.020755 0.009608 -0.048820
v -0.017303 0.008189 -0.049324
v -0.016707 0.013623 -0.052595
v -0.012254 0.010052 -0.052328
v -0.015717 0.017978 -0.053756
v -0.015036 0.023516 -0.053732
v -0.009677 0.021420 -0.055151
v -0.009662 0.005308 -0.048831
v -0.013264 0.006166 -0.048965
v -0.008557 0.011312 -0.053679
v -0.008801 0.015408 -0.055055
v -0.002779 0.012488 -0.054699
v -0.007470 0.026694 -0.054103
v -0.008023 0.030854 -0.052662
v -0.003935 0.030214 -0.053160
v 0.001405 0.030826 -0.052432
v 0.005018 0.047008 -0.025506
v 0.002968 0.048491 -0.022519
v 0.004107 0.046202 -0.022339
v 0.005514 0.044940 -0.023450
v 0.007474 0.045806 -0.026773
v 0.005858 0.044483 -0.025229
v 0.006957 0.047244 -0.024702
v 0.003880 0.049042 -0.024126
v 0.002623 0.048821 -0.019524
v 0.003044 0.046458 -0.017957
v 0.004060 0.045510 -0.019639
v 0.004548 0.047330 -0.018334
v 0.003555 0.045357 -0.015575
v 0.005260 0.050042 -0.017454
v 0.006047 0.048448 -0.021340
v 0.008128 0.049535 -0.024316
v 0.007521 0.051066 -0.019921
v -0.004327 0.051659 -0.015268
v -0.003668 0.049288 -0.013751
v 0.001465 0.050828 -0.017651
v 0.000018 0.047416 -0.014958
v 0.002153 0.051563 -0.021810
v -0.002430 0.052201 -0.017910
v 0.001520 0.051098 -0.020106
v 0.002059 0.049186 -0.017397
v -0.004806 0.053216 -0.017565
v -0.001957 0.053599 -0.019315
v -0.000874 0.054164 -0.021759
v -0.002032 0.049264 -0.012955
v -0.000501 0.046488 -0.013491
v 0.001126 0.048674 -0.015731
v 0.001649 0.045188 -0.014568
v 0.002313 0.048006 -0.012296
v 0.003772 0.046115 -0.012651
v 0.001215 0.050350 -0.012811
v 0.000636 0.051922 -0.012702
v -0.002275 0.054200 -0.011011
v 0.002722 0.054318 -0.010948
v 0.005265 0.049585 -0.015471
v -0.011484 0.052763 -0.024843
v -0.007448 0.054916 -0.022880
v -0.008477 0.054161 -0.024985
v -0.010840 0.053916 -0.026946
v -0.008850 0.055418 -0.024838
v -0.008793 0.053981 -0.026537
v -0.006760 0.054895 -0.025889
v -0.008639 0.054451 -0.028219
v -0.006671 0.054653 -0.028148
v -0.004505 0.054935 -0.025000
v -0.004291 0.054693 -0.027377
v -0.013382 0.054087 -0.023291
v -0.014983 0.054253 -0.022005
v -0.012415 0.054630 -0.021480
v -0.010414 0.054819 -0.021741
v -0.011785 0.053848 -0.020283
v -0.007178 0.054016 -0.018562
v -0.007127 0.054933 -0.020125
v -0.012089 0.054438 -0.023774
v -0.013894 0.053117 -0.025344
v -0.005847 0.055022 -0.021875
v 0.005196 0.046404 -0.035942
v 0.007324 0.044881 -0.037186
v 0.005148 0.046336 -0.037109
v 0.005905 0.046854 -0.038244
v 0.007042 0.045329 -0.035225
v 0.002636 0.049512 -0.034011
v 0.002358 0.047563 -0.035966
v 0.001294 0.050810 -0.034268
v 0.003015 0.048273 -0.037843
v 0.005590 0.042951 -0.031139
v 0.003946 0.045342 -0.030968
v 0.005581 0.044999 -0.029509
v 0.006661 0.043160 -0.029177
v 0.007177 0.042343 -0.031214
v 0.006569 0.042909 -0.034218
v 0.003322 0.051387 -0.032945
v 0.005948 0.046467 -0.034476
v 0.009123 0.043670 -0.036483
v 0.008365 0.043179 -0.033747
v 0.008503 0.043110 -0.035481
v 0.008159 0.044431 -0.032074
v 0.008292 0.044467 -0.030643
v -0.005503 0.055235 -0.029644
v -0.003383 0.054077 -0.029020
v -0.001899 0.054090 -0.029956
v -0.003080 0.053852 -0.032525
v -0.001517 0.054625 -0.027928
v -0.001261 0.053674 -0.026502
v -0.000829 0.053546 -0.028694
v 0.002477 0.051740 -0.026639
v -0.000230 0.053703 -0.024519
v 0.001095 0.052187 -0.030386
v 0.001595 0.051428 -0.032540
v 0.001511 0.053084 -0.027870
v 0.002564 0.050621 -0.029551
v 0.004163 0.051373 -0.031808
v 0.003177 0.050208 -0.030952
v 0.003249 0.048676 -0.029257
v 0.003284 0.047658 -0.031365
v 0.004596 0.049906 -0.031607
v 0.005552 0.049447 -0.033613
v 0.004891 0.047766 -0.028762
v 0.004825 0.050438 -0.027925
v 0.004573 0.046895 -0.027280
v 0.005998 0.044296 -0.027512
v 0.003609 0.051183 -0.028864
v -0.004324 0.054401 -0.023249
v -0.012171 0.054642 -0.018726
v 0.005421 0.044759 -0.032341
v -0.000734 0.052595 -0.032343
v -0.008778 0.039510 -0.047606
v -0.007436 0.038172 -0.048441
v -0.008639 0.035424 -0.049817
v -0.005691 0.037413 -0.049262
v -0.005711 0.033566 -0.051205
v -0.000874 0.037128 -0.049404
v -0.007673 0.040968 -0.046166
v -0.001820 0.042425 -0.045850
v -0.001715 0.039579 -0.047731
v 0.003784 0.032311 -0.051377
v 0.004694 0.030758 -0.052060
v 0.003136 0.030318 -0.051662
v 0.003467 0.032752 -0.050302
v 0.001891 0.033981 -0.051141
v 0.002802 0.034217 -0.049532
v 0.004663 0.034829 -0.048753
v 0.006056 0.033894 -0.048731
v 0.007205 0.034297 -0.049803
v 0.006128 0.035632 -0.048889
v 0.001428 0.040280 -0.047175
v 0.003349 0.036893 -0.049465
v 0.004510 0.039430 -0.047464
v 0.006905 0.036545 -0.048179
v -0.008318 0.042162 -0.045473
v 0.001213 0.043757 -0.045017
v 0.004197 0.041462 -0.046471
v 0.002653 0.043044 -0.044468
v 0.004704 0.041303 -0.044988
v 0.004247 0.043077 -0.043077
v 0.006411 0.042246 -0.043497
v 0.006975 0.039159 -0.045242
v 0.007756 0.036707 -0.045940
v 0.009451 0.037533 -0.044952
v 0.007926 0.034040 -0.048213
v 0.009639 0.033506 -0.049875
v 0.007480 0.037713 -0.046855
v -0.002037 0.046803 -0.042851
v -0.000498 0.047913 -0.040493
v -0.001007 0.046028 -0.042107
v -0.002462 0.048586 -0.040926
v 0.001177 0.043714 -0.043450
v -0.000539 0.044766 -0.042472
v 0.000687 0.045628 -0.041770
v 0.001858 0.046645 -0.040661
v -0.000011 0.049606 -0.039760
v 0.000880 0.048443 -0.038996
v 0.002822 0.045988 -0.041496
v 0.005307 0.046036 -0.041014
v 0.007258 0.043658 -0.041252
v 0.006120 0.046095 -0.039821
v 0.004426 0.047020 -0.039205
v -0.018093 0.044156 -0.040666
v -0.020763 0.047115 -0.035168
v -0.017948 0.046311 -0.038321
v -0.026389 0.046886 -0.030789
v -0.022587 0.048020 -0.032316
v -0.018886 0.049498 -0.033390
v -0.026649 0.048574 -0.028626
v -0.023471 0.049431 -0.029747
v -0.024045 0.049683 -0.027321
v -0.020979 0.051159 -0.028224
v -0.018646 0.051468 -0.028597
v -0.019277 0.050469 -0.031573
v -0.023129 0.049751 -0.026026
v -0.021094 0.049898 -0.026334
v -0.020438 0.052632 -0.025807
v -0.018203 0.053151 -0.026836
v -0.021064 0.050769 -0.025806
v -0.019200 0.053795 -0.024203
v -0.012667 0.042123 -0.044255
v -0.010022 0.045990 -0.041848
v -0.014204 0.047511 -0.038980
v -0.015286 0.049764 -0.035492
v -0.010314 0.051813 -0.036147
v -0.011192 0.050066 -0.036800
v -0.008126 0.045687 -0.042347
v -0.009036 0.048479 -0.039333
v -0.006489 0.051087 -0.037057
v -0.006881 0.049772 -0.038955
v -0.004791 0.052796 -0.035218
v -0.002600 0.050562 -0.038371
v -0.017255 0.050690 -0.029527
v -0.017918 0.051603 -0.030192
v -0.016002 0.051286 -0.032923
v -0.015726 0.051883 -0.030326
v -0.017554 0.052708 -0.028578
v -0.015674 0.053345 -0.027612
v -0.016744 0.053330 -0.025294
v -0.013683 0.053020 -0.029761
v -0.011831 0.052630 -0.033528
v -0.011678 0.052539 -0.031378
v -0.011256 0.052883 -0.029337
v -0.011115 0.053461 -0.032072
v -0.008384 0.054277 -0.031182
v -0.016338 0.054269 -0.024865
v -0.001583 0.049775 -0.035725
v -0.003221 0.051233 -0.036463
v 0.000387 0.048185 -0.036711
v 0.000332 0.050064 -0.034798
v -0.001465 0.052437 -0.034450
v -0.015590 0.051290 -0.028152
v 0.035992 0.013305 -0.041286
v 0.038164 0.017956 -0.039681
v 0.038249 0.012812 -0.038856
v 0.040361 0.013902 -0.037172
v 0.040037 0.016930 -0.037378
v 0.038629 0.020152 -0.038615
v 0.040468 0.018634 -0.038039
v 0.040851 0.014666 -0.037424
v 0.027192 0.025217 -0.046555
v 0.028268 0.020564 -0.047551
v 0.023472 0.021521 -0.050153
v 0.033354 0.022782 -0.042880
v 0.031667 0.015089 -0.044994
v 0.034667 0.020201 -0.042517
v 0.035124 0.021876 -0.041477
v 0.031083 0.025755 -0.043936
v 0.033917 0.027132 -0.041355
v 0.033882 0.024404 -0.040101
v 0.031909 0.025935 -0.041655
v 0.027760 0.027380 -0.044185
v 0.029466 0.027263 -0.042602
v 0.028381 0.027095 -0.045292
v 0.030172 0.029248 -0.043534
v 0.035941 0.027943 -0.039517
v 0.032299 0.033158 -0.040354
v 0.036030 0.022101 -0.040211
v 0.039081 0.021435 -0.039129
v 0.041840 0.026245 -0.035403
v 0.037645 0.029939 -0.037466
v 0.036115 0.024005 -0.040806
v 0.018933 0.026992 -0.050233
v 0.013601 0.024290 -0.053341
v 0.013196 0.026652 -0.052377
v 0.012779 0.030020 -0.050880
v 0.015361 0.033625 -0.046866
v 0.012080 0.035684 -0.046306
v 0.014740 0.033431 -0.045904
v 0.016919 0.031318 -0.047070
v 0.015155 0.033311 -0.048129
v 0.017879 0.032213 -0.047967
v 0.015965 0.032278 -0.049252
v 0.018426 0.029640 -0.046487
v 0.021301 0.030493 -0.047506
v 0.020085 0.030980 -0.046879
v 0.023780 0.028089 -0.047418
v 0.012338 0.033357 -0.049624
v 0.013821 0.032260 -0.048794
v 0.010834 0.033705 -0.047895
v 0.010800 0.038364 -0.043801
v 0.015029 0.035656 -0.043939
v 0.012793 0.036793 -0.045197
v 0.018888 0.031046 -0.044550
v 0.024473 0.031307 -0.042068
v 0.021845 0.027841 -0.046106
v 0.023061 0.029485 -0.046696
v 0.026952 0.029459 -0.043185
v 0.023750 0.027086 -0.045682
v 0.025362 0.027929 -0.045337
v 0.027918 0.030347 -0.041167
v 0.025662 0.032708 -0.040783
v 0.027260 0.033519 -0.042233
v 0.028437 0.031717 -0.041193
v 0.028532 0.031590 -0.043876
v 0.018529 0.034495 -0.042965
v 0.020945 0.034316 -0.041722
v 0.023009 0.034510 -0.041528
v 0.020187 0.035893 -0.041862
v 0.017002 0.035759 -0.042813
v 0.021843 0.036534 -0.044200
v 0.020771 0.037591 -0.045550
v 0.022660 0.037129 -0.045534
v 0.024652 0.036291 -0.042593
v 0.025371 0.036840 -0.043677
v 0.028212 0.035206 -0.042788
v 0.011019 0.040767 -0.042088
v 0.012833 0.038061 -0.041892
v 0.012717 0.039531 -0.042500
v 0.012877 0.039886 -0.040847
v 0.015028 0.037345 -0.041944
v 0.014896 0.038641 -0.040294
v 0.017709 0.037065 -0.041354
v 0.018129 0.036995 -0.040005
v 0.019816 0.038379 -0.042467
v 0.018111 0.040581 -0.041469
v 0.018538 0.039710 -0.043346
v 0.018231 0.041470 -0.043290
v 0.019451 0.043121 -0.044399
v 0.019956 0.044793 -0.042511
v 0.022251 0.040227 -0.043464
v 0.023728 0.043527 -0.039703
v 0.024714 0.039840 -0.042068
v 0.027374 0.039249 -0.040302
v 0.027804 0.037124 -0.042292
v 0.031700 0.036351 -0.038423
v 0.030178 0.039499 -0.037036
v 0.011460 0.041408 -0.039600
v 0.010623 0.042349 -0.037836
v 0.012832 0.042992 -0.037220
v 0.014890 0.042234 -0.036978
v 0.014175 0.039977 -0.038381
v 0.013212 0.040120 -0.039755
v 0.016706 0.039338 -0.038413
v 0.010804 0.042528 -0.034936
v 0.012444 0.045103 -0.036530
v 0.013937 0.045054 -0.036113
v 0.012096 0.043627 -0.035159
v 0.015281 0.043612 -0.037041
v 0.015495 0.045588 -0.035865
v 0.018589 0.041310 -0.040112
v 0.018080 0.039912 -0.039552
v 0.018805 0.043947 -0.041269
v 0.018984 0.045859 -0.039413
v 0.018377 0.045898 -0.040506
v 0.018604 0.044098 -0.037872
v 0.020020 0.046525 -0.040817
v 0.019185 0.042244 -0.041021
v 0.017185 0.043213 -0.036283
v 0.018504 0.042004 -0.037115
v 0.018880 0.046794 -0.036875
v 0.019643 0.045150 -0.036232
v 0.016458 0.049085 -0.038688
v 0.017957 0.047407 -0.038659
v 0.026651 0.043950 -0.035868
v 0.028376 0.044082 -0.034038
v 0.029874 0.043095 -0.033412
v 0.032746 0.039199 -0.035377
v 0.022140 0.047099 -0.037430
v 0.036520 0.035558 -0.034787
v 0.018723 0.048554 -0.039501
v 0.018009 0.045183 -0.035656
v 0.013493 0.048950 -0.034445
v 0.015306 0.047991 -0.034355
v 0.013319 0.047140 -0.035358
v 0.014744 0.049886 -0.033687
v 0.011990 0.049151 -0.033197
v 0.010692 0.044595 -0.034543
v 0.011926 0.046502 -0.032631
v 0.011815 0.046177 -0.035445
v 0.013862 0.048872 -0.030122
v 0.011201 0.046158 -0.031423
v 0.014975 0.051448 -0.032128
v 0.012303 0.049263 -0.028458
v 0.009108 0.046681 -0.028876
v 0.010140 0.047233 -0.027172
v 0.011303 0.049330 -0.026557
v 0.013325 0.051489 -0.025790
v 0.015340 0.050771 -0.026949
v 0.015909 0.050358 -0.029137
v 0.016139 0.050808 -0.033623
v 0.011053 0.051886 -0.023230
v 0.009821 0.052480 -0.019488
v 0.011547 0.053109 -0.019712
v 0.012933 0.051338 -0.022791
v 0.013163 0.052445 -0.020795
v 0.015206 0.052258 -0.022167
v 0.015564 0.053102 -0.026048
v 0.015630 0.053777 -0.023982
v 0.017860 0.049198 -0.032404
v 0.017085 0.046502 -0.034607
v 0.017823 0.050849 -0.032986
v 0.019549 0.048946 -0.033700
v 0.018936 0.046906 -0.035239
v 0.017348 0.051249 -0.036577
v 0.017551 0.049702 -0.036362
v 0.018508 0.051773 -0.033007
v 0.024026 0.048482 -0.032760
v 0.024056 0.049290 -0.030465
v 0.025874 0.046669 -0.032624
v 0.025134 0.049977 -0.028671
v 0.027511 0.048655 -0.027725
v 0.028143 0.046796 -0.028929
v 0.021047 0.050861 -0.033764
v 0.023966 0.050004 -0.031214
v 0.016574 0.053464 -0.030314
v 0.017456 0.052180 -0.029242
v 0.016282 0.052460 -0.027455
v 0.017670 0.053298 -0.031731
v 0.018930 0.053069 -0.028118
v 0.019893 0.053337 -0.030335
v 0.021069 0.053504 -0.027347
v 0.022150 0.051839 -0.030358
v 0.017830 0.053771 -0.026817
v 0.017251 0.052271 -0.022830
v 0.018126 0.053081 -0.024012
v 0.019006 0.052793 -0.025301
v 0.022717 0.051976 -0.026718
v 0.012692 0.053074 -0.018219
v 0.015474 0.052787 -0.020593
v 0.015201 0.012235 0.044540
v 0.013448 0.008472 0.042807
v 0.019618 0.007438 0.038726
v 0.023985 0.008344 0.037015
v 0.021383 0.004997 0.033659
v 0.022261 0.010979 0.039854
v 0.003345 0.014626 0.049128
v 0.008178 0.014284 0.048078
v 0.004752 0.018670 0.049730
v 0.011110 0.016952 0.047591
v 0.008393 0.011167 0.046382
v 0.013938 0.017575 0.046432
v 0.018723 0.014807 0.043251
v 0.021536 0.014901 0.041099
v 0.019619 0.019465 0.042597
v 0.014712 0.023336 0.045356
v 0.009819 0.021403 0.048352
v 0.018205 0.022271 0.043373
v 0.020983 0.017644 0.041099
v 0.018968 0.022620 0.041782
v 0.021557 0.020429 0.041617
v 0.023123 0.015943 0.040816
v 0.024358 0.017654 0.039317
v 0.019415 0.024000 0.041759
v 0.020407 0.026886 0.041296
v 0.017690 0.026751 0.043167
v 0.018229 0.026831 0.041240
v 0.019089 0.029448 0.040434
v 0.020400 0.029841 0.039865
v 0.027089 0.019795 0.037835
v 0.024636 0.023077 0.038942
v 0.023746 0.028339 0.038254
v 0.018460 0.029084 0.041790
v 0.025787 0.003055 0.023520
v 0.024314 0.003728 0.019899
v 0.029459 0.003048 0.018745
v 0.023678 0.003717 0.029830
v 0.028283 0.003655 0.025295
v 0.030489 0.007769 0.031222
v 0.026082 0.006555 0.033337
v 0.032100 0.012731 0.033226
v 0.028133 0.011840 0.036230
v 0.033777 0.006417 0.025032
v 0.035122 0.008729 0.027493
v 0.033562 0.012111 0.031393
v 0.038298 0.009251 0.023926
v 0.032977 0.015100 0.032580
v 0.037644 0.013634 0.027641
v 0.033549 0.016205 0.031455
v 0.036975 0.015741 0.027835
v 0.037141 0.017995 0.029032
v 0.028191 0.024866 0.036007
v 0.027186 0.028620 0.035558
v 0.032464 0.018686 0.033620
v 0.031634 0.022326 0.033785
v 0.035015 0.022647 0.030674
v 0.028883 0.015756 0.036537
v 0.029785 0.017331 0.034808
v 0.029361 0.028907 0.033881
v 0.029054 0.032173 0.032395
v 0.033126 0.026460 0.031457
v 0.032373 0.030644 0.030465
v 0.036222 0.025936 0.028637
v 0.030412 0.035051 0.029557
v 0.026016 0.036707 0.032670
v 0.025758 0.032566 0.034851
v -0.004950 0.028415 0.050427
v -0.010582 0.025648 0.050577
v -0.008736 0.021162 0.050902
v -0.002726 0.021082 0.050939
v -0.001439 0.015766 0.049932
v 0.005031 0.023842 0.049745
v -0.000153 0.023485 0.050754
v 0.000241 0.026987 0.050187
v 0.005871 0.026559 0.048910
v 0.008722 0.026648 0.047872
v -0.000653 0.033423 0.048752
v 0.005693 0.032644 0.047304
v 0.011272 0.030632 0.045509
v 0.010323 0.033497 0.044868
v 0.003943 0.038255 0.045246
v 0.007183 0.040166 0.042647
v 0.011751 0.026461 0.046513
v 0.013342 0.034723 0.042611
v 0.016921 0.031297 0.040372
v 0.016624 0.032324 0.041686
v 0.015955 0.033334 0.039500
v 0.014915 0.035973 0.040676
v 0.016845 0.034580 0.038860
v 0.019391 0.033137 0.039453
v 0.015451 0.037819 0.037127
v 0.014413 0.036235 0.038857
v 0.016998 0.036477 0.038785
v 0.015272 0.040168 0.037223
v 0.019937 0.038276 0.035902
v 0.011138 0.038965 0.038641
v 0.012139 0.038703 0.038039
v 0.013889 0.038169 0.039644
v 0.012457 0.039706 0.040285
v 0.010079 0.040204 0.037125
v 0.009660 0.040161 0.038078
v 0.013278 0.040238 0.036596
v 0.011832 0.041869 0.035914
v 0.009410 0.042334 0.039846
v 0.013903 0.041634 0.035882
v 0.014451 0.043108 0.035694
v 0.016190 0.042257 0.035577
v 0.012178 0.044743 0.033495
v 0.013684 0.043356 0.034230
v 0.014927 0.044878 0.033445
v 0.021537 0.043030 0.031032
v 0.017552 0.045991 0.030559
v 0.022574 0.034498 0.036213
v 0.025492 0.041255 0.029626
v 0.020963 0.045130 0.029263
v 0.019218 0.047028 0.027455
v 0.021888 0.046117 0.026934
v 0.024118 0.043320 0.028478
v 0.025035 0.044289 0.027023
v 0.014315 0.048148 0.029059
v 0.016923 0.048933 0.025796
v 0.016533 0.049762 0.023762
v 0.021227 0.049153 0.021945
v 0.025840 0.045522 0.023834
v 0.008680 0.041065 0.038063
v -0.027488 0.004714 0.019549
v -0.030991 0.005211 0.020392
v -0.029856 0.005141 0.014987
v -0.033611 0.005553 0.022442
v -0.030071 0.005523 0.023936
v -0.026570 0.005635 0.027190
v -0.025439 0.004669 0.024797
v -0.031253 0.005541 0.028979
v -0.022656 0.005274 0.034408
v -0.027490 0.006169 0.034581
v -0.023519 0.004222 0.019797
v -0.020619 0.003626 0.026983
v -0.022270 0.005164 0.031290
v -0.019595 0.003722 0.031266
v -0.017967 0.004787 0.036020
v -0.015748 0.002798 0.030583
v -0.013941 0.003157 0.024575
v -0.011039 0.002578 0.033337
v -0.009265 0.002612 0.028337
v -0.006510 0.002575 0.030887
v -0.014544 0.003728 0.036918
v -0.011535 0.003816 0.039270
v -0.008012 0.002693 0.037574
v -0.019225 0.005433 0.038427
v -0.019548 0.006806 0.041875
v -0.028945 0.007895 0.037020
v -0.023610 0.009156 0.042624
v -0.014016 0.004975 0.041104
v -0.004026 0.002612 0.034427
v -0.017225 0.012764 0.047672
v -0.018193 0.008246 0.044275
v -0.014453 0.010360 0.047044
v -0.011446 0.007157 0.044913
v -0.008964 0.012644 0.048879
v -0.004828 0.004683 0.041375
v -0.008523 0.005777 0.043560
v -0.003141 0.003714 0.039107
v -0.000119 0.006318 0.043536
v -0.006919 0.008198 0.046033
v -0.002846 0.008259 0.046055
v -0.001265 0.012325 0.048688
v -0.012957 0.017048 0.049719
v -0.004852 0.014752 0.049863
v 0.005333 0.003714 0.038753
v 0.000293 0.002705 0.036103
v 0.004045 0.006721 0.042634
v 0.004313 0.007537 0.044156
v 0.009387 0.006447 0.041615
v 0.010204 0.008156 0.043563
v 0.003177 0.010021 0.046607
v -0.020411 0.005118 0.009303
v -0.015256 0.005061 0.005623
v -0.015522 0.005034 0.011098
v -0.025083 0.004065 0.016774
v -0.023021 0.005130 0.013294
v -0.021069 0.004514 0.016146
v -0.017885 0.004139 0.016987
v -0.006384 0.005268 0.007751
v -0.008813 0.005082 0.001145
v -0.002514 0.005380 0.003730
v -0.009640 0.004996 0.010840
v -0.011389 0.004012 0.017223
v -0.007237 0.004497 0.014149
v -0.008596 0.003900 0.019934
v -0.005307 0.003919 0.018216
v -0.001903 0.004230 0.013942
v -0.002168 0.003508 0.020477
v 0.000021 0.003618 0.018113
v 0.000975 0.004973 0.008844
v -0.017643 0.003626 0.021743
v -0.008360 0.003331 0.023037
v -0.004752 0.002444 0.022397
v 0.002822 0.005407 0.003878
v 0.002804 0.004102 0.013827
v 0.003423 0.004441 0.011078
v 0.007108 0.004377 0.010764
v 0.002424 0.003085 0.018236
v -0.003390 0.005213 -0.000808
v -0.001512 0.002938 0.025679
v -0.000989 0.003146 0.023148
v -0.003190 0.002613 0.028340
v 0.000466 0.002742 0.029681
v 0.024622 0.003323 0.016318
v 0.020600 0.003605 0.017433
v 0.003583 0.002381 0.027806
v 0.005491 0.002431 0.035149
v 0.006982 0.002103 0.031392
v 0.010764 0.002379 0.033490
v 0.014057 0.003303 0.034860
v 0.018296 0.004317 0.033581
v 0.018199 0.004130 0.031594
v 0.020075 0.004137 0.032317
v 0.017937 0.003160 0.031928
v 0.014263 0.005819 0.039348
v -0.039713 0.007661 0.027762
v -0.039140 0.006069 0.024604
v -0.035497 0.005480 0.025381
v -0.039078 0.008895 0.030229
v -0.034510 0.006779 0.031335
v -0.045971 0.016972 0.028453
v -0.043286 0.018644 0.031565
v -0.044295 0.011803 0.027116
v -0.042734 0.014543 0.030998
v -0.043071 0.023925 0.031705
v -0.039117 0.011682 0.033112
v -0.038000 0.020513 0.036844
v -0.039211 0.016204 0.035066
v -0.033207 0.015584 0.039803
v -0.035419 0.012251 0.036622
v -0.035692 0.009441 0.034093
v -0.031542 0.010546 0.038015
v -0.030474 0.011594 0.040036
v -0.043042 0.033591 0.026663
v -0.046439 0.028903 0.025642
v -0.042728 0.029854 0.029769
v -0.037521 0.024327 0.037367
v -0.039101 0.026113 0.035007
v -0.036752 0.023967 0.036637
v -0.036677 0.026573 0.037067
v -0.036247 0.022442 0.038287
v -0.038200 0.029885 0.034319
v -0.037962 0.027634 0.034188
v -0.036283 0.029242 0.035547
v -0.034292 0.026090 0.039339
v -0.033589 0.030769 0.037360
v -0.033703 0.020622 0.040454
v -0.029675 0.022264 0.043407
v -0.028049 0.026617 0.043915
v -0.026685 0.016708 0.044809
v -0.030203 0.028745 0.041486
v -0.024445 0.020803 0.046738
v -0.026377 0.024688 0.045399
v -0.021751 0.022774 0.047925
v -0.020910 0.017325 0.047943
v -0.037604 0.031692 0.033952
v -0.038437 0.033120 0.032310
v -0.039810 0.033989 0.029978
v -0.027935 0.033330 0.039698
v -0.030972 0.032735 0.039101
v -0.029234 0.033553 0.040842
v -0.029528 0.034570 0.038030
v -0.026900 0.035460 0.042186
v -0.024809 0.037558 0.040015
v -0.027469 0.035092 0.039340
v -0.025107 0.034971 0.041092
v -0.032781 0.032854 0.036116
v -0.032440 0.035030 0.036732
v -0.034941 0.032927 0.035839
v -0.035144 0.036022 0.032993
v -0.033861 0.039312 0.031033
v -0.037004 0.037247 0.030478
v -0.031797 0.039071 0.033089
v -0.029703 0.037143 0.037772
v -0.039109 0.039500 0.026361
v -0.041032 0.038498 0.024834
v -0.039758 0.036735 0.027975
v -0.038935 0.035479 0.030357
v -0.040602 0.040972 0.021405
v -0.038166 0.040289 0.025059
v -0.038399 0.041779 0.023138
v -0.036890 0.041170 0.026365
v -0.035362 0.039815 0.029826
v -0.034493 0.042688 0.027967
v -0.033290 0.042232 0.029621
v -0.032215 0.039712 0.030475
v -0.035134 0.042378 0.025327
v -0.033394 0.041132 0.026619
v -0.034272 0.041531 0.025007
v -0.032461 0.041687 0.027447
v -0.030413 0.033020 0.037412
v -0.027504 0.036404 0.039688
v -0.030948 0.040997 0.030383
v -0.027545 0.040462 0.035850
v -0.028305 0.042870 0.032958
v -0.025311 0.039253 0.040062
v -0.023920 0.038845 0.039584
v -0.024392 0.042171 0.037171
v -0.025865 0.043644 0.033402
v -0.021466 0.043829 0.036535
v -0.030805 0.042041 0.028857
v -0.029443 0.042687 0.028621
v -0.029836 0.042320 0.031155
v -0.027948 0.042951 0.031413
v -0.026589 0.044304 0.030975
v -0.021185 0.046001 0.034318
v -0.035954 0.043509 0.023254
v -0.026771 0.031002 0.043577
v -0.023858 0.033697 0.044391
v -0.024176 0.029383 0.045631
v -0.020268 0.031394 0.046674
v -0.024098 0.036286 0.043576
v -0.025373 0.035066 0.042479
v -0.019668 0.026524 0.048251
v -0.015555 0.021610 0.049934
v -0.013870 0.028448 0.049581
v -0.019263 0.034030 0.046401
v -0.016075 0.030543 0.048347
v -0.012778 0.033473 0.047910
v -0.021994 0.037392 0.043779
v -0.016681 0.036372 0.046121
v -0.018888 0.039919 0.043292
v -0.008758 0.031470 0.049461
v -0.004321 0.033197 0.049334
v -0.007850 0.034961 0.048045
v -0.016394 0.039177 0.044553
v -0.011012 0.039208 0.045563
v -0.005814 0.041643 0.044647
v -0.022955 0.036268 0.041941
v -0.021562 0.038134 0.041751
v -0.020461 0.040219 0.041521
v -0.018487 0.041683 0.039170
v -0.021965 0.041447 0.039490
v -0.020784 0.040188 0.039324
v -0.015244 0.042295 0.042136
v -0.016234 0.043217 0.040507
v -0.017795 0.043351 0.039266
v -0.016821 0.043974 0.038481
v -0.015502 0.046084 0.037208
v -0.012366 0.046065 0.038854
v -0.012326 0.042346 0.042686
v -0.008766 0.043065 0.042730
v -0.028838 0.047211 0.025419
v -0.029915 0.045091 0.025971
v -0.027318 0.046725 0.026806
v -0.027227 0.044497 0.028941
v -0.025097 0.046435 0.028178
v -0.020503 0.048370 0.028654
v -0.023696 0.046273 0.029549
v -0.022574 0.046817 0.031327
v -0.022108 0.045794 0.029332
v -0.020751 0.044974 0.031751
v -0.018947 0.045560 0.031042
v -0.016839 0.049161 0.029514
v -0.034978 0.044593 0.021523
v -0.027239 0.048401 0.023910
v -0.026959 0.049193 0.022287
v -0.028971 0.047548 0.019844
v -0.034648 0.044903 0.018479
v -0.033877 0.047560 0.018010
v -0.033091 0.045559 0.018021
v -0.032418 0.047289 0.018007
v -0.032011 0.047617 0.016257
v -0.032718 0.045272 0.016666
v -0.031322 0.046483 0.015769
v -0.029235 0.047080 0.017143
v -0.030902 0.045514 0.018497
v -0.029639 0.047365 0.015191
v -0.028190 0.048109 0.014911
v -0.027276 0.049567 0.018832
v -0.026609 0.049463 0.016764
v -0.030537 0.048430 0.014742
v -0.026379 0.050563 0.015634
v -0.026610 0.051496 0.012294
v -0.027034 0.048891 0.013164
v -0.024271 0.051186 0.020884
v -0.025098 0.051854 0.016130
v -0.020682 0.052150 0.020413
v -0.019192 0.053605 0.017474
v -0.023288 0.049927 0.024487
v -0.021235 0.049041 0.027210
v -0.019870 0.050446 0.025374
v -0.017985 0.053168 0.018747
v -0.030081 0.046444 0.020722
v -0.016838 0.053316 0.020935
v -0.012937 0.052594 0.024837
v -0.023392 0.051701 0.011875
v -0.023108 0.051668 0.010745
v -0.025372 0.051513 0.010466
v -0.015238 0.055434 0.013250
v -0.017393 0.054927 0.014832
v -0.014224 0.055154 0.015989
v -0.014070 0.053981 0.017671
v -0.012965 0.055358 0.017565
v -0.012717 0.055916 0.012915
v -0.007850 0.056530 0.013542
v -0.010205 0.054800 0.019173
v -0.012346 0.054148 0.021424
v -0.010325 0.054630 0.021119
v -0.005885 0.055767 0.016823
v -0.004647 0.054964 0.019323
v -0.024126 0.052757 0.012196
v -0.021952 0.053930 0.012046
v -0.020569 0.052380 0.010201
v -0.019281 0.053093 0.009489
v -0.021138 0.054032 0.008523
v -0.017589 0.055258 0.007823
v -0.015670 0.054641 0.008455
v -0.020249 0.054574 0.011402
v -0.018860 0.054839 0.010860
v -0.016307 0.056055 0.010489
v -0.016034 0.056287 0.007355
v -0.014288 0.056033 0.006826
v -0.013353 0.056582 0.008285
v -0.008420 0.057139 0.011634
v -0.006682 0.059274 0.006924
v -0.010860 0.058622 0.006061
v -0.005849 0.057815 0.010358
v -0.003322 0.054828 0.018102
v -0.001813 0.054847 0.017467
v -0.001927 0.056663 0.015722
v -0.003505 0.056701 0.014655
v -0.000843 0.055616 0.014701
v -0.004825 0.057230 0.013194
v -0.002824 0.058363 0.009227
v -0.003461 0.056691 0.011822
v -0.001853 0.057116 0.010830
v -0.000981 0.056506 0.010414
v 0.001174 0.057453 0.011433
v -0.000381 0.057059 0.014910
v 0.000296 0.055681 0.013985
v 0.000524 0.059033 0.008200
v 0.000570 0.056918 0.010299
v 0.001504 0.057472 0.009089
v 0.002061 0.057179 0.014284
v 0.004248 0.057813 0.012024
v -0.002820 0.059406 0.006011
v -0.019096 0.055816 0.005638
v 0.001798 0.056086 0.016681
v -0.005708 0.053938 0.022765
v -0.015199 0.045713 0.033022
v -0.016206 0.046210 0.031760
v -0.017345 0.045295 0.033576
v -0.015603 0.043982 0.034259
v -0.017528 0.044613 0.035089
v -0.010685 0.044509 0.035027
v -0.012919 0.044132 0.035344
v -0.010537 0.044642 0.036733
v -0.009474 0.043044 0.037947
v -0.009481 0.045115 0.038010
v -0.007628 0.043194 0.039203
v -0.008353 0.045565 0.039325
v -0.006820 0.043469 0.037920
v -0.005237 0.044438 0.036495
v -0.005500 0.045659 0.037687
v -0.004850 0.044752 0.038660
v -0.012803 0.046665 0.033263
v -0.013759 0.044713 0.034692
v -0.012318 0.045495 0.036582
v -0.009968 0.046377 0.034474
v -0.007262 0.048671 0.032064
v -0.009849 0.048516 0.031169
v -0.008309 0.045463 0.034753
v -0.005120 0.046543 0.034977
v -0.006080 0.047659 0.032441
v -0.014766 0.048342 0.030395
v -0.013154 0.048437 0.031493
v -0.013170 0.050380 0.029646
v -0.009564 0.049932 0.031088
v -0.005756 0.049684 0.031009
v -0.005157 0.048253 0.032941
v -0.001164 0.044398 0.036194
v -0.002852 0.043690 0.037389
v -0.001497 0.044488 0.037206
v 0.000189 0.043365 0.036395
v 0.002565 0.044275 0.037362
v -0.003011 0.044913 0.040732
v 0.000422 0.041340 0.043603
v -0.002747 0.045523 0.039071
v 0.000105 0.045689 0.038549
v 0.005735 0.044539 0.038779
v 0.003002 0.043444 0.035820
v 0.005901 0.045084 0.034776
v 0.002510 0.045098 0.035797
v 0.004757 0.043685 0.036625
v 0.006653 0.043553 0.036434
v 0.003179 0.046389 0.034541
v 0.006202 0.046514 0.033778
v 0.007289 0.042329 0.036440
v 0.007564 0.044977 0.035036
v 0.006954 0.042483 0.038036
v 0.006709 0.048351 0.032890
v 0.008670 0.046084 0.033390
v 0.010765 0.045795 0.033932
v 0.012024 0.046659 0.032511
v 0.003125 0.053841 0.022353
v -0.001187 0.052660 0.026006
v 0.002507 0.052984 0.024985
v 0.006280 0.050884 0.028126
v 0.006476 0.052616 0.024388
v 0.000127 0.055456 0.018575
v 0.000440 0.054426 0.020924
v 0.004154 0.054852 0.019627
v -0.005358 0.052703 0.026463
v -0.006709 0.053293 0.024584
v -0.003436 0.049171 0.030251
v -0.002314 0.050423 0.030476
v -0.002177 0.048691 0.032591
v 0.000972 0.050208 0.031371
v 0.002174 0.048254 0.032230
v -0.005494 0.051226 0.029563
v 0.001178 0.051280 0.028424
v 0.000392 0.047810 0.033525
v 0.005120 0.050480 0.029919
v 0.009718 0.048964 0.030464
v 0.007711 0.052938 0.022934
v 0.010148 0.051460 0.023971
v 0.012498 0.050518 0.025419
v 0.009305 0.050590 0.027247
v 0.012104 0.049533 0.028308
v 0.008032 0.054900 0.018339
v 0.011444 0.053965 0.018932
v 0.012783 0.051719 0.022649
v 0.011386 0.055902 0.015633
v 0.006361 0.057899 0.013198
v 0.005175 0.057406 0.014807
v 0.009149 0.056638 0.015184
v -0.009756 0.052296 0.027867
v 0.013861 0.004508 -0.012302
v 0.018484 0.004458 -0.013019
v 0.020718 0.004008 -0.018188
v 0.023832 0.004218 -0.014788
v 0.029324 0.003826 -0.019015
v 0.027624 0.003804 -0.021833
v 0.030388 0.003902 -0.013410
v 0.032489 0.003729 -0.020372
v 0.024177 0.004419 -0.010941
v 0.022028 0.004633 -0.005957
v 0.027284 0.004269 -0.008178
v 0.032881 0.004041 -0.001898
v 0.028936 0.004153 -0.002424
v 0.035849 0.003711 -0.006099
v 0.035604 0.003520 -0.009439
v 0.035503 0.003650 -0.017793
v 0.039005 0.003583 -0.011006
v 0.001802 0.004842 -0.005276
v 0.007588 0.004181 -0.009135
v 0.003562 0.004508 -0.009517
v 0.007216 0.004456 -0.010838
v 0.008382 0.004787 -0.006730
v 0.010651 0.004546 -0.010401
v 0.001694 0.005381 -0.000248
v 0.005058 0.005204 -0.002839
v 0.008858 0.005193 -0.001549
v 0.013131 0.004691 -0.006370
v 0.012462 0.004776 -0.003581
v 0.011398 0.004454 -0.001725
v 0.013153 0.004844 0.000059
v 0.010339 0.005267 0.001689
v 0.012500 0.004792 0.006400
v 0.014111 0.004269 0.004039
v 0.016338 0.004446 0.002926
v 0.017742 0.004666 -0.004677
v 0.019309 0.004441 0.001686
v 0.016253 0.003997 0.011869
v 0.020824 0.004186 0.006278
v 0.033094 0.004155 0.001413
v 0.032064 0.003650 0.004801
v 0.029708 0.004144 0.003635
v 0.036215 0.004019 0.000447
v 0.021304 0.003944 0.009618
v 0.024802 0.004225 0.003884
v 0.028028 0.003737 0.010427
v 0.025549 0.003539 0.013497
v 0.032611 0.003643 0.007381
v 0.030772 0.003423 0.012779
v 0.035184 0.004451 0.017580
v 0.033107 0.003532 0.015997
v 0.036991 0.003541 0.009122
v 0.040392 0.003752 -0.003350
v 0.040447 0.003909 0.002048
v 0.037938 0.004925 0.013992
v 0.041489 0.005335 0.009655
v 0.040847 0.004004 0.006478
v 0.041968 0.006865 0.013021
v 0.044176 0.004794 -0.001740
v 0.044106 0.004557 -0.006969
v 0.046690 0.005744 -0.009233
v 0.048708 0.007220 -0.003405
v 0.045476 0.005525 0.001040
v 0.044909 0.005763 0.004350
v 0.048493 0.007690 0.001899
v 0.046974 0.007949 0.006576
v 0.043730 0.009408 0.015091
v 0.048928 0.010091 0.006649
v 0.048541 0.013496 0.011258
v 0.050921 0.010527 0.001507
v 0.051186 0.009301 -0.004261
v 0.052990 0.013161 -0.002083
v 0.052456 0.013874 0.002233
v 0.051030 0.013214 0.005515
v 0.052195 0.017556 0.002975
v 0.051252 0.019586 0.004576
v 0.051196 0.017496 0.007223
v 0.054134 0.017316 -0.003905
v 0.052973 0.019535 0.002393
v 0.043844 0.004470 -0.010866
v 0.042170 0.004278 -0.018091
v 0.046933 0.005759 -0.014105
v 0.047546 0.006511 -0.017626
v 0.044389 0.005338 -0.020375
v 0.046146 0.006848 -0.022776
v 0.050075 0.010720 -0.020614
v 0.048305 0.009884 -0.024879
v 0.049159 0.007500 -0.012608
v 0.051755 0.011049 -0.015040
v 0.052394 0.015652 -0.020165
v 0.049857 0.007314 -0.009267
v 0.052086 0.010905 -0.011305
v 0.053422 0.013103 -0.007489
v 0.053889 0.016008 -0.013142
v 0.050272 0.013952 -0.024499
v 0.050183 0.018754 -0.026337
v 0.051373 0.020025 -0.023531
v 0.053107 0.020689 -0.018458
v 0.053718 0.019042 -0.015384
v 0.037178 0.003263 -0.023479
v 0.039826 0.003950 -0.025331
v 0.039006 0.003684 -0.017397
v 0.041652 0.005540 -0.028216
v 0.041754 0.008384 -0.032570
v 0.045782 0.008667 -0.027818
v 0.045437 0.010571 -0.030486
v 0.043833 0.012362 -0.033568
v 0.042374 0.016051 -0.036392
v 0.044048 0.018825 -0.034745
v 0.046261 0.015754 -0.032106
v 0.041840 0.022432 -0.036618
v 0.045202 0.021499 -0.032914
v 0.048425 0.013700 -0.028405
v 0.046219 0.025268 -0.030574
v 0.048186 0.018429 -0.029725
v 0.038785 0.008087 -0.035054
v 0.043883 0.029035 -0.031627
v 0.047603 0.028632 -0.026606
v 0.039952 0.031523 -0.034414
v 0.028280 0.048590 -0.024997
v 0.028144 0.050241 -0.023284
v 0.029546 0.048094 -0.025687
v 0.030222 0.048881 -0.022036
v 0.032980 0.046245 -0.023312
v 0.040822 0.034152 -0.031572
v 0.036710 0.037717 -0.032944
v 0.041115 0.035451 -0.030210
v 0.035629 0.042492 -0.027541
v 0.034263 0.042514 -0.028924
v 0.034317 0.040192 -0.031542
v 0.036011 0.040895 -0.028275
v 0.036769 0.041536 -0.028417
v 0.036404 0.041236 -0.025621
v 0.039384 0.039784 -0.027210
v 0.036427 0.043622 -0.024381
v 0.037641 0.041997 -0.025684
v 0.044410 0.032946 -0.029018
v 0.042624 0.035014 -0.028372
v 0.031476 0.045562 -0.027885
v 0.036486 0.043718 -0.022953
v 0.036268 0.045152 -0.021109
v 0.036386 0.044687 -0.019867
v 0.038083 0.044165 -0.020170
v 0.038787 0.042531 -0.022688
v 0.040481 0.042571 -0.020511
v 0.037581 0.045885 -0.016736
v 0.039190 0.044759 -0.015008
v 0.041922 0.042190 -0.017178
v 0.026839 0.049109 -0.026062
v 0.035325 0.040088 -0.031841
v 0.054155 0.022585 -0.005286
v 0.053200 0.026763 -0.004881
v 0.053443 0.022197 -0.000449
v 0.053832 0.024898 -0.010033
v 0.054400 0.019841 -0.010178
v 0.053409 0.024409 -0.013753
v 0.050909 0.030111 -0.015619
v 0.051066 0.027569 -0.019349
v 0.051189 0.031622 -0.009770
v 0.050890 0.024074 -0.022761
v 0.048772 0.031955 -0.021220
v 0.049261 0.032745 -0.017041
v 0.046931 0.033087 -0.023927
v 0.052195 0.029090 -0.001423
v 0.049028 0.034317 -0.011769
v 0.050119 0.034008 -0.004185
v 0.048508 0.034589 -0.015289
v 0.048298 0.036300 -0.011846
v 0.047211 0.037451 -0.013665
v 0.048437 0.036790 -0.007796
v 0.041662 0.009324 0.018531
v 0.037245 0.006776 0.020950
v 0.040520 0.007834 0.016582
v 0.043374 0.011898 0.018655
v 0.045957 0.016324 0.016308
v 0.045040 0.013721 0.016886
v 0.050901 0.031108 0.001122
v 0.050560 0.028430 0.005572
v 0.052674 0.026048 0.000039
v 0.040296 0.015711 0.024833
v 0.039124 0.017188 0.025803
v 0.041688 0.017511 0.022700
v 0.041389 0.013233 0.022267
v 0.044337 0.018210 0.018608
v 0.044655 0.015546 0.017273
v 0.045217 0.019036 0.016621
v 0.044131 0.016222 0.019775
v 0.043937 0.020341 0.020094
v 0.039245 0.021888 0.026533
v 0.041819 0.022153 0.022999
v 0.042996 0.024920 0.020188
v 0.042907 0.021790 0.019760
v 0.043193 0.022973 0.017996
v 0.044130 0.022062 0.016881
v 0.040946 0.026635 0.022404
v 0.043659 0.019306 0.017641
v 0.044132 0.024271 0.015336
v 0.043142 0.025291 0.015968
v 0.044771 0.022941 0.016341
v 0.045951 0.019982 0.016741
v 0.047092 0.021570 0.014917
v 0.048924 0.017971 0.012171
v 0.049906 0.022944 0.009539
v 0.046704 0.025079 0.013911
v 0.044826 0.025958 0.014262
v 0.047467 0.026923 0.010929
v 0.048036 0.029140 0.009641
v 0.045344 0.028031 0.013455
v 0.049048 0.032792 0.003683
v 0.042968 0.028480 0.014563
v 0.043559 0.030129 0.012311
v 0.041838 0.030834 0.013623
v 0.042311 0.032996 0.010888
v 0.044319 0.031700 0.010963
v 0.044490 0.030441 0.012524
v 0.046598 0.030465 0.010792
v 0.042113 0.029665 0.017263
v 0.042891 0.026495 0.017736
v 0.041512 0.028031 0.016205
v 0.042957 0.028379 0.018665
v 0.041181 0.030204 0.019350
v 0.040302 0.031414 0.016786
v 0.040314 0.029779 0.016144
v 0.039080 0.032352 0.015668
v 0.039037 0.033050 0.017954
v 0.040250 0.030856 0.018499
v 0.039452 0.035477 0.015128
v 0.038928 0.034033 0.014152
v 0.040309 0.033598 0.012541
v 0.038976 0.035784 0.016877
v 0.039970 0.033839 0.018517
v 0.039067 0.038748 0.016381
v 0.038692 0.037831 0.013920
v 0.037877 0.036861 0.014905
v 0.040916 0.035837 0.013369
v 0.039377 0.034785 0.011510
v 0.040968 0.035559 0.012099
v 0.040097 0.037310 0.012116
v 0.037640 0.040906 0.015295
v 0.035342 0.041497 0.018319
v 0.037794 0.038247 0.016117
v 0.029110 0.042748 0.024976
v 0.033516 0.040871 0.021704
v 0.029406 0.044019 0.022709
v 0.031867 0.044387 0.019515
v 0.042832 0.034555 0.008983
v 0.040332 0.036903 0.009237
v 0.043826 0.034314 0.009612
v 0.043539 0.035042 0.007756
v 0.044260 0.035611 0.008205
v 0.045198 0.033635 0.008677
v 0.046583 0.033444 0.008319
v 0.048238 0.035783 0.000716
v 0.047621 0.038095 -0.005182
v 0.044750 0.041360 -0.007870
v 0.029824 0.050645 -0.014923
v 0.033714 0.048292 -0.014591
v 0.034292 0.046896 -0.017237
v 0.035454 0.046875 -0.015305
v 0.029701 0.051067 -0.019352
v 0.030538 0.049847 -0.017704
v 0.033729 0.047607 -0.019060
v 0.038377 0.046043 -0.011745
v 0.040920 0.043678 -0.014153
v 0.043276 0.042132 -0.012240
v 0.040717 0.045103 -0.009263
v 0.034559 0.050337 -0.008575
v 0.030940 0.052863 -0.008394
v 0.032448 0.052026 -0.006448
v 0.033377 0.051953 -0.004692
v 0.035291 0.050105 -0.005842
v 0.043250 0.040976 0.000377
v 0.041838 0.041712 -0.001079
v 0.041962 0.042334 0.001286
v 0.044402 0.041570 -0.002521
v 0.045124 0.040310 -0.000347
v 0.045388 0.038775 0.003351
v 0.046922 0.038441 -0.000554
v 0.044698 0.041799 -0.005464
v 0.036592 0.048962 -0.008107
v 0.035825 0.047768 -0.011915
v 0.037504 0.047781 -0.010334
v 0.039712 0.046958 -0.006110
v 0.037833 0.048214 -0.005242
v 0.031615 0.050421 -0.013189
v 0.031686 0.051409 -0.012066
v 0.035219 0.048344 -0.013781
v 0.034393 0.049336 -0.011160
v 0.032365 0.051248 -0.010044
v 0.042261 0.043924 -0.007207
v 0.041400 0.043933 -0.005148
v 0.043022 0.043473 -0.003906
v 0.041837 0.042403 -0.003402
v 0.038649 0.046059 -0.004408
v 0.034506 0.050283 -0.004344
v 0.032557 0.049904 -0.003302
v 0.033758 0.048880 -0.004682
v 0.035454 0.047394 -0.003650
v 0.036785 0.046874 -0.005363
v 0.037167 0.046476 -0.002820
v 0.038172 0.044684 -0.004149
v 0.038545 0.044675 -0.001687
v 0.039502 0.043836 -0.003683
v 0.040325 0.042660 -0.000138
v 0.034759 0.040576 0.008883
v 0.034838 0.041379 0.009981
v 0.036836 0.039130 0.010503
v 0.037471 0.039631 0.008267
v 0.036770 0.040552 0.010873
v 0.038215 0.038072 0.009620
v 0.038446 0.037766 0.010468
v 0.038425 0.039300 0.011790
v 0.036945 0.042403 0.012355
v 0.035599 0.042878 0.010413
v 0.036657 0.040369 0.012872
v 0.032714 0.042886 0.009505
v 0.032999 0.043070 0.007843
v 0.033838 0.043844 0.009878
v 0.034220 0.042056 0.007258
v 0.035582 0.042173 0.007129
v 0.033314 0.044598 0.010864
v 0.034243 0.046236 0.010602
v 0.035488 0.044938 0.011709
v 0.036334 0.045489 0.011496
v 0.037107 0.044612 0.012957
v 0.031089 0.043690 0.007309
v 0.029184 0.046182 0.006403
v 0.032082 0.044526 0.008635
v 0.032071 0.044339 0.006127
v 0.030315 0.046733 0.002836
v 0.029031 0.046150 0.003334
v 0.030437 0.046959 0.007256
v 0.032964 0.046278 0.007579
v 0.032735 0.046174 0.008995
v 0.033763 0.048641 0.008830
v 0.033916 0.046880 0.007705
v 0.031874 0.048438 0.007210
v 0.030379 0.049956 0.007113
v 0.031528 0.050531 0.007647
v 0.027520 0.047824 0.018137
v 0.034046 0.044397 0.016705
v 0.032365 0.047404 0.014875
v 0.035951 0.045252 0.014530
v 0.036882 0.047036 0.011931
v 0.031244 0.049854 0.013342
v 0.033400 0.048692 0.010529
v 0.032964 0.047400 0.010769
v 0.035160 0.047655 0.010751
v 0.034912 0.049163 0.011644
v 0.032432 0.049504 0.009422
v 0.032729 0.051508 0.010301
v 0.039320 0.038605 0.008016
v 0.040208 0.040332 0.006305
v 0.041198 0.037775 0.008405
v 0.043159 0.037783 0.005215
v 0.042367 0.038663 0.006065
v 0.043412 0.036595 0.006293
v 0.044481 0.037637 0.005133
v 0.044383 0.037393 0.007166
v 0.045468 0.037399 0.006832
v 0.033482 0.045239 0.004403
v 0.035317 0.043924 0.004766
v 0.037066 0.043378 0.003114
v 0.036234 0.044192 0.001737
v 0.036895 0.043405 0.005615
v 0.037113 0.044865 0.001287
v 0.038427 0.042407 0.005415
v 0.040615 0.041439 0.003216
v 0.030210 0.047477 0.001302
v 0.032715 0.047260 -0.001755
v 0.033995 0.046246 -0.001602
v 0.034390 0.047989 -0.001569
v 0.035091 0.047694 -0.000381
v 0.036491 0.042739 0.014589
v 0.029316 0.049042 0.014397
v 0.042482 0.040353 0.003285
v 0.005064 0.052601 -0.009229
v 0.007476 0.053012 -0.007590
v 0.005701 0.050646 -0.009401
v 0.007532 0.050689 -0.006933
v 0.007011 0.047564 -0.008287
v 0.007822 0.047448 -0.009411
v 0.007872 0.048525 -0.006412
v 0.008550 0.048783 -0.008097
v 0.009354 0.049342 -0.010091
v 0.009258 0.049023 -0.004556
v 0.010198 0.049954 -0.007289
v 0.011514 0.051152 -0.009032
v 0.006064 0.048658 -0.012388
v 0.005906 0.047236 -0.010315
v 0.008557 0.049644 -0.010846
v 0.008920 0.050860 -0.011749
v 0.011719 0.053544 -0.015743
v 0.010259 0.052116 -0.013708
v 0.012701 0.052390 -0.013472
v 0.013246 0.050503 -0.012145
v 0.014198 0.053241 -0.016463
v 0.015763 0.051877 -0.013682
v 0.017287 0.052201 -0.014764
v 0.014454 0.053798 -0.018540
v 0.017018 0.052617 -0.017533
v 0.012293 0.052371 -0.007034
v 0.013701 0.051641 -0.010835
v 0.013777 0.053340 -0.008689
v 0.013812 0.052488 -0.012165
v 0.014734 0.054153 -0.011567
v 0.016940 0.054128 -0.012566
v 0.015880 0.054281 -0.009768
v 0.017097 0.054905 -0.010432
v 0.018590 0.055263 -0.012269
v 0.010329 0.049574 -0.001592
v 0.011670 0.051398 -0.001654
v 0.013072 0.049718 -0.001405
v 0.014566 0.050908 -0.002327
v 0.011138 0.051158 -0.004671
v 0.014651 0.052061 -0.004806
v 0.009444 0.051604 -0.002699
v 0.008492 0.053749 -0.004813
v 0.009402 0.051763 0.000463
v 0.016265 0.054028 -0.005651
v 0.017036 0.051499 -0.000840
v 0.018810 0.055253 -0.006782
v 0.017999 0.053117 -0.002761
v 0.019047 0.051244 0.000110
v 0.015031 0.054628 -0.008158
v 0.019169 0.056248 -0.010774
v 0.018752 0.055955 -0.007755
v 0.003419 0.055789 -0.009959
v 0.006168 0.056100 -0.006566
v 0.003373 0.057124 -0.006646
v 0.022648 0.053337 -0.020284
v 0.024292 0.051901 -0.020197
v 0.023122 0.051365 -0.022359
v 0.026772 0.051493 -0.021920
v 0.024271 0.052938 -0.018635
v 0.026996 0.051409 -0.019207
v 0.022500 0.052695 -0.023852
v 0.026139 0.049903 0.001027
v 0.024247 0.049248 0.001147
v 0.024909 0.049355 0.002445
v 0.021525 0.055829 -0.010401
v 0.020669 0.054517 -0.008945
v 0.022083 0.054481 -0.009024
v 0.023023 0.056695 -0.008755
v 0.022091 0.053318 -0.006820
v 0.023193 0.054028 -0.007873
v 0.023898 0.055038 -0.007499
v 0.023186 0.052451 -0.007038
v 0.025279 0.055539 -0.007478
v 0.024493 0.052161 -0.007480
v 0.024116 0.055524 -0.009683
v 0.024819 0.052876 -0.005556
v 0.025955 0.057269 -0.008797
v 0.022914 0.057294 -0.010633
v 0.020444 0.056984 -0.012004
v 0.022230 0.058002 -0.013048
v 0.025108 0.057792 -0.011755
v 0.024786 0.057401 -0.009477
v 0.022356 0.054558 -0.017404
v 0.020965 0.053737 -0.016013
v 0.022863 0.056473 -0.014350
v 0.026053 0.055511 -0.014517
v 0.026667 0.052759 -0.016162
v 0.027657 0.057603 -0.010060
v 0.029173 0.052196 -0.014052
v 0.029439 0.053672 -0.012346
v 0.028411 0.056774 -0.008345
v 0.020250 0.052837 -0.003596
v 0.024093 0.052336 -0.004067
v 0.023404 0.052092 -0.002081
v 0.022695 0.049778 -0.000110
v 0.023417 0.050821 -0.000273
v 0.024818 0.050014 -0.000472
v 0.025428 0.050902 -0.002949
v 0.026199 0.053107 -0.005966
v 0.025088 0.054362 -0.006358
v 0.025647 0.051055 -0.004944
v 0.026895 0.052637 -0.003922
v 0.026206 0.051275 -0.002568
v 0.026936 0.051737 -0.001956
v 0.027101 0.049889 -0.000929
v 0.026657 0.051315 0.000708
v 0.026563 0.053321 -0.002080
v 0.026357 0.049885 -0.002524
v 0.027376 0.053476 -0.001110
v 0.026976 0.049852 0.000988
v 0.028193 0.050901 -0.001079
v 0.026611 0.055557 -0.004361
v 0.026883 0.054353 -0.003544
v 0.027713 0.055011 -0.002877
v 0.028469 0.053717 -0.002444
v 0.030257 0.055642 -0.003303
v 0.030854 0.053056 -0.002167
v 0.028730 0.056225 -0.005484
v 0.032471 0.052998 -0.003254
v 0.026459 0.055208 -0.005396
v 0.021559 0.051379 -0.021626
v 0.010941 0.052810 -0.000619
v 0.009093 0.053900 0.001883
v 0.011246 0.054412 0.001008
v 0.014590 0.055340 0.001080
v 0.015533 0.053030 0.000266
v 0.014065 0.056981 0.000603
v 0.017825 0.052252 0.000863
v 0.016387 0.054860 0.001563
v 0.016504 0.056212 0.001134
v 0.016238 0.058258 0.001918
v 0.018614 0.056090 0.001258
v -0.000165 0.060977 -0.003033
v -0.000602 0.059939 -0.003925
v -0.002663 0.061073 -0.000059
v 0.000023 0.060099 -0.001733
v -0.000506 0.061064 0.000959
v 0.002193 0.060483 -0.000944
v 0.002407 0.058861 -0.003104
v 0.005018 0.058747 -0.003136
v 0.004651 0.059647 -0.001555
v 0.007446 0.056571 -0.004203
v 0.006702 0.057881 -0.004228
v 0.005607 0.057575 0.000061
v 0.007420 0.055563 -0.002902
v 0.007430 0.055494 -0.000833
v 0.006845 0.056292 0.001901
v 0.005371 0.058345 0.002077
v 0.004375 0.058002 0.003941
v 0.009052 0.053362 -0.000335
v 0.007278 0.055378 0.004849
v 0.005722 0.056450 0.005630
v 0.010225 0.056405 0.002497
v 0.008553 0.056501 0.004817
v 0.010086 0.058028 0.001709
v 0.011750 0.055879 0.000599
v 0.002484 0.056437 0.009446
v 0.004786 0.056228 0.008464
v 0.003946 0.056590 0.006752
v -0.007715 0.060198 0.000878
v -0.006095 0.060576 0.004756
v -0.004033 0.061098 0.002220
v -0.002977 0.061139 0.002856
v 0.002062 0.059781 0.003961
v 0.000469 0.059992 0.004673
v 0.003442 0.057409 0.005481
v 0.002808 0.057659 0.008541
v -0.002697 0.060148 0.003483
v -0.000109 0.059731 0.003233
v 0.002830 0.059417 0.002275
v 0.006556 0.057584 0.007302
v 0.005122 0.058327 0.010752
v 0.008070 0.057781 0.005904
v 0.008855 0.059658 0.006527
v 0.008415 0.059098 0.008607
v 0.010806 0.060078 0.003153
v -0.004638 0.059708 -0.004037
v -0.000952 0.058034 -0.006620
v -0.008017 0.059731 -0.001113
v -0.000826 0.058840 0.006409
v 0.018206 0.052303 0.003736
v 0.019367 0.053698 0.004675
v 0.019864 0.050913 0.005127
v 0.018256 0.053751 0.016119
v 0.017868 0.055905 0.013513
v 0.014375 0.055616 0.015396
v 0.017619 0.052855 0.017725
v 0.022426 0.051832 0.015295
v 0.017589 0.055221 0.007057
v 0.016732 0.056514 0.008698
v 0.017409 0.055411 0.009188
v 0.018268 0.056583 0.005988
v 0.016244 0.055752 0.010696
v 0.016338 0.056536 0.012699
v 0.018234 0.054339 0.011219
v 0.019543 0.054854 0.008385
v 0.017284 0.057854 0.003869
v 0.015922 0.057856 0.006128
v 0.020610 0.054384 0.013592
v 0.024022 0.052096 0.014113
v 0.024025 0.053020 0.012102
v 0.026115 0.049596 0.016437
v 0.024319 0.051352 0.011661
v 0.027005 0.051313 0.012088
v 0.026102 0.052106 0.013073
v 0.025370 0.050986 0.010476
v 0.020544 0.053455 0.011180
v 0.020723 0.053472 0.009096
v 0.023142 0.051710 0.010381
v 0.023684 0.051823 0.008724
v 0.022387 0.053280 0.012032
v 0.017569 0.051863 0.019437
v 0.023204 0.049242 0.019741
v 0.020911 0.053530 0.004661
v 0.022332 0.050263 0.005983
v 0.021847 0.052056 0.004722
v 0.020894 0.052740 0.007200
v 0.023028 0.050498 0.004599
v 0.021205 0.054363 0.007014
v 0.022548 0.051987 0.007667
v 0.019986 0.056052 0.004224
v 0.019475 0.054528 0.003089
v 0.021062 0.056026 0.005141
v 0.024051 0.050591 0.006031
v 0.026547 0.049897 0.004697
v 0.024716 0.049175 0.006537
v 0.026180 0.050520 0.005854
v 0.026628 0.051509 0.004706
v 0.025294 0.051675 0.005677
v 0.025125 0.053280 0.006515
v 0.028036 0.052603 0.008396
v 0.027645 0.052863 0.006428
v 0.028680 0.051679 0.006639
v 0.026147 0.052826 0.009193
v 0.030226 0.052241 0.010548
v 0.019633 0.051173 0.002779
v -0.047989 0.032676 -0.013776
v -0.047536 0.032872 -0.016130
v -0.050341 0.033185 0.002074
v -0.046414 0.034948 -0.007836
v -0.047238 0.039574 0.003963
v -0.043409 0.041170 0.001772
v -0.035564 0.045813 -0.005759
v -0.041747 0.042173 0.000774
v -0.040427 0.042872 -0.012777
v -0.039430 0.043877 -0.012478
v -0.037123 0.047420 -0.018009
v -0.033090 0.046544 -0.005961
v -0.029187 0.045451 -0.007663
v -0.027576 0.046212 -0.010408
v -0.032756 0.039724 -0.033228
v -0.031692 0.043048 -0.032026
v -0.028749 0.043538 -0.033328
v -0.026081 0.047670 -0.026657
v -0.025970 0.047859 -0.024004
v -0.023164 0.047808 -0.027224
v -0.027464 0.046422 -0.012246
v -0.024678 0.049769 -0.011733
v -0.022414 0.049741 -0.013551
v -0.020274 0.050037 -0.015724
v -0.018891 0.053515 -0.016393
v -0.018648 0.051925 -0.016093
v -0.016363 0.054536 -0.019810
v -0.043884 0.034968 0.024792
v -0.040902 0.045130 0.001716
v -0.042815 0.042716 0.011918
v -0.033598 0.048032 -0.002278
v -0.031691 0.049251 0.014421
v -0.031176 0.048117 0.011339
v -0.030799 0.048158 0.013101
v -0.027273 0.048946 0.011238
v -0.023308 0.053691 0.007826
v -0.023256 0.052276 0.008858
v -0.022502 0.050033 -0.011270
v -0.020003 0.046518 -0.010735
v -0.018117 0.046232 -0.010587
v -0.018684 0.055074 0.004588
v -0.011378 0.056624 -0.003378
v -0.015139 0.057080 0.003911
v -0.015510 0.055784 0.002181
v -0.013123 0.058227 -0.000491
v -0.012256 0.058249 0.003698
v -0.015496 0.050449 -0.012055
v -0.006809 0.051516 -0.013284
v -0.004633 0.050328 -0.013053
v -0.007653 0.056551 -0.005079
v -0.005331 0.057424 -0.005303
v -0.015086 0.054228 -0.019021
v -0.011383 0.054850 -0.016753
v -0.007360 0.054098 -0.016910
v -0.007723 0.059725 -0.002984
v -0.002501 0.049780 -0.011796
v -0.003759 0.057208 -0.005682
v -0.000135 0.055595 -0.008877
v -0.034937 0.002095 -0.006104
v -0.043688 0.002238 -0.012860
v -0.050880 0.009401 0.010142
v -0.051222 0.010009 -0.016344
v -0.037945 0.021239 -0.039804
v -0.007228 0.002654 -0.026856
v -0.004176 0.009260 -0.053115
v 0.010055 0.024664 -0.053648
v 0.015816 0.022149 -0.053166
v 0.036290 0.010196 -0.038891
v -0.019406 0.026789 -0.051488
v -0.012681 0.039365 -0.046916
v -0.025017 0.044312 -0.035958
v -0.028728 0.043439 -0.034210
v -0.020634 0.016072 -0.051549
v 0.000923 0.052504 -0.024004
v 0.003286 0.050479 -0.024609
v -0.004068 0.054378 -0.020127
v 0.003348 0.050970 -0.011166
v 0.008055 0.051762 -0.015205
v -0.013252 0.051636 -0.026273
v -0.012663 0.052894 -0.026782
v -0.016887 0.054788 -0.022132
v 0.008783 0.043884 -0.038199
v 0.006424 0.044188 -0.040077
v 0.005769 0.045643 -0.038975
v 0.009367 0.043122 -0.039963
v 0.005657 0.028057 -0.052952
v 0.009998 0.027526 -0.052831
v 0.008799 0.039568 -0.044144
v 0.009075 0.040244 -0.042981
v 0.006635 0.041907 -0.042766
v -0.004986 0.048214 -0.040725
v 0.033532 0.023739 -0.041126
v 0.029023 0.029150 -0.042267
v 0.019157 0.036278 -0.040741
v 0.020047 0.037864 -0.043682
v 0.019352 0.040156 -0.044298
v 0.019709 0.041005 -0.045041
v 0.019476 0.038449 -0.039633
v 0.019501 0.037856 -0.040151
v 0.014208 0.046847 -0.036037
v 0.017692 0.048097 -0.036719
v 0.030402 0.044430 -0.031518
v 0.017895 0.051924 -0.021232
v 0.019692 0.052945 -0.021329
v 0.021018 0.053315 -0.023242
v 0.024212 0.052480 -0.024439
v 0.017395 0.052973 -0.019277
v 0.017697 0.026230 0.042176
v 0.025776 0.025407 0.037350
v 0.031630 0.003882 0.021630
v 0.030612 0.037702 0.027179
v 0.029588 0.039793 0.026977
v 0.001968 0.036301 0.046697
v 0.009871 0.044181 0.034062
v -0.023667 0.013421 0.045276
v 0.008919 0.004786 0.007892
v 0.010090 0.004067 0.013278
v 0.013589 0.004129 0.013119
v 0.003847 0.003208 0.020613
v -0.034243 0.031350 0.035267
v -0.032724 0.030964 0.036261
v -0.042096 0.036910 0.025688
v -0.035298 0.041600 0.023564
v -0.022360 0.038707 0.040147
v -0.032010 0.042427 0.025116
v -0.031454 0.043293 0.025662
v -0.024752 0.045354 0.030693
v -0.017992 0.045444 0.036500
v -0.020437 0.044922 0.033165
v -0.010397 0.044760 0.040809
v -0.001625 0.038080 0.046435
v -0.016073 0.047140 0.029970
v -0.009514 0.053020 0.025021
v -0.016288 0.053428 0.018473
v -0.015020 0.054543 0.019151
v -0.015201 0.056865 0.005616
v -0.010923 0.058407 0.000407
v 0.003023 0.056475 0.011050
v 0.003600 0.056937 0.009768
v -0.001342 0.046147 0.034392
v 0.000711 0.043956 0.035351
v 0.014806 0.053963 0.017348
v 0.013222 0.054986 0.015706
v 0.010003 0.058447 0.013076
v 0.019657 0.004587 -0.008985
v 0.023141 0.004484 -0.002679
v 0.018873 0.003865 0.013656
v 0.051960 0.022998 0.004993
v 0.044840 0.039794 -0.013495
v 0.045589 0.040375 -0.012802
v 0.046815 0.030554 -0.026688
v 0.046476 0.039115 -0.011132
v 0.042362 0.026097 0.018890
v 0.038265 0.037295 0.011464
v 0.036572 0.039116 0.014785
v 0.028905 0.045899 0.020075
v 0.046936 0.035383 0.004446
v 0.028828 0.050586 -0.020938
v 0.030982 0.050998 -0.003226
v 0.043847 0.039273 0.001868
v 0.033213 0.048925 -0.002721
v 0.035836 0.047036 -0.002099
v 0.036806 0.046512 0.000119
v 0.041136 0.042671 0.002370
v 0.026346 0.047609 0.020421
v 0.028252 0.049344 0.001175
v 0.028818 0.048962 0.005106
v 0.029603 0.049090 0.002564
v 0.028906 0.050324 0.005357
v 0.029282 0.047233 0.003927
v 0.030224 0.051833 0.008003
v 0.029901 0.048636 -0.002887
v 0.027526 0.048428 -0.000834
v 0.029239 0.048407 -0.000908
v 0.028207 0.047598 0.001450
v 0.030234 0.050193 -0.002212
v 0.029430 0.051657 -0.003525
v 0.031680 0.047550 0.000208
v 0.035667 0.045040 -0.001014
v 0.019260 0.053057 -0.015494
v 0.011184 0.054090 -0.001384
v 0.013299 0.053550 -0.001159
v 0.009072 0.054248 -0.002062
v 0.015601 0.051321 -0.000018
v 0.018040 0.050980 0.002262
v 0.001561 0.056925 -0.007103
v 0.001739 0.058659 -0.005843
v 0.005171 0.057399 -0.004208
v 0.019597 0.054326 -0.006171
v 0.019660 0.056421 -0.013244
v 0.019719 0.053149 -0.017509
v 0.020385 0.053111 -0.019527
v 0.022210 0.049766 0.003337
v 0.025119 0.048849 0.005073
v 0.020826 0.055131 -0.007408
v 0.018249 0.053725 0.002630
v 0.013581 0.059389 0.004757
v 0.019418 0.056123 0.002531
v 0.019924 0.055415 0.006762
v 0.021875 0.054167 0.005032
v -0.032509 0.044625 -0.022920
v -0.032356 0.044867 -0.020875
v -0.030559 0.046120 -0.024994
v -0.030242 0.044962 -0.023905
v -0.029374 0.047186 -0.025306
v -0.027622 0.045781 -0.025816
v -0.029187 0.046555 -0.022351
v 0.003464 0.016937 -0.055667
v 0.006044 0.017656 -0.055043
v 0.008097 0.018323 -0.055371
v 0.011810 0.020144 -0.054618
v -0.003011 0.018722 -0.055951
v -0.003438 0.022926 -0.055482
v 0.000899 0.026022 -0.054280
v 0.003941 0.020094 -0.055700
v 0.006188 0.023762 -0.054518
v 0.033668 0.033869 0.026806
v 0.035327 0.030465 0.027338
v 0.021166 0.002761 0.025891
v 0.015263 0.002514 0.023344
v 0.021583 0.003221 0.022216
v 0.016327 0.003519 0.017560
v 0.008973 0.003239 0.019097
v 0.006778 0.002513 0.023266
v 0.008241 0.002260 0.026789
v 0.014122 0.002229 0.029941
v 0.018689 0.002642 0.029467
v -0.033892 0.044251 0.019820
v -0.035056 0.042857 0.022077
v -0.032385 0.043621 0.021793
v -0.032245 0.043534 0.024060
v -0.031053 0.045043 0.020993
v -0.030655 0.046152 0.022110
v 0.043012 0.037084 -0.025498
v 0.043005 0.038506 -0.023044
v 0.045519 0.034893 -0.023626
v 0.044624 0.039010 -0.019536
v 0.041846 0.041202 -0.020299
v 0.043267 0.041534 -0.014683
v 0.045759 0.039029 -0.015157
v 0.047895 0.034098 -0.018626
v 0.047374 0.036335 -0.016400
v 0.036321 0.034233 0.023397
v 0.038444 0.034576 0.020263
v 0.036324 0.038014 0.020241
v 0.038692 0.030605 0.022763
v 0.010664 0.059076 0.011109
v 0.012461 0.058318 0.009631
v 0.011181 0.060647 0.007429
v 0.013477 0.057755 0.012427
v 0.014343 0.056972 0.011340
v 0.014931 0.057313 0.008690
v 0.015924 0.058395 0.007573
v 0.013278 0.059879 0.007722
v -0.025875 0.046591 -0.025623
vt 0.708741 0.324735
vt 0.703045 0.328247
vt 0.698975 0.319222
vt 0.387240 0.051353
vt 0.377817 0.046387
vt 0.396776 0.033033
vt 0.397643 0.043370
vt 0.378537 0.038073
vt 0.698105 0.313143
vt 0.690071 0.312143
vt 0.680574 0.317018
vt 0.686980 0.323285
vt 0.676565 0.322601
vt 0.401943 0.058978
vt 0.421000 0.043486
vt 0.414232 0.048360
vt 0.678965 0.296563
vt 0.678934 0.310025
vt 0.673427 0.303336
vt 0.693902 0.354552
vt 0.684471 0.367856
vt 0.685106 0.359175
vt 0.691489 0.345965
vt 0.701451 0.350417
vt 0.682527 0.355389
vt 0.680676 0.343817
vt 0.694780 0.336931
vt 0.672730 0.360912
vt 0.669474 0.353509
vt 0.689835 0.328063
vt 0.674212 0.346299
vt 0.679551 0.328071
vt 0.672292 0.335455
vt 0.665755 0.346523
vt 0.672581 0.327448
vt 0.664760 0.362469
vt 0.670111 0.313557
vt 0.665996 0.316881
vt 0.665744 0.336478
vt 0.652666 0.348274
vt 0.662796 0.330744
vt 0.655506 0.324234
vt 0.644634 0.344431
vt 0.651448 0.327952
vt 0.657661 0.352555
vt 0.696123 0.327157
vt 0.395946 0.076312
vt 0.387924 0.082427
vt 0.399142 0.068405
vt 0.412237 0.068719
vt 0.407693 0.078048
vt 0.417445 0.066746
vt 0.416589 0.078581
vt 0.434495 0.080134
vt 0.431656 0.063907
vt 0.414568 0.057605
vt 0.444110 0.036484
vt 0.451206 0.037795
vt 0.451126 0.043888
vt 0.456994 0.044436
vt 0.458254 0.040757
vt 0.456785 0.035885
vt 0.446781 0.033612
vt 0.432341 0.047128
vt 0.446939 0.075415
vt 0.448449 0.063196
vt 0.457004 0.074703
vt 0.442640 0.050630
vt 0.442177 0.044649
vt 0.448131 0.049910
vt 0.451880 0.055679
vt 0.462840 0.064875
vt 0.464905 0.072189
vt 0.461816 0.055870
vt 0.645732 0.305840
vt 0.657195 0.307155
vt 0.647164 0.313563
vt 0.466691 0.058954
vt 0.469078 0.065033
vt 0.470248 0.053231
vt 0.474552 0.066550
vt 0.483233 0.044817
vt 0.182344 0.681068
vt 0.183697 0.689626
vt 0.175997 0.674546
vt 0.468255 0.044983
vt 0.660756 0.313963
vt 0.650525 0.320085
vt 0.638767 0.313792
vt 0.641005 0.322647
vt 0.628911 0.321262
vt 0.648251 0.302113
vt 0.629057 0.301993
vt 0.630232 0.309232
vt 0.630511 0.313757
vt 0.183334 0.670484
vt 0.180247 0.661513
vt 0.157989 0.669169
vt 0.163720 0.659144
vt 0.170197 0.662245
vt 0.416035 0.083570
vt 0.625312 0.328299
vt 0.174901 0.658823
vt 0.170886 0.670510
vt 0.396607 0.118158
vt 0.388251 0.103414
vt 0.412422 0.113617
vt 0.407181 0.131947
vt 0.385382 0.128191
vt 0.413099 0.095760
vt 0.416381 0.100220
vt 0.404951 0.149045
vt 0.421650 0.144526
vt 0.416658 0.124036
vt 0.428658 0.147100
vt 0.428535 0.131495
vt 0.417213 0.114077
vt 0.437165 0.123306
vt 0.422752 0.132272
vt 0.437637 0.136202
vt 0.439136 0.101573
vt 0.426516 0.096127
vt 0.448342 0.110338
vt 0.453435 0.094718
vt 0.457862 0.125533
vt 0.478029 0.113241
vt 0.475085 0.131295
vt 0.470294 0.100250
vt 0.461804 0.083436
vt 0.468598 0.080439
vt 0.473741 0.095701
vt 0.505568 0.111718
vt 0.502984 0.096503
vt 0.506336 0.097890
vt 0.236049 0.647442
vt 0.241910 0.647753
vt 0.225604 0.660608
vt 0.509007 0.112458
vt 0.241765 0.638599
vt 0.245153 0.641711
vt 0.485558 0.067827
vt 0.475183 0.070148
vt 0.473333 0.077338
vt 0.483947 0.070739
vt 0.477301 0.080054
vt 0.486928 0.076842
vt 0.188386 0.654765
vt 0.183713 0.656435
vt 0.188257 0.645977
vt 0.193457 0.653941
vt 0.192543 0.647910
vt 0.202318 0.680691
vt 0.196049 0.674524
vt 0.203985 0.667681
vt 0.212341 0.674432
vt 0.203110 0.688897
vt 0.503934 0.082910
vt 0.216172 0.661193
vt 0.216185 0.655453
vt 0.219163 0.641900
vt 0.205881 0.659043
vt 0.199610 0.662247
vt 0.202227 0.654735
vt 0.200809 0.651428
vt 0.190160 0.662504
vt 0.204661 0.641282
vt 0.199130 0.635223
vt 0.212540 0.638056
vt 0.194761 0.631725
vt 0.207895 0.636344
vt 0.214973 0.628446
vt 0.218230 0.632591
vt 0.210004 0.630878
vt 0.220482 0.615543
vt 0.209314 0.624992
vt 0.236687 0.629121
vt 0.228264 0.631398
vt 0.219869 0.637031
vt 0.223741 0.627920
vt 0.226817 0.620320
vt 0.232312 0.620750
vt 0.232097 0.614320
vt 0.203575 0.630627
vt 0.206487 0.624741
vt 0.228356 0.610890
vt 0.684966 0.444282
vt 0.663741 0.444604
vt 0.677541 0.430600
vt 0.676283 0.388332
vt 0.685916 0.387194
vt 0.691507 0.394873
vt 0.669372 0.421212
vt 0.676240 0.408480
vt 0.664694 0.412786
vt 0.660616 0.437740
vt 0.656793 0.428995
vt 0.661193 0.410701
vt 0.648741 0.401504
vt 0.659525 0.403642
vt 0.666645 0.398664
vt 0.653327 0.392786
vt 0.668188 0.376276
vt 0.660443 0.390401
vt 0.652931 0.379460
vt 0.638342 0.436139
vt 0.645455 0.421108
vt 0.650335 0.371876
vt 0.642791 0.376776
vt 0.647616 0.387167
vt 0.655738 0.449926
vt 0.640422 0.355818
vt 0.628577 0.361969
vt 0.626903 0.356803
vt 0.632591 0.349944
vt 0.618291 0.351621
vt 0.627562 0.422330
vt 0.615189 0.441633
vt 0.620643 0.413626
vt 0.631025 0.391151
vt 0.625870 0.372910
vt 0.633454 0.371425
vt 0.618173 0.385402
vt 0.621394 0.362244
vt 0.618961 0.370105
vt 0.614281 0.393182
vt 0.635596 0.396167
vt 0.606562 0.361350
vt 0.600697 0.374982
vt 0.601046 0.359840
vt 0.604507 0.386906
vt 0.603597 0.349178
vt 0.593464 0.358886
vt 0.578704 0.372362
vt 0.602376 0.414565
vt 0.588675 0.400783
vt 0.588932 0.412966
vt 0.583584 0.419498
vt 0.577521 0.395086
vt 0.582240 0.406485
vt 0.569518 0.395084
vt 0.570508 0.409193
vt 0.562357 0.378691
vt 0.082865 0.606741
vt 0.088318 0.614906
vt 0.072105 0.607762
vt 0.092783 0.609717
vt 0.105239 0.615318
vt 0.110684 0.612991
vt 0.575686 0.371042
vt 0.639398 0.404004
vt 0.576214 0.404971
vt 0.167597 0.645905
vt 0.161498 0.648314
vt 0.160232 0.642696
vt 0.174666 0.649056
vt 0.173168 0.639714
vt 0.164140 0.634939
vt 0.173051 0.631953
vt 0.162674 0.632292
vt 0.170001 0.619049
vt 0.180102 0.636466
vt 0.181423 0.626814
vt 0.185134 0.630472
vt 0.174553 0.615232
vt 0.186661 0.618256
vt 0.187261 0.598667
vt 0.186246 0.606739
vt 0.181820 0.609986
vt 0.174788 0.599928
vt 0.181701 0.600640
vt 0.612679 0.331328
vt 0.604826 0.341437
vt 0.601133 0.334725
vt 0.160146 0.654291
vt 0.157492 0.649075
vt 0.591378 0.336570
vt 0.597704 0.348268
vt 0.591817 0.346793
vt 0.587356 0.345190
vt 0.152466 0.644389
vt 0.143154 0.639312
vt 0.155153 0.639497
vt 0.151411 0.633589
vt 0.146823 0.620727
vt 0.151750 0.621961
vt 0.160616 0.620034
vt 0.165624 0.613575
vt 0.152008 0.611307
vt 0.143987 0.606125
vt 0.160025 0.606490
vt 0.172446 0.607215
vt 0.151381 0.600981
vt 0.163340 0.599943
vt 0.156860 0.591339
vt 0.182737 0.589086
vt 0.167636 0.586857
vt 0.137931 0.620984
vt 0.130889 0.628736
vt 0.135123 0.612108
vt 0.117386 0.625241
vt 0.119076 0.610915
vt 0.122803 0.596662
vt 0.133492 0.593705
vt 0.145218 0.587943
vt 0.147900 0.582729
vt 0.126804 0.588171
vt 0.137960 0.584178
vt 0.123277 0.578954
vt 0.139118 0.575452
vt 0.163590 0.569729
vt 0.166945 0.576860
vt 0.155549 0.578991
vt 0.146565 0.567815
vt 0.145312 0.556837
vt 0.152187 0.560140
vt 0.577432 0.359903
vt 0.203234 0.611161
vt 0.199043 0.612869
vt 0.198959 0.596072
vt 0.197905 0.587127
vt 0.193105 0.595330
vt 0.188420 0.592290
vt 0.194098 0.584326
vt 0.199817 0.578786
vt 0.190225 0.576515
vt 0.206537 0.614107
vt 0.209772 0.608645
vt 0.206827 0.583028
vt 0.175586 0.583762
vt 0.207481 0.571855
vt 0.213072 0.573990
vt 0.211760 0.584895
vt 0.203410 0.569204
vt 0.210095 0.556749
vt 0.205377 0.563331
vt 0.193783 0.570453
vt 0.180420 0.573810
vt 0.182137 0.565919
vt 0.192444 0.563765
vt 0.199703 0.562708
vt 0.196802 0.557015
vt 0.165271 0.556503
vt 0.181819 0.543693
vt 0.171117 0.567391
vt 0.189490 0.549064
vt 0.199367 0.546639
vt 0.190479 0.538988
vt 0.218131 0.590903
vt 0.217261 0.599329
vt 0.215601 0.591144
vt 0.226580 0.586229
vt 0.224444 0.599781
vt 0.215243 0.582716
vt 0.210948 0.545383
vt 0.207482 0.529626
vt 0.197456 0.620871
vt 0.205222 0.600411
vt 0.839466 0.394025
vt 0.827552 0.387676
vt 0.833383 0.372226
vt 0.849145 0.409296
vt 0.830226 0.405656
vt 0.856276 0.390112
vt 0.850068 0.371638
vt 0.862463 0.385056
vt 0.868688 0.413035
vt 0.868939 0.425355
vt 0.845559 0.438433
vt 0.825251 0.341470
vt 0.837152 0.354618
vt 0.822550 0.355354
vt 0.815633 0.367040
vt 0.807436 0.381072
vt 0.808201 0.393534
vt 0.811679 0.405390
vt 0.821862 0.417140
vt 0.811053 0.415083
vt 0.807849 0.430786
vt 0.825552 0.430609
vt 0.846335 0.343465
vt 0.830909 0.452310
vt 0.843401 0.450907
vt 0.828599 0.474284
vt 0.813585 0.482993
vt 0.810714 0.453560
vt 0.855086 0.476805
vt 0.841134 0.492494
vt 0.865933 0.496956
vt 0.867526 0.464854
vt 0.873586 0.448674
vt 0.884488 0.471472
vt 0.893607 0.442977
vt 0.912260 0.487851
vt 0.800324 0.468438
vt 0.784119 0.455038
vt 0.796474 0.448448
vt 0.773989 0.469050
vt 0.789084 0.471043
vt 0.803503 0.485171
vt 0.789469 0.485998
vt 0.786248 0.370582
vt 0.794817 0.355175
vt 0.770534 0.375319
vt 0.757273 0.387220
vt 0.754917 0.374855
vt 0.788420 0.392971
vt 0.780648 0.334021
vt 0.784041 0.324587
vt 0.806795 0.334850
vt 0.794220 0.315600
vt 0.802093 0.322418
vt 0.776857 0.351945
vt 0.764016 0.354044
vt 0.747543 0.345396
vt 0.766910 0.321807
vt 0.744142 0.355973
vt 0.744650 0.369687
vt 0.732413 0.337918
vt 0.746443 0.317554
vt 0.736252 0.345739
vt 0.727411 0.339176
vt 0.717560 0.326480
vt 0.715350 0.331317
vt 0.744771 0.383484
vt 0.735876 0.374375
vt 0.732978 0.372721
vt 0.734154 0.353866
vt 0.715405 0.368056
vt 0.724658 0.345612
vt 0.710444 0.335668
vt 0.713869 0.342042
vt 0.714204 0.345790
vt 0.790164 0.409248
vt 0.774844 0.393946
vt 0.766132 0.449181
vt 0.746275 0.469782
vt 0.747930 0.448944
vt 0.759281 0.440057
vt 0.746456 0.431751
vt 0.769043 0.426189
vt 0.755108 0.447455
vt 0.733529 0.449319
vt 0.734083 0.427645
vt 0.749361 0.437550
vt 0.743764 0.406761
vt 0.764241 0.406876
vt 0.777228 0.416382
vt 0.722685 0.412338
vt 0.708715 0.409204
vt 0.712252 0.397107
vt 0.730172 0.475404
vt 0.710997 0.471347
vt 0.719540 0.446705
vt 0.707287 0.455859
vt 0.717340 0.430120
vt 0.702089 0.430204
vt 0.701822 0.450269
vt 0.703021 0.393004
vt 0.718370 0.385072
vt 0.703547 0.376938
vt 0.899293 0.345431
vt 0.914925 0.355743
vt 0.912841 0.366145
vt 0.887433 0.360071
vt 0.897633 0.378600
vt 0.886863 0.373692
vt 0.874632 0.374100
vt 0.888125 0.391465
vt 0.926574 0.368425
vt 0.914563 0.384684
vt 0.919352 0.410259
vt 0.901922 0.414376
vt 0.939847 0.352543
vt 0.914499 0.333607
vt 0.280002 0.299143
vt 0.255819 0.299616
vt 0.261297 0.271923
vt 0.932241 0.392967
vt 0.265472 0.320278
vt 0.956343 0.381979
vt 0.951488 0.403828
vt 0.976298 0.407983
vt 0.260694 0.331519
vt 0.277483 0.343430
vt 0.278802 0.334133
vt 0.889619 0.408238
vt 0.279231 0.314322
vt 0.965661 0.425306
vt 0.943156 0.499731
vt 0.942523 0.474557
vt 0.924491 0.458975
vt 0.936390 0.431920
vt 0.948848 0.454832
vt 0.905646 0.449279
vt 0.897045 0.432109
vt 0.906062 0.462314
vt 0.972704 0.453230
vt 0.951917 0.426538
vt 0.981339 0.424212
vt 0.996656 0.474549
vt 0.961490 0.462336
vt 0.981114 0.475739
vt 0.975032 0.492213
vt 0.994389 0.494975
vt 0.264855 0.373265
vt 0.256372 0.388280
vt 0.258323 0.344893
vt 0.964314 0.485684
vt 0.975442 0.499036
vt 0.863300 0.321555
vt 0.843931 0.314873
vt 0.858471 0.304355
vt 0.284160 0.170718
vt 0.292624 0.184266
vt 0.286304 0.202957
vt 0.886900 0.300817
vt 0.862454 0.333876
vt 0.883860 0.325512
vt 0.870030 0.346701
vt 0.304840 0.167429
vt 0.295502 0.166471
vt 0.308800 0.181772
vt 0.302162 0.201370
vt 0.317635 0.174808
vt 0.318044 0.194529
vt 0.332080 0.193115
vt 0.328752 0.173153
vt 0.271631 0.155380
vt 0.289265 0.152634
vt 0.902583 0.319834
vt 0.910897 0.306436
vt 0.273306 0.247876
vt 0.286382 0.229488
vt 0.301132 0.252781
vt 0.296825 0.272093
vt 0.299210 0.226028
vt 0.322825 0.220842
vt 0.308069 0.225329
vt 0.343970 0.214897
vt 0.332240 0.216930
vt 0.337213 0.187781
vt 0.347183 0.196992
vt 0.923909 0.325735
vt 0.318476 0.147226
vt 0.828962 0.317133
vt 0.311848 0.108497
vt 0.308952 0.129819
vt 0.295577 0.108044
vt 0.296021 0.142634
vt 0.273274 0.140470
vt 0.331463 0.118239
vt 0.330132 0.134311
vt 0.328106 0.091987
vt 0.341076 0.103949
vt 0.341606 0.068945
vt 0.354383 0.087688
vt 0.343316 0.162326
vt 0.345947 0.133584
vt 0.360008 0.148986
vt 0.364005 0.169694
vt 0.348398 0.178943
vt 0.367240 0.147062
vt 0.381431 0.141010
vt 0.387227 0.152872
vt 0.382681 0.179492
vt 0.349442 0.119331
vt 0.358494 0.132324
vt 0.353592 0.104464
vt 0.371803 0.112070
vt 0.372732 0.096855
vt 0.370036 0.129568
vt 0.372393 0.139111
vt 0.376527 0.132264
vt 0.378847 0.135364
vt 0.373839 0.078647
vt 0.362812 0.067518
vt 0.295258 0.340033
vt 0.329894 0.340069
vt 0.331283 0.359865
vt 0.310725 0.365804
vt 0.327393 0.370312
vt 0.348067 0.373717
vt 0.321213 0.379348
vt 0.313499 0.382963
vt 0.364956 0.332504
vt 0.392074 0.353705
vt 0.368923 0.349851
vt 0.344278 0.330379
vt 0.387804 0.368718
vt 0.368953 0.366202
vt 0.352689 0.362913
vt 0.377020 0.384627
vt 0.400390 0.382798
vt 0.356967 0.391576
vt 0.379432 0.412070
vt 0.394846 0.334581
vt 0.392673 0.411145
vt 0.405181 0.407975
vt 0.280150 0.370630
vt 0.280908 0.392167
vt 0.336862 0.407328
vt 0.305224 0.399544
vt 0.343411 0.432077
vt 0.318209 0.418860
vt 0.364587 0.431901
vt 0.352652 0.407108
vt 0.603654 0.039404
vt 0.600921 0.020414
vt 0.628807 0.022079
vt 0.378065 0.454290
vt 0.384944 0.429944
vt 0.402822 0.445524
vt 0.346661 0.444057
vt 0.387263 0.468938
vt 0.342309 0.452195
vt 0.655271 0.034812
vt 0.632831 0.046092
vt 0.657644 0.047416
vt 0.690920 0.029093
vt 0.689939 0.048709
vt 0.701903 0.020237
vt 0.712801 0.014574
vt 0.704813 0.038073
vt 0.409041 0.462734
vt 0.398514 0.465481
vt 0.407519 0.379294
vt 0.420799 0.406601
vt 0.434349 0.385202
vt 0.441786 0.401534
vt 0.423486 0.367902
vt 0.407522 0.349201
vt 0.429695 0.353709
vt 0.451388 0.336458
vt 0.447254 0.355163
vt 0.449692 0.371445
vt 0.457199 0.383332
vt 0.453640 0.361799
vt 0.483193 0.376323
vt 0.464674 0.400621
vt 0.472217 0.359971
vt 0.499423 0.397860
vt 0.487194 0.408872
vt 0.495432 0.376561
vt 0.513657 0.387508
vt 0.442499 0.418357
vt 0.468416 0.426451
vt 0.457201 0.447047
vt 0.435253 0.430950
vt 0.420361 0.428674
vt 0.435715 0.450677
vt 0.726045 0.026770
vt 0.739704 0.000040
vt 0.748080 0.015203
vt 0.742080 0.029152
vt 0.757846 0.000093
vt 0.761834 0.026159
vt 0.494481 0.423357
vt 0.485643 0.447163
vt 0.509044 0.441370
vt 0.736475 0.040881
vt 0.735474 0.052499
vt 0.752796 0.042001
vt 0.773100 0.037928
vt 0.751165 0.065644
vt 0.778183 0.009164
vt 0.798132 0.016907
vt 0.719300 0.062825
vt 0.508267 0.415406
vt 0.519138 0.411223
vt 0.341033 0.227114
vt 0.363056 0.219314
vt 0.357540 0.201133
vt 0.359747 0.233111
vt 0.374038 0.228813
vt 0.380816 0.204710
vt 0.390191 0.223281
vt 0.402052 0.206655
vt 0.394591 0.191367
vt 0.418591 0.246615
vt 0.395806 0.252449
vt 0.412584 0.219514
vt 0.422266 0.204720
vt 0.423139 0.220222
vt 0.426176 0.227829
vt 0.427999 0.235263
vt 0.395510 0.180599
vt 0.406565 0.172871
vt 0.403276 0.168238
vt 0.412828 0.167084
vt 0.407859 0.156555
vt 0.415743 0.159981
vt 0.415000 0.184080
vt 0.395469 0.167393
vt 0.432622 0.188125
vt 0.420785 0.168248
vt 0.447456 0.174878
vt 0.451984 0.198720
vt 0.440640 0.200359
vt 0.444676 0.246342
vt 0.446234 0.231770
vt 0.467422 0.245857
vt 0.467128 0.235756
vt 0.442616 0.203416
vt 0.460891 0.207012
vt 0.442312 0.215379
vt 0.473594 0.216489
vt 0.482713 0.221331
vt 0.477281 0.190497
vt 0.479309 0.210242
vt 0.453788 0.261759
vt 0.466551 0.262083
vt 0.483144 0.237815
vt 0.426016 0.157310
vt 0.427954 0.161348
vt 0.444656 0.165703
vt 0.438864 0.153278
vt 0.440530 0.141438
vt 0.465169 0.167234
vt 0.457119 0.144379
vt 0.477449 0.180818
vt 0.324817 0.247837
vt 0.341746 0.245231
vt 0.342306 0.275079
vt 0.302648 0.291799
vt 0.321163 0.317007
vt 0.299961 0.322736
vt 0.334613 0.292794
vt 0.313465 0.282288
vt 0.320681 0.268424
vt 0.321898 0.302745
vt 0.352618 0.316804
vt 0.350355 0.258524
vt 0.356764 0.278440
vt 0.353142 0.300275
vt 0.372004 0.251869
vt 0.381042 0.266516
vt 0.372764 0.279280
vt 0.375432 0.294080
vt 0.400021 0.284426
vt 0.398694 0.306688
vt 0.417606 0.279251
vt 0.436193 0.266965
vt 0.443781 0.288358
vt 0.384039 0.328354
vt 0.377348 0.312309
vt 0.412850 0.315383
vt 0.427980 0.307056
vt 0.432923 0.333003
vt 0.465225 0.281235
vt 0.475584 0.267209
vt 0.484764 0.280993
vt 0.503580 0.293287
vt 0.282819 0.518311
vt 0.268399 0.522077
vt 0.271287 0.512696
vt 0.279637 0.507442
vt 0.295312 0.500336
vt 0.286745 0.508098
vt 0.285182 0.496721
vt 0.274751 0.525280
vt 0.256428 0.519806
vt 0.251792 0.509392
vt 0.260561 0.507083
vt 0.255609 0.500240
vt 0.241987 0.505098
vt 0.254146 0.489287
vt 0.270210 0.494253
vt 0.284362 0.487406
vt 0.267828 0.482676
vt 0.229830 0.547101
vt 0.223910 0.537008
vt 0.249619 0.531483
vt 0.235910 0.522624
vt 0.264490 0.534552
vt 0.242777 0.546875
vt 0.257703 0.530422
vt 0.249332 0.522419
vt 0.239012 0.555358
vt 0.250345 0.549687
vt 0.260486 0.549805
vt 0.220692 0.528579
vt 0.230090 0.519608
vt 0.241962 0.524354
vt 0.236115 0.510733
vt 0.222838 0.507206
vt 0.229540 0.499515
vt 0.213685 0.512121
vt 0.208719 0.514446
vt 0.196217 0.527163
vt 0.197373 0.505799
vt 0.247258 0.488297
vt 0.258717 0.593720
vt 0.255002 0.574587
vt 0.261148 0.582588
vt 0.554958 0.150163
vt 0.567270 0.152567
vt 0.563131 0.157543
vt 0.574928 0.159563
vt 0.561334 0.162519
vt 0.569278 0.166057
vt 0.568751 0.147990
vt 0.582617 0.160748
vt 0.578643 0.170131
vt 0.248757 0.596816
vt 0.242875 0.600302
vt 0.244008 0.588249
vt 0.247698 0.582991
vt 0.240189 0.584184
vt 0.239431 0.565684
vt 0.246305 0.568970
vt 0.251493 0.592634
vt 0.256419 0.602845
vt 0.254756 0.567421
vt 0.267891 0.570412
vt 0.585040 0.234436
vt 0.582894 0.248374
vt 0.580890 0.236772
vt 0.576216 0.241004
vt 0.589468 0.240873
vt 0.581147 0.217630
vt 0.574597 0.224148
vt 0.577455 0.209513
vt 0.569955 0.229989
vt 0.606917 0.238429
vt 0.604676 0.228905
vt 0.610461 0.227961
vt 0.612722 0.236557
vt 0.607120 0.247212
vt 0.597845 0.246991
vt 0.586615 0.213751
vt 0.593971 0.234491
vt 0.586673 0.256285
vt 0.597058 0.253509
vt 0.591214 0.253965
vt 0.317869 0.501145
vt 0.324735 0.504389
vt 0.313506 0.509671
vt 0.312045 0.500729
vt 0.303954 0.510159
vt 0.568734 0.173130
vt 0.577622 0.178449
vt 0.578454 0.184963
vt 0.568226 0.188495
vt 0.585456 0.180288
vt 0.276960 0.556326
vt 0.282199 0.559989
vt 0.584897 0.186626
vt 0.281147 0.538475
vt 0.271177 0.550541
vt 0.586590 0.198908
vt 0.582434 0.206630
vt 0.593283 0.192469
vt 0.595063 0.204415
vt 0.591197 0.214464
vt 0.595972 0.211706
vt 0.603348 0.213672
vt 0.600980 0.222672
vt 0.594925 0.218760
vt 0.590862 0.223799
vt 0.608559 0.214095
vt 0.604150 0.204165
vt 0.295885 0.524530
vt 0.290295 0.532331
vt 0.290434 0.519648
vt 0.615680 0.228635
vt 0.284750 0.545767
vt 0.598642 0.202710
vt 0.291234 0.537436
vt 0.262307 0.565138
vt 0.234387 0.583071
vt 0.601077 0.235972
vt 0.576081 0.196167
vt 0.500071 0.235359
vt 0.500783 0.243690
vt 0.489221 0.249934
vt 0.504159 0.250876
vt 0.489664 0.263560
vt 0.514977 0.266126
vt 0.508479 0.231992
vt 0.529962 0.245227
vt 0.521495 0.255813
vt 0.514528 0.297815
vt 0.510910 0.304782
vt 0.506876 0.299494
vt 0.516411 0.293290
vt 0.514013 0.284982
vt 0.519973 0.287015
vt 0.527779 0.289227
vt 0.529699 0.295221
vt 0.530841 0.301926
vt 0.533653 0.288513
vt 0.531188 0.260545
vt 0.526001 0.277724
vt 0.537911 0.271891
vt 0.538511 0.287329
vt 0.510291 0.226543
vt 0.541279 0.248366
vt 0.542458 0.264565
vt 0.546197 0.252766
vt 0.548417 0.265048
vt 0.554113 0.256292
vt 0.557215 0.264711
vt 0.550056 0.277402
vt 0.547747 0.288081
vt 0.554978 0.288643
vt 0.536738 0.298479
vt 0.536214 0.309150
vt 0.544395 0.284012
vt 0.542899 0.228284
vt 0.553165 0.225621
vt 0.547008 0.231544
vt 0.546590 0.219095
vt 0.546516 0.245888
vt 0.548679 0.237006
vt 0.553778 0.236735
vt 0.559041 0.234611
vt 0.556761 0.220324
vt 0.562217 0.224691
vt 0.559109 0.241498
vt 0.565535 0.247649
vt 0.567579 0.260677
vt 0.570211 0.248206
vt 0.569515 0.239952
vt 0.491999 0.186429
vt 0.498884 0.160723
vt 0.499836 0.177511
vt 0.484184 0.135521
vt 0.496468 0.147075
vt 0.510580 0.156490
vt 0.489502 0.125829
vt 0.499721 0.136256
vt 0.501780 0.126785
vt 0.513974 0.133637
vt 0.520887 0.138687
vt 0.513260 0.149445
vt 0.509966 0.120535
vt 0.517435 0.122674
vt 0.249187 0.629113
vt 0.254631 0.622362
vt 0.250958 0.637345
vt 0.253535 0.641250
vt 0.244930 0.621293
vt 0.500503 0.213282
vt 0.520049 0.207858
vt 0.513072 0.185983
vt 0.520058 0.170572
vt 0.537893 0.181697
vt 0.530014 0.183045
vt 0.522153 0.213298
vt 0.531000 0.198659
vt 0.545621 0.194841
vt 0.539642 0.200293
vt 0.557034 0.193426
vt 0.555243 0.208546
vt 0.524357 0.145661
vt 0.520196 0.144241
vt 0.523539 0.159821
vt 0.529287 0.151898
vt 0.262013 0.630183
vt 0.260573 0.623075
vt 0.267468 0.624450
vt 0.258763 0.614446
vt 0.251069 0.613531
vt 0.538038 0.154255
vt 0.537960 0.169839
vt 0.542787 0.162681
vt 0.548209 0.157073
vt 0.544622 0.167055
vt 0.555726 0.170955
vt 0.249148 0.609902
vt 0.565067 0.207919
vt 0.557710 0.201687
vt 0.567585 0.217602
vt 0.572953 0.209879
vt 0.568304 0.198504
vt 0.265512 0.614215
vt 0.532661 0.144682
vt 0.801776 0.044388
vt 0.820060 0.058109
vt 0.796254 0.053908
vt 0.797843 0.064526
vt 0.811858 0.066146
vt 0.826072 0.065732
vt 0.818383 0.070002
vt 0.801540 0.067121
vt 0.554067 0.382536
vt 0.542946 0.399188
vt 0.532146 0.382656
vt 0.563821 0.409236
vt 0.833107 0.020005
vt 0.812740 0.028355
vt 0.817939 0.006922
vt 0.832894 0.046709
vt 0.843563 0.042032
vt 0.838612 0.051639
vt 0.564644 0.395965
vt 0.860155 0.061975
vt 0.850171 0.054772
vt 0.860303 0.051498
vt 0.859277 0.042070
vt 0.871992 0.036594
vt 0.868432 0.045773
vt 0.868536 0.034526
vt 0.875851 0.052445
vt 0.859697 0.072682
vt 0.884683 0.073953
vt 0.837435 0.057814
vt 0.831063 0.069264
vt 0.842039 0.094841
vt 0.862189 0.085763
vt 0.845954 0.061641
vt 0.562569 0.384985
vt 0.538831 0.353373
vt 0.513029 0.349203
vt 0.519712 0.339902
vt 0.530430 0.328754
vt 0.557113 0.319793
vt 0.555033 0.303674
vt 0.560020 0.315856
vt 0.560149 0.329407
vt 0.552802 0.322095
vt 0.554322 0.332475
vt 0.547272 0.329186
vt 0.564091 0.337247
vt 0.556729 0.346489
vt 0.558531 0.341559
vt 0.555885 0.362966
vt 0.540133 0.317427
vt 0.547709 0.321051
vt 0.543792 0.306572
vt 0.562397 0.288353
vt 0.567964 0.308142
vt 0.560821 0.300224
vt 0.904777 0.017268
vt 0.894300 0.034160
vt 0.888141 0.015593
vt 0.559266 0.354505
vt 0.881669 0.035131
vt 0.878060 0.017424
vt 0.882111 0.021085
vt 0.877685 0.027293
vt 0.885156 0.041069
vt 0.896981 0.041255
vt 0.895581 0.052916
vt 0.889119 0.045524
vt 0.886351 0.053738
vt 0.912504 0.027392
vt 0.910321 0.035537
vt 0.906656 0.041250
vt 0.918447 0.034741
vt 0.919778 0.006925
vt 0.578824 0.316582
vt 0.576153 0.309544
vt 0.901636 0.009946
vt 0.919501 0.046234
vt 0.925377 0.048341
vt 0.920785 0.052763
vt 0.908719 0.051924
vt 0.910988 0.057984
vt 0.898564 0.062112
vt 0.569840 0.279000
vt 0.572556 0.292878
vt 0.573757 0.286431
vt 0.578967 0.286284
vt 0.575768 0.299712
vt 0.581947 0.294100
vt 0.583329 0.305519
vt 0.588462 0.305335
vt 0.929960 0.036606
vt 0.945498 0.037888
vt 0.938402 0.042064
vt 0.943761 0.046988
vt 0.941843 0.057589
vt 0.947235 0.065877
vt 0.927731 0.061363
vt 0.934745 0.078973
vt 0.921925 0.067500
vt 0.913111 0.075288
vt 0.905587 0.066522
vt 0.895034 0.084657
vt 0.908738 0.090717
vt 0.579463 0.274979
vt 0.584576 0.267600
vt 0.592526 0.272402
vt 0.595230 0.280283
vt 0.587261 0.285745
vt 0.582065 0.284513
vt 0.592019 0.294327
vt 0.593920 0.261921
vt 0.602077 0.270377
vt 0.602773 0.274707
vt 0.597304 0.265867
vt 0.600337 0.279616
vt 0.607995 0.278873
vt 0.604378 0.294942
vt 0.601337 0.300991
vt 0.598842 0.297534
vt 0.614782 0.298059
vt 0.619560 0.294678
vt 0.621349 0.297940
vt 0.953250 0.061684
vt 0.956529 0.068212
vt 0.611131 0.290414
vt 0.951696 0.074243
vt 0.608144 0.297103
vt 0.604922 0.284436
vt 0.602865 0.288343
vt 0.620009 0.289112
vt 0.614255 0.287427
vt 0.635777 0.300844
vt 0.626469 0.295825
vt 0.931031 0.097712
vt 0.928052 0.106259
vt 0.923232 0.109102
vt 0.903252 0.099511
vt 0.949232 0.090855
vt 0.883476 0.103825
vt 0.960624 0.078857
vt 0.612460 0.283644
vt 0.617621 0.272250
vt 0.617818 0.277394
vt 0.610489 0.272740
vt 0.623151 0.274248
vt 0.330436 0.477987
vt 0.330432 0.495155
vt 0.324097 0.486808
vt 0.601406 0.262211
vt 0.619514 0.266537
vt 0.606791 0.268083
vt 0.315781 0.474945
vt 0.318980 0.489098
vt 0.630433 0.272819
vt 0.306555 0.477699
vt 0.305232 0.492898
vt 0.299801 0.488704
vt 0.298453 0.479584
vt 0.297460 0.467962
vt 0.306631 0.464231
vt 0.328346 0.468364
vt 0.315930 0.465445
vt 0.628411 0.277141
vt 0.284024 0.471993
vt 0.268363 0.471904
vt 0.271278 0.464901
vt 0.285487 0.464096
vt 0.277587 0.459998
vt 0.285115 0.453779
vt 0.301729 0.456879
vt 0.294625 0.453290
vt 0.627270 0.282252
vt 0.617393 0.282025
vt 0.632794 0.282633
vt 0.627106 0.285735
vt 0.620334 0.286180
vt 0.639450 0.292270
vt 0.634163 0.292949
vt 0.635901 0.281610
vt 0.951947 0.112124
vt 0.955208 0.120556
vt 0.941539 0.110653
vt 0.955282 0.129676
vt 0.947242 0.134346
vt 0.940107 0.129789
vt 0.965717 0.106517
vt 0.956825 0.117381
vt 0.327295 0.456095
vt 0.318335 0.455379
vt 0.308319 0.457186
vt 0.980373 0.113274
vt 0.987346 0.107528
vt 0.986430 0.114302
vt 0.976707 0.107877
vt 0.314689 0.447515
vt 0.975321 0.120922
vt 0.322960 0.444985
vt 0.312488 0.437340
vt 0.975271 0.134421
vt 0.967065 0.121524
vt 0.308064 0.448990
vt 0.289586 0.445726
vt 0.296474 0.444052
vt 0.302304 0.442689
vt 0.969511 0.136856
vt 0.267130 0.459344
vt 0.279537 0.450803
vt 0.973951 0.090438
vt 0.444857 0.677225
vt 0.431064 0.688721
vt 0.410850 0.664394
vt 0.406326 0.648761
vt 0.383738 0.661103
vt 0.421301 0.651527
vt 0.479003 0.717601
vt 0.467396 0.702185
vt 0.489628 0.705002
vt 0.469558 0.684577
vt 0.454160 0.705247
vt 0.467012 0.674735
vt 0.445684 0.659823
vt 0.438658 0.647018
vt 0.459809 0.645870
vt 0.484633 0.657547
vt 0.488745 0.682068
vt 0.472665 0.645846
vt 0.449458 0.642867
vt 0.471329 0.639371
vt 0.458064 0.635890
vt 0.440506 0.640406
vt 0.441749 0.630054
vt 0.474058 0.634546
vt 0.482949 0.624127
vt 0.489378 0.638464
vt 0.486491 0.631060
vt 0.493805 0.621517
vt 0.493026 0.615453
vt 0.443004 0.615539
vt 0.459320 0.616536
vt 0.480392 0.606608
vt 0.495335 0.628645
vt 0.346091 0.640363
vt 0.330410 0.645276
vt 0.328530 0.622449
vt 0.368404 0.650104
vt 0.352532 0.630028
vt 0.383330 0.621573
vt 0.388430 0.639870
vt 0.403071 0.608312
vt 0.410224 0.626311
vt 0.359934 0.605387
vt 0.374870 0.600331
vt 0.397776 0.604204
vt 0.364269 0.585665
vt 0.410135 0.600785
vt 0.389729 0.582788
vt 0.410844 0.594366
vt 0.398377 0.579413
vt 0.409715 0.577724
vt 0.457258 0.597834
vt 0.471894 0.592333
vt 0.425319 0.595496
vt 0.439975 0.589867
vt 0.432394 0.574756
vt 0.423915 0.616803
vt 0.425902 0.607221
vt 0.468488 0.582860
vt 0.478588 0.572510
vt 0.449783 0.573075
vt 0.464705 0.564397
vt 0.440142 0.561690
vt 0.482952 0.557238
vt 0.500954 0.570828
vt 0.487956 0.584598
vt 0.542925 0.719508
vt 0.544325 0.745682
vt 0.525565 0.748626
vt 0.513472 0.727170
vt 0.491566 0.733926
vt 0.506831 0.693778
vt 0.516067 0.713897
vt 0.527180 0.706394
vt 0.512996 0.684537
vt 0.507947 0.673650
vt 0.550374 0.692453
vt 0.534640 0.671751
vt 0.515736 0.655125
vt 0.525758 0.652732
vt 0.557073 0.662604
vt 0.557242 0.643802
vt 0.501731 0.663810
vt 0.525077 0.635922
vt 0.506058 0.622643
vt 0.510286 0.627520
vt 0.515035 0.619282
vt 0.526009 0.625058
vt 0.517937 0.612590
vt 0.506267 0.611138
vt 0.532429 0.607121
vt 0.528527 0.617120
vt 0.521086 0.607248
vt 0.537652 0.599534
vt 0.520886 0.590332
vt 0.547441 0.615833
vt 0.544239 0.613380
vt 0.535660 0.622084
vt 0.544125 0.624693
vt 0.555233 0.611687
vt 0.554956 0.615513
vt 0.545439 0.603756
vt 0.554604 0.602365
vt 0.559082 0.627046
vt 0.548076 0.598024
vt 0.549057 0.591941
vt 0.543348 0.589422
vt 0.564128 0.589011
vt 0.555813 0.590637
vt 0.555259 0.582590
vt 0.531664 0.563622
vt 0.552845 0.566852
vt 0.501612 0.592670
vt 0.517697 0.556107
vt 0.540862 0.557432
vt 0.552422 0.552446
vt 0.542962 0.549150
vt 0.526747 0.552685
vt 0.527646 0.545615
vt 0.569667 0.564982
vt 0.566113 0.549205
vt 0.570150 0.542212
vt 0.554469 0.527999
vt 0.530902 0.532326
vt 0.559938 0.616922
vt 0.841815 0.524842
vt 0.829515 0.517737
vt 0.847713 0.501546
vt 0.815660 0.516812
vt 0.820460 0.529968
vt 0.818491 0.548667
vt 0.829443 0.546470
vt 0.799788 0.538883
vt 0.799359 0.581105
vt 0.787664 0.563566
vt 0.851515 0.535830
vt 0.832836 0.567433
vt 0.811702 0.573611
vt 0.820964 0.580582
vt 0.803739 0.598402
vt 0.831375 0.592168
vt 0.857244 0.580118
vt 0.422185 0.796795
vt 0.420605 0.816810
vt 0.399622 0.790233
vt 0.404456 0.778173
vt 0.807994 0.611173
vt 0.444719 0.806213
vt 0.448077 0.794456
vt 0.433242 0.781492
vt 0.790852 0.598067
vt 0.775275 0.605198
vt 0.774011 0.565358
vt 0.760398 0.591331
vt 0.792026 0.619899
vt 0.414360 0.766297
vt 0.507349 0.797165
vt 0.486268 0.810568
vt 0.493188 0.790521
vt 0.471780 0.785199
vt 0.493976 0.766100
vt 0.443765 0.763508
vt 0.460086 0.777674
vt 0.431818 0.761086
vt 0.446148 0.743761
vt 0.469442 0.765568
vt 0.461599 0.750842
vt 0.477445 0.737959
vt 0.516855 0.770725
vt 0.493117 0.747914
vt 0.416768 0.727092
vt 0.414862 0.749643
vt 0.438505 0.727841
vt 0.444728 0.726036
vt 0.426639 0.706795
vt 0.434666 0.700238
vt 0.459380 0.725847
vt 0.890124 0.509073
vt 0.913623 0.508874
vt 0.900216 0.529503
vt 0.856165 0.522542
vt 0.872457 0.515937
vt 0.868947 0.531184
vt 0.872958 0.543586
vt 0.931401 0.543949
vt 0.943289 0.510798
vt 0.952909 0.538575
vt 0.915282 0.546653
vt 0.890353 0.564324
vt 0.910352 0.564610
vt 0.887002 0.580326
vt 0.352768 0.775167
vt 0.329900 0.758856
vt 0.357121 0.761028
vt 0.343447 0.752371
vt 0.340128 0.783002
vt 0.314333 0.778597
vt 0.305692 0.745868
vt 0.858166 0.561393
vt 0.376378 0.788722
vt 0.394756 0.811894
vt 0.365739 0.789871
vt 0.368648 0.773118
vt 0.968815 0.550543
vt 0.284425 0.734419
vt 0.322584 0.739429
vt 0.311488 0.734754
vt 0.304856 0.716342
vt 0.340969 0.742190
vt 0.962517 0.519353
vt 0.375218 0.758936
vt 0.365705 0.758064
vt 0.388943 0.764387
vt 0.387287 0.750059
vt 0.315390 0.642247
vt 0.322049 0.661645
vt 0.377102 0.736745
vt 0.402068 0.727601
vt 0.385218 0.721998
vt 0.389457 0.704996
vt 0.392597 0.691759
vt 0.387578 0.673088
vt 0.380717 0.672899
vt 0.378426 0.664775
vt 0.377962 0.676930
vt 0.412937 0.687382
vt 0.780131 0.511586
vt 0.794373 0.505405
vt 0.801934 0.518573
vt 0.772557 0.518413
vt 0.783065 0.535674
vt 0.739759 0.489667
vt 0.730487 0.503143
vt 0.762364 0.493997
vt 0.747540 0.506845
vt 0.709288 0.498336
vt 0.756538 0.525195
vt 0.715700 0.528189
vt 0.734851 0.524738
vt 0.731337 0.551915
vt 0.749450 0.541842
vt 0.765324 0.537771
vt 0.757287 0.557815
vt 0.749409 0.563532
vt 0.673736 0.472637
vt 0.696423 0.468513
vt 0.686411 0.486377
vt 0.700296 0.525434
vt 0.696425 0.514487
vt 0.697841 0.529035
vt 0.690278 0.527677
vt 0.700871 0.535380
vt 0.679683 0.511337
vt 0.686895 0.515874
vt 0.680083 0.523775
vt 0.688028 0.540259
vt 0.670780 0.532789
vt 0.708968 0.547624
vt 0.700612 0.564771
vt 0.682669 0.567522
vt 0.725813 0.581790
vt 0.675668 0.554164
vt 0.705379 0.588697
vt 0.690000 0.575494
vt 0.694945 0.596256
vt 0.719159 0.604122
vt 0.672450 0.509949
vt 0.667146 0.501252
vt 0.666761 0.490479
vt 0.649056 0.545316
vt 0.659861 0.541373
vt 0.656529 0.549154
vt 0.648545 0.535749
vt 0.649267 0.558246
vt 0.629270 0.549039
vt 0.642287 0.542639
vt 0.639692 0.554801
vt 0.659603 0.525145
vt 0.650596 0.522878
vt 0.662119 0.518075
vt 0.648946 0.504400
vt 0.634770 0.496732
vt 0.650281 0.492676
vt 0.634031 0.508438
vt 0.639706 0.530168
vt 0.647145 0.470996
vt 0.653933 0.462902
vt 0.657332 0.478908
vt 0.659587 0.489595
vt 0.644931 0.448062
vt 0.641665 0.466984
vt 0.637537 0.457164
vt 0.637177 0.472719
vt 0.639643 0.490101
vt 0.628955 0.480072
vt 0.628263 0.486666
vt 0.626118 0.495831
vt 0.627881 0.469231
vt 0.621175 0.478494
vt 0.621508 0.471394
vt 0.619399 0.484117
vt 0.655221 0.534538
vt 0.638049 0.540842
vt 0.621316 0.499129
vt 0.622393 0.524654
vt 0.614979 0.511502
vt 0.624576 0.544284
vt 0.622383 0.549287
vt 0.610504 0.532702
vt 0.608070 0.517800
vt 0.597136 0.535679
vt 0.615839 0.493327
vt 0.611504 0.495520
vt 0.616703 0.503842
vt 0.610894 0.507435
vt 0.603266 0.506854
vt 0.589216 0.526885
vt 0.626219 0.459154
vt 0.665026 0.566536
vt 0.642755 0.570814
vt 0.668916 0.578977
vt 0.603538 0.767053
vt 0.588994 0.780731
vt 0.586062 0.763353
vt 0.613574 0.759059
vt 0.613262 0.767122
vt 0.565785 0.776577
vt 0.538373 0.773366
vt 0.561358 0.752394
vt 0.591884 0.752666
vt 0.572287 0.752585
vt 0.576510 0.733651
vt 0.612227 0.749796
vt 0.594495 0.737446
vt 0.614512 0.730096
vt 0.560467 0.726163
vt 0.557104 0.705710
vt 0.571556 0.714478
vt 0.605285 0.726747
vt 0.593254 0.707785
vt 0.590822 0.682930
vt 0.629912 0.559954
vt 0.636406 0.564447
vt 0.628359 0.569744
vt 0.619874 0.563235
vt 0.608673 0.565631
vt 0.621917 0.732418
vt 0.598662 0.555535
vt 0.608308 0.545565
vt 0.608895 0.554024
vt 0.615712 0.708250
vt 0.623153 0.706309
vt 0.587480 0.554920
vt 0.629378 0.708503
vt 0.630936 0.702129
vt 0.634632 0.688255
vt 0.625671 0.681610
vt 0.608846 0.699197
vt 0.603588 0.684812
vt 0.593885 0.482169
vt 0.603765 0.482814
vt 0.593706 0.489647
vt 0.601690 0.498540
vt 0.590580 0.497758
vt 0.572390 0.503310
vt 0.589723 0.505113
vt 0.675116 0.686078
vt 0.668428 0.693002
vt 0.670308 0.681484
vt 0.672231 0.666575
vt 0.660123 0.685258
vt 0.660368 0.676340
vt 0.665699 0.653707
vt 0.619156 0.453342
vt 0.584511 0.476995
vt 0.581388 0.470499
vt 0.587926 0.456877
vt 0.608952 0.446649
vt 0.609835 0.436967
vt 0.602426 0.445726
vt 0.604478 0.437249
vt 0.599283 0.430713
vt 0.598733 0.441642
vt 0.593735 0.438036
vt 0.587228 0.444245
vt 0.595063 0.449663
vt 0.588486 0.433614
vt 0.583644 0.431556
vt 0.577911 0.452925
vt 0.577026 0.442492
vt 0.591808 0.427192
vt 0.573115 0.438074
vt 0.567356 0.421929
vt 0.576967 0.423084
vt 0.568495 0.465390
vt 0.568620 0.441298
vt 0.037017 0.589457
vt 0.024911 0.561556
vt 0.039637 0.558285
vt 0.571402 0.483099
vt 0.571352 0.497819
vt 0.016416 0.574996
vt 0.563363 0.492137
vt 0.004690 0.550482
vt 0.037036 0.552987
vt 0.594003 0.460401
vt 0.030583 0.544075
vt 0.021983 0.520484
vt 0.064461 0.591804
vt 0.070131 0.593133
vt 0.066728 0.601621
vt 0.065868 0.550079
vt 0.054625 0.555799
vt 0.056681 0.540282
vt 0.048158 0.538681
vt 0.050975 0.532599
vt 0.071248 0.540198
vt 0.076597 0.518202
vt 0.048902 0.518059
vt 0.036372 0.522575
vt 0.041548 0.516555
vt 0.065476 0.503662
vt 0.057842 0.493215
vt 0.057336 0.591344
vt 0.061507 0.580626
vt 0.075413 0.584431
vt 0.078278 0.579875
vt 0.087196 0.589797
vt 0.091432 0.575993
vt 0.086792 0.565175
vt 0.066274 0.574626
vt 0.069711 0.570263
vt 0.076195 0.559783
vt 0.095863 0.569805
vt 0.095066 0.560981
vt 0.090757 0.553686
vt 0.082869 0.523221
vt 0.106716 0.525124
vt 0.104797 0.545779
vt 0.093535 0.515316
vt 0.063874 0.488639
vt 0.068903 0.482670
vt 0.076790 0.490383
vt 0.078828 0.498594
vt 0.082172 0.484565
vt 0.082815 0.506334
vt 0.101989 0.502864
vt 0.090161 0.500193
vt 0.097021 0.494813
vt 0.098990 0.489214
vt 0.100827 0.476073
vt 0.084633 0.472668
vt 0.087114 0.479514
vt 0.113408 0.489252
vt 0.103200 0.481894
vt 0.111390 0.480979
vt 0.089979 0.464276
vt 0.101895 0.457128
vt 0.114250 0.508431
vt 0.105281 0.583268
vt 0.076671 0.465342
vt 0.041689 0.494837
vt 0.649300 0.664778
vt 0.654238 0.666439
vt 0.651245 0.677283
vt 0.645117 0.672979
vt 0.645955 0.685884
vt 0.635713 0.652889
vt 0.637451 0.664362
vt 0.629517 0.665035
vt 0.625339 0.660484
vt 0.621972 0.668809
vt 0.618704 0.660135
vt 0.615006 0.669383
vt 0.619057 0.654546
vt 0.617787 0.643535
vt 0.613518 0.648959
vt 0.608944 0.653552
vt 0.645181 0.653007
vt 0.640740 0.666356
vt 0.631982 0.672361
vt 0.636379 0.641774
vt 0.637222 0.624793
vt 0.644507 0.630457
vt 0.630271 0.642925
vt 0.622100 0.633467
vt 0.631403 0.626086
vt 0.657737 0.651446
vt 0.652262 0.647018
vt 0.658984 0.637146
vt 0.648241 0.626942
vt 0.638257 0.615639
vt 0.627743 0.623066
vt 0.605194 0.630084
vt 0.607413 0.640248
vt 0.603251 0.636444
vt 0.599097 0.627704
vt 0.588390 0.627452
vt 0.597625 0.656195
vt 0.576925 0.663290
vt 0.600857 0.649635
vt 0.594033 0.639925
vt 0.575599 0.627144
vt 0.589840 0.620369
vt 0.582962 0.607939
vt 0.594832 0.615462
vt 0.582441 0.619493
vt 0.575384 0.614377
vt 0.595800 0.609071
vt 0.585799 0.601168
vt 0.569839 0.613290
vt 0.577232 0.604571
vt 0.568915 0.619242
vt 0.589049 0.593257
vt 0.577591 0.595293
vt 0.570018 0.590499
vt 0.568990 0.582092
vt 0.053606 0.454321
vt 0.034348 0.468609
vt 0.042924 0.455646
vt 0.028011 0.435459
vt 0.046145 0.438294
vt 0.067626 0.472313
vt 0.057367 0.466337
vt 0.065384 0.451831
vt 0.028450 0.485778
vt 0.033456 0.494758
vt 0.629849 0.610935
vt 0.629052 0.603996
vt 0.620292 0.612954
vt 0.615052 0.598728
vt 0.605973 0.602125
vt 0.014538 0.482152
vt 0.026189 0.457101
vt 0.621397 0.588618
vt 0.643099 0.609101
vt 0.609110 0.611002
vt 0.602700 0.584199
vt 0.601367 0.576803
vt 0.583099 0.578381
vt 0.051577 0.434152
vt 0.047655 0.421516
vt 0.042803 0.408598
vt 0.593339 0.566634
vt 0.584069 0.553123
vt 0.579402 0.565540
vt 0.052136 0.391054
vt 0.073435 0.435121
vt 0.072001 0.420689
vt 0.055498 0.410377
vt 0.087188 0.422632
vt 0.098158 0.448475
vt 0.090524 0.451586
vt 0.088477 0.433194
vt 0.015437 0.503255
vt 0.623464 0.072827
vt 0.637020 0.081948
vt 0.658794 0.062995
vt 0.657921 0.085565
vt 0.686433 0.083391
vt 0.689914 0.068682
vt 0.670991 0.109897
vt 0.696915 0.086287
vt 0.648141 0.104197
vt 0.630154 0.122648
vt 0.649800 0.123908
vt 0.654892 0.170936
vt 0.643348 0.156175
vt 0.672514 0.157848
vt 0.678835 0.143069
vt 0.698059 0.104188
vt 0.691422 0.142810
vt 0.989341 0.517211
vt 0.599528 0.069496
vt 0.588987 0.058280
vt 0.602137 0.061785
vt 0.595364 0.081502
vt 0.611399 0.071414
vt 0.975307 0.534614
vt 0.992681 0.534017
vt 0.999990 0.548120
vt 0.585375 0.105824
vt 0.574261 0.069592
vt 0.605936 0.096773
vt 0.599311 0.106852
vt 0.592643 0.112260
vt 0.255884 0.702436
vt 0.257460 0.685667
vt 0.265424 0.698514
vt 0.593362 0.124516
vt 0.281620 0.691414
vt 0.271528 0.681942
vt 0.264510 0.672015
vt 0.616440 0.115223
vt 0.259713 0.658043
vt 0.607994 0.149574
vt 0.302856 0.677841
vt 0.276828 0.652437
vt 0.650901 0.186189
vt 0.641425 0.196477
vt 0.635662 0.186036
vt 0.662231 0.190428
vt 0.288467 0.653766
vt 0.266232 0.634757
vt 0.295273 0.623757
vt 0.304528 0.636816
vt 0.274660 0.602677
vt 0.284547 0.602932
vt 0.304877 0.613500
vt 0.330394 0.597073
vt 0.321504 0.605878
vt 0.297716 0.584642
vt 0.681385 0.182237
vt 0.675693 0.206972
vt 0.319083 0.584351
vt 0.308777 0.567420
vt 0.293574 0.569482
vt 0.324833 0.565555
vt 0.276489 0.567061
vt 0.620100 0.172896
vt 0.692672 0.198981
vt 0.701088 0.174594
vt 0.713649 0.168592
vt 0.714828 0.199825
vt 0.695812 0.214161
vt 0.692066 0.228933
vt 0.710020 0.223192
vt 0.704216 0.242959
vt 0.305441 0.546180
vt 0.294906 0.552509
vt 0.341141 0.556930
vt 0.704272 0.289151
vt 0.715496 0.247776
vt 0.728086 0.272265
vt 0.725131 0.227192
vt 0.727732 0.201119
vt 0.743082 0.216389
vt 0.738774 0.234789
vt 0.732181 0.247365
vt 0.755069 0.241913
vt 0.760964 0.251533
vt 0.748869 0.259686
vt 0.762255 0.214141
vt 0.764267 0.241614
vt 0.705987 0.157345
vt 0.717661 0.121374
vt 0.725388 0.150277
vt 0.735067 0.138237
vt 0.731733 0.120042
vt 0.744767 0.117088
vt 0.758535 0.137124
vt 0.761311 0.117708
vt 0.730866 0.162360
vt 0.751272 0.161946
vt 0.776684 0.148062
vt 0.725860 0.175522
vt 0.745706 0.176103
vt 0.750628 0.195135
vt 0.769942 0.176042
vt 0.777329 0.127452
vt 0.797757 0.127172
vt 0.798950 0.139540
vt 0.792718 0.162188
vt 0.783407 0.171561
vt 0.720026 0.087371
vt 0.731913 0.087723
vt 0.707007 0.114883
vt 0.747419 0.084984
vt 0.768915 0.074631
vt 0.762711 0.101149
vt 0.774460 0.092965
vt 0.786160 0.083098
vt 0.805222 0.075881
vt 0.812300 0.088444
vt 0.795715 0.097666
vt 0.829763 0.084960
vt 0.818334 0.101290
vt 0.781916 0.110968
vt 0.831431 0.115517
vt 0.801035 0.113329
vt 0.770881 0.060426
vt 0.847426 0.114436
vt 0.836743 0.135628
vt 0.864355 0.101807
vt 0.946341 0.147034
vt 0.951212 0.156119
vt 0.941971 0.145469
vt 0.942774 0.160889
vt 0.929282 0.157199
vt 0.869744 0.118547
vt 0.890286 0.111249
vt 0.873824 0.124060
vt 0.912201 0.137032
vt 0.914006 0.130713
vt 0.903974 0.118159
vt 0.905975 0.133878
vt 0.901683 0.135109
vt 0.906513 0.144110
vt 0.891339 0.139377
vt 0.912431 0.152372
vt 0.902046 0.146779
vt 0.859090 0.129984
vt 0.869767 0.131931
vt 0.929220 0.135666
vt 0.911637 0.158083
vt 0.916256 0.166357
vt 0.913237 0.170179
vt 0.906564 0.170253
vt 0.900923 0.159680
vt 0.895202 0.167881
vt 0.912380 0.184560
vt 0.904464 0.192586
vt 0.889606 0.181621
vt 0.951128 0.141872
vt 0.900527 0.118927
vt 0.785379 0.214683
vt 0.802749 0.219302
vt 0.777776 0.232949
vt 0.799127 0.198332
vt 0.779506 0.192657
vt 0.802868 0.184833
vt 0.828920 0.180842
vt 0.823202 0.165565
vt 0.830262 0.203760
vt 0.813013 0.149613
vt 0.843409 0.160890
vt 0.842216 0.178319
vt 0.852754 0.152532
vt 0.807380 0.235557
vt 0.844830 0.198401
vt 0.832948 0.227874
vt 0.849077 0.185541
vt 0.852185 0.200143
vt 0.859744 0.193940
vt 0.849025 0.216385
vt 0.349882 0.566144
vt 0.348307 0.589250
vt 0.338560 0.571240
vt 0.358543 0.556286
vt 0.735882 0.297891
vt 0.724759 0.299025
vt 0.814975 0.245590
vt 0.799559 0.259905
vt 0.793522 0.236639
vt 0.389395 0.566532
vt 0.398150 0.566955
vt 0.390986 0.554501
vt 0.373280 0.564317
vt 0.382420 0.538131
vt 0.369174 0.541601
vt 0.379333 0.529829
vt 0.377938 0.545608
vt 0.369237 0.535926
vt 0.361566 0.544925
vt 0.393369 0.536986
vt 0.417041 0.558977
vt 0.408631 0.545026
vt 0.414616 0.529971
vt 0.400615 0.530713
vt 0.402272 0.524572
vt 0.394279 0.522769
vt 0.427075 0.534237
vt 0.385739 0.532962
vt 0.402709 0.514033
vt 0.408589 0.514368
vt 0.395933 0.518678
vt 0.754174 0.301421
vt 0.763051 0.294757
vt 0.770536 0.305979
vt 0.381571 0.524702
vt 0.747873 0.280168
vt 0.772269 0.272044
vt 0.778893 0.305276
vt 0.780021 0.294123
vt 0.785658 0.300019
vt 0.789830 0.283679
vt 0.800032 0.278618
vt 0.794882 0.296591
vt 0.821132 0.256571
vt 0.800177 0.305046
vt 0.809482 0.298341
vt 0.813570 0.304316
vt 0.826246 0.295302
vt 0.815836 0.291709
vt 0.808043 0.294954
vt 0.806538 0.284524
vt 0.429626 0.512558
vt 0.416489 0.517339
vt 0.422097 0.508805
vt 0.425444 0.518319
vt 0.436538 0.519251
vt 0.438144 0.507240
vt 0.430723 0.505227
vt 0.440203 0.500397
vt 0.448484 0.507858
vt 0.439700 0.514237
vt 0.452334 0.494907
vt 0.445724 0.491549
vt 0.830420 0.302958
vt 0.828684 0.311346
vt 0.821130 0.315140
vt 0.808534 0.315016
vt 0.458261 0.503078
vt 0.453021 0.511654
vt 0.472749 0.500498
vt 0.463221 0.487595
vt 0.461616 0.493405
vt 0.453190 0.487218
vt 0.838739 0.302226
vt 0.452506 0.483546
vt 0.459732 0.481455
vt 0.445319 0.483825
vt 0.481246 0.493669
vt 0.491039 0.506549
vt 0.468819 0.496605
vt 0.511290 0.533350
vt 0.493731 0.519116
vt 0.515668 0.525639
vt 0.509132 0.510800
vt 0.834861 0.288295
vt 0.850203 0.290379
vt 0.829688 0.287244
vt 0.838308 0.283693
vt 0.834957 0.281418
vt 0.825002 0.281336
vt 0.822181 0.277457
vt 0.799259 0.313002
vt 0.837438 0.247581
vt 0.853505 0.225688
vt 0.873726 0.219367
vt 0.948677 0.192152
vt 0.929448 0.192553
vt 0.925117 0.180693
vt 0.922348 0.190489
vt 0.949745 0.172632
vt 0.943977 0.180306
vt 0.928760 0.174739
vt 0.907548 0.205983
vt 0.895393 0.194069
vt 0.883860 0.202592
vt 0.897036 0.215338
vt 0.927507 0.218574
vt 0.945448 0.218801
vt 0.937925 0.227035
vt 0.933216 0.234570
vt 0.923819 0.229452
vt 0.867626 0.251061
vt 0.876325 0.249288
vt 0.873112 0.256211
vt 0.869454 0.239049
vt 0.861164 0.246285
vt 0.850559 0.259592
vt 0.849614 0.244680
vt 0.873088 0.227031
vt 0.918043 0.220794
vt 0.920187 0.203662
vt 0.914433 0.211232
vt 0.900852 0.228330
vt 0.909559 0.231204
vt 0.940689 0.198973
vt 0.942164 0.204543
vt 0.923885 0.196984
vt 0.927326 0.207789
vt 0.937545 0.212626
vt 0.887361 0.222528
vt 0.888067 0.234158
vt 0.879907 0.235015
vt 0.880281 0.241230
vt 0.899610 0.236883
vt 0.925090 0.235374
vt 0.925620 0.245912
vt 0.921238 0.241417
vt 0.911309 0.246183
vt 0.908304 0.238025
vt 0.902328 0.246104
vt 0.894632 0.243373
vt 0.893241 0.253001
vt 0.888380 0.244564
vt 0.884693 0.259094
vt 0.173701 0.316262
vt 0.168965 0.316040
vt 0.162591 0.306540
vt 0.862380 0.298584
vt 0.866262 0.289934
vt 0.875526 0.296804
vt 0.161857 0.310125
vt 0.859050 0.293613
vt 0.856732 0.295818
vt 0.159490 0.299778
vt 0.480014 0.476681
vt 0.470434 0.479170
vt 0.470869 0.471017
vt 0.154646 0.310492
vt 0.161441 0.315565
vt 0.486410 0.483008
vt 0.478171 0.482943
vt 0.171722 0.325091
vt 0.176526 0.327160
vt 0.167313 0.322735
vt 0.177652 0.323289
vt 0.885589 0.291745
vt 0.882559 0.288493
vt 0.162703 0.322407
vt 0.156323 0.323868
vt 0.153205 0.317886
vt 0.148190 0.317747
vt 0.142676 0.311764
vt 0.177056 0.334046
vt 0.175230 0.342108
vt 0.173097 0.331142
vt 0.180699 0.336376
vt 0.182568 0.348695
vt 0.179600 0.349221
vt 0.171246 0.343088
vt 0.168815 0.334726
vt 0.163268 0.328324
vt 0.160291 0.334739
vt 0.166675 0.333642
vt 0.165380 0.341173
vt 0.164518 0.346706
vt 0.159854 0.343826
vt 0.534534 0.509118
vt 0.502954 0.498973
vt 0.517320 0.491972
vt 0.500332 0.487967
vt 0.115740 0.328394
vt 0.142826 0.320780
vt 0.124987 0.337777
vt 0.151470 0.331917
vt 0.154273 0.329003
vt 0.149010 0.325487
vt 0.142216 0.329324
vt 0.495544 0.481997
vt 0.154645 0.336915
vt 0.145792 0.339487
vt 0.860072 0.286462
vt 0.865751 0.277293
vt 0.852182 0.285059
vt 0.850870 0.272210
vt 0.855624 0.274691
vt 0.846045 0.277005
vt 0.847610 0.268726
vt 0.841134 0.274875
vt 0.839556 0.272073
vt 0.900712 0.284708
vt 0.898823 0.291652
vt 0.892828 0.282482
vt 0.889809 0.274836
vt 0.895796 0.274080
vt 0.884728 0.281343
vt 0.896545 0.267891
vt 0.877966 0.278676
vt 0.872395 0.267428
vt 0.918001 0.276621
vt 0.913427 0.281190
vt 0.919794 0.262793
vt 0.914468 0.262608
vt 0.915929 0.254113
vt 0.910680 0.256379
vt 0.489845 0.491257
vt 0.115487 0.341235
vt 0.864564 0.264817
vt 0.201993 0.491476
vt 0.196530 0.481270
vt 0.208667 0.488106
vt 0.203071 0.475606
vt 0.217108 0.477365
vt 0.221979 0.476424
vt 0.209376 0.469055
vt 0.218265 0.468819
vt 0.227368 0.468083
vt 0.201885 0.460570
vt 0.215799 0.459940
vt 0.223869 0.454965
vt 0.234248 0.485659
vt 0.222992 0.486042
vt 0.231166 0.471113
vt 0.236136 0.470524
vt 0.257125 0.460130
vt 0.246671 0.466030
vt 0.248286 0.456217
vt 0.239564 0.453432
vt 0.261615 0.451777
vt 0.251217 0.442471
vt 0.256731 0.437010
vt 0.269472 0.452448
vt 0.268350 0.440089
vt 0.217491 0.446424
vt 0.234536 0.448795
vt 0.225736 0.441774
vt 0.239547 0.445436
vt 0.238429 0.438323
vt 0.245745 0.432154
vt 0.233069 0.432395
vt 0.236858 0.427852
vt 0.245086 0.424129
vt 0.190754 0.450594
vt 0.183488 0.442825
vt 0.192381 0.438825
vt 0.198407 0.433308
vt 0.207245 0.450305
vt 0.209075 0.434453
vt 0.187347 0.460144
vt 0.186997 0.473093
vt 0.175465 0.452950
vt 0.215870 0.427533
vt 0.196535 0.421128
vt 0.218227 0.414819
vt 0.204223 0.416730
vt 0.192612 0.410025
vt 0.225832 0.433919
vt 0.240145 0.418870
vt 0.227127 0.419131
vt 0.191873 0.503826
vt 0.183960 0.488830
vt 0.178459 0.502383
vt 0.975755 0.172915
vt 0.967815 0.171838
vt 0.971608 0.165300
vt 0.959025 0.160995
vt 0.970225 0.177121
vt 0.959613 0.173967
vt 0.309080 0.414319
vt 0.300799 0.427831
vt 0.295766 0.421131
vt 0.192063 0.376920
vt 0.190874 0.384314
vt 0.186923 0.379942
vt 0.237589 0.407884
vt 0.228723 0.408710
vt 0.229143 0.402847
vt 0.237318 0.398611
vt 0.220356 0.401541
vt 0.226557 0.393799
vt 0.229615 0.390148
vt 0.219952 0.396821
vt 0.231636 0.384872
vt 0.219420 0.391999
vt 0.239454 0.390973
vt 0.218982 0.385275
vt 0.243005 0.384120
vt 0.244404 0.401286
vt 0.245377 0.413852
vt 0.253063 0.406792
vt 0.255028 0.393877
vt 0.246584 0.391823
vt 0.271562 0.419648
vt 0.265268 0.424388
vt 0.260703 0.410881
vt 0.979352 0.182270
vt 0.969836 0.196550
vt 0.981962 0.195297
vt 0.986175 0.201632
vt 0.976439 0.207837
vt 0.962209 0.187378
vt 0.967962 0.216841
vt 0.952378 0.196050
vt 0.954016 0.203645
vt 0.963210 0.221454
vt 0.207033 0.406704
vt 0.209756 0.392827
vt 0.204246 0.394290
vt 0.193795 0.392884
vt 0.197223 0.390723
vt 0.196336 0.384236
vt 0.206122 0.385533
vt 0.220802 0.380987
vt 0.226102 0.384304
vt 0.212076 0.384303
vt 0.213967 0.376019
vt 0.207742 0.378014
vt 0.206563 0.374302
vt 0.200474 0.377339
vt 0.197792 0.371139
vt 0.210041 0.370031
vt 0.204240 0.381337
vt 0.207576 0.366206
vt 0.190865 0.373741
vt 0.197415 0.364023
vt 0.222090 0.372019
vt 0.216126 0.371135
vt 0.215470 0.366119
vt 0.211801 0.360539
vt 0.221116 0.359060
vt 0.213560 0.350191
vt 0.229168 0.368362
vt 0.220329 0.344940
vt 0.225245 0.375664
vt 0.239670 0.376775
vt 0.283954 0.420746
vt 0.291002 0.426239
vt 0.248841 0.380199
vt 0.175073 0.444281
vt 0.162532 0.454683
vt 0.164937 0.444027
vt 0.169171 0.421918
vt 0.181579 0.423104
vt 0.161537 0.425316
vt 0.185383 0.415089
vt 0.170758 0.415198
vt 0.164610 0.415816
vt 0.154731 0.415254
vt 0.162414 0.408099
vt 0.152751 0.513881
vt 0.158811 0.517183
vt 0.138899 0.519752
vt 0.150914 0.507190
vt 0.138291 0.508430
vt 0.149446 0.498474
vt 0.160763 0.500530
vt 0.164548 0.490164
vt 0.157938 0.489609
vt 0.175991 0.479575
vt 0.173185 0.485095
vt 0.155768 0.477820
vt 0.173490 0.473815
vt 0.166213 0.469959
vt 0.153995 0.467824
vt 0.147180 0.477032
vt 0.137653 0.475682
vt 0.172362 0.459497
vt 0.145042 0.458683
vt 0.135512 0.462974
vt 0.155153 0.444736
vt 0.144350 0.451197
vt 0.152046 0.438452
vt 0.162665 0.436110
vt 0.114110 0.471842
vt 0.120046 0.463425
vt 0.127400 0.469602
vt 0.131728 0.539727
vt 0.116322 0.525947
vt 0.129189 0.521664
vt 0.127742 0.515955
vt 0.132088 0.489718
vt 0.126961 0.495308
vt 0.130730 0.475760
vt 0.117135 0.475812
vt 0.124325 0.511967
vt 0.130472 0.500793
vt 0.138887 0.488313
vt 0.128679 0.454802
vt 0.108949 0.454254
vt 0.136684 0.449634
vt 0.130471 0.441980
vt 0.121786 0.443273
vt 0.142639 0.432906
vt 0.155798 0.533533
vt 0.172007 0.520298
vt 0.139571 0.542741
vt 0.116202 0.498762
vt 0.176521 0.403331
vt 0.168953 0.397379
vt 0.176768 0.394451
vt 0.091367 0.389292
vt 0.104235 0.394933
vt 0.090545 0.410016
vt 0.080553 0.393407
vt 0.104639 0.369768
vt 0.136303 0.395553
vt 0.125223 0.401147
vt 0.125288 0.396129
vt 0.143287 0.398948
vt 0.115336 0.400466
vt 0.106342 0.401949
vt 0.118417 0.390562
vt 0.136898 0.387501
vt 0.148108 0.408173
vt 0.136831 0.408335
vt 0.109068 0.382378
vt 0.114192 0.365044
vt 0.121669 0.370292
vt 0.102421 0.352077
vt 0.130017 0.365549
vt 0.131285 0.356108
vt 0.123430 0.357703
vt 0.136779 0.363867
vt 0.125475 0.381810
vt 0.137684 0.381677
vt 0.135082 0.370983
vt 0.148898 0.372088
vt 0.122081 0.375925
vt 0.541250 0.502632
vt 0.572348 0.522514
vt 0.550340 0.518286
vt 0.167124 0.391694
vt 0.168516 0.379772
vt 0.170213 0.386766
vt 0.156823 0.382355
vt 0.176307 0.384036
vt 0.149977 0.385766
vt 0.153740 0.376307
vt 0.158949 0.397297
vt 0.166823 0.402332
vt 0.156048 0.393315
vt 0.165815 0.373690
vt 0.175572 0.367165
vt 0.172937 0.373882
vt 0.170009 0.367783
vt 0.168253 0.363731
vt 0.164609 0.367672
vt 0.156179 0.365051
vt 0.153152 0.353862
vt 0.161598 0.356600
vt 0.164206 0.353248
vt 0.147002 0.360877
vt 0.143436 0.346898
vt 0.072839 0.390858
vt 0.184078 0.400881
vt 0.377512 0.061761
vt 0.379709 0.069273
vt 0.701122 0.368942
vt 0.714582 0.319389
vt 0.695553 0.323509
vt 0.671762 0.373500
vt 0.658071 0.361103
vt 0.670098 0.306825
vt 0.669540 0.301960
vt 0.628846 0.333472
vt 0.651155 0.357639
vt 0.448773 0.044603
vt 0.452027 0.049094
vt 0.460253 0.074149
vt 0.626085 0.309014
vt 0.168590 0.670812
vt 0.619696 0.332248
vt 0.168457 0.650771
vt 0.177561 0.649205
vt 0.444138 0.133361
vt 0.459270 0.132253
vt 0.468111 0.142810
vt 0.492531 0.116860
vt 0.499398 0.105921
vt 0.501943 0.118987
vt 0.183210 0.648903
vt 0.189709 0.634484
vt 0.196599 0.625759
vt 0.207939 0.619208
vt 0.221351 0.610855
vt 0.216250 0.612004
vt 0.234804 0.602992
vt 0.671142 0.463699
vt 0.638487 0.365759
vt 0.644812 0.409054
vt 0.613136 0.348603
vt 0.598738 0.421099
vt 0.589632 0.417085
vt 0.590659 0.421595
vt 0.577611 0.415415
vt 0.089206 0.598345
vt 0.081166 0.598085
vt 0.189849 0.624996
vt 0.192278 0.609959
vt 0.193981 0.603156
vt 0.111846 0.583247
vt 0.159030 0.563717
vt 0.112286 0.567494
vt 0.122963 0.574275
vt 0.137057 0.565188
vt 0.115044 0.555009
vt 0.206515 0.591644
vt 0.218641 0.552572
vt 0.220763 0.542075
vt 0.166966 0.548949
vt 0.166614 0.539493
vt 0.233732 0.597020
vt 0.229340 0.579246
vt 0.233766 0.563651
vt 0.148195 0.543723
vt 0.215887 0.530184
vt 0.168996 0.533834
vt 0.186242 0.517387
vt 0.882122 0.405589
vt 0.861108 0.359454
vt 0.791125 0.424918
vt 0.819309 0.329053
vt 0.732662 0.308409
vt 0.584686 0.031691
vt 0.580756 0.047679
vt 0.368330 0.184399
vt 0.316948 0.081039
vt 0.297322 0.356143
vt 0.416951 0.335228
vt 0.505687 0.336735
vt 0.512270 0.359826
vt 0.785290 0.047342
vt 0.435426 0.242848
vt 0.489850 0.224006
vt 0.478985 0.158115
vt 0.466927 0.145848
vt 0.398033 0.264772
vt 0.295930 0.510254
vt 0.270799 0.543800
vt 0.275141 0.531161
vt 0.250603 0.558517
vt 0.210105 0.500825
vt 0.250058 0.475113
vt 0.262797 0.602265
vt 0.557535 0.140619
vt 0.548682 0.146709
vt 0.545544 0.142895
vt 0.240456 0.607643
vt 0.581380 0.258983
vt 0.571736 0.255283
vt 0.573549 0.246617
vt 0.575344 0.265728
vt 0.504801 0.314191
vt 0.513816 0.328768
vt 0.558012 0.280161
vt 0.562524 0.278429
vt 0.560051 0.266212
vt 0.539335 0.212367
vt 0.848413 0.049852
vt 0.876586 0.044679
vt 0.568034 0.354023
vt 0.926376 0.021528
vt 0.921874 0.028752
vt 0.927521 0.040826
vt 0.936510 0.046374
vt 0.936576 0.051759
vt 0.932414 0.028165
vt 0.945713 0.029410
vt 0.929397 0.029180
vt 0.608136 0.275594
vt 0.627079 0.291666
vt 0.970812 0.077514
vt 0.925882 0.117488
vt 0.977766 0.105437
vt 0.284022 0.442019
vt 0.286717 0.434550
vt 0.296788 0.433215
vt 0.966725 0.149384
vt 0.275583 0.440989
vt 0.307602 0.424844
vt 0.486185 0.635574
vt 0.465024 0.605122
vt 0.340859 0.615335
vt 0.492708 0.546312
vt 0.501685 0.543957
vt 0.554138 0.675718
vt 0.568563 0.597233
vt 0.766288 0.610841
vt 0.737823 0.594424
vt 0.459972 0.800302
vt 0.740460 0.617575
vt 0.527423 0.801524
vt 0.291649 0.707712
vt 0.311375 0.704238
vt 0.307532 0.688555
vt 0.347694 0.735268
vt 0.668266 0.523240
vt 0.666258 0.529422
vt 0.661282 0.467133
vt 0.697112 0.619114
vt 0.644354 0.560535
vt 0.621848 0.465830
vt 0.618091 0.555675
vt 0.613809 0.476966
vt 0.610926 0.479663
vt 0.595655 0.508649
vt 0.655648 0.695397
vt 0.640806 0.694824
vt 0.656299 0.688259
vt 0.582429 0.540451
vt 0.586776 0.513311
vt 0.679325 0.600227
vt 0.614830 0.682600
vt 0.568406 0.681480
vt 0.659300 0.659107
vt 0.681524 0.655167
vt 0.000022 0.514865
vt 0.026757 0.505763
vt 0.040584 0.546622
vt 0.040816 0.537303
vt 0.057767 0.603090
vt 0.103064 0.565979
vt 0.132457 0.555294
vt 0.108946 0.469310
vt 0.109718 0.462383
vt 0.611834 0.621911
vt 0.599794 0.622950
vt 0.081185 0.405280
vt 0.086602 0.414444
vt 0.100832 0.432550
vt 0.630727 0.102030
vt 0.627831 0.140000
vt 0.305873 0.665620
vt 0.776492 0.255245
vt 0.874022 0.195419
vt 0.872208 0.199574
vt 0.844353 0.137516
vt 0.865362 0.204855
vt 0.413681 0.522918
vt 0.783420 0.308987
vt 0.447811 0.478976
vt 0.464830 0.475179
vt 0.851932 0.300644
vt 0.472941 0.490155
vt 0.522350 0.514520
vt 0.833064 0.261687
vt 0.951671 0.164844
vt 0.931686 0.248563
vt 0.937146 0.240656
vt 0.860049 0.257983
vt 0.921703 0.248944
vt 0.907221 0.250250
vt 0.901463 0.258057
vt 0.874993 0.261365
vt 0.855213 0.304218
vt 0.535257 0.517254
vt 0.189001 0.368855
vt 0.176958 0.358780
vt 0.185083 0.362453
vt 0.171868 0.357267
vt 0.178695 0.356839
vt 0.157399 0.348239
vt 0.928186 0.259551
vt 0.935199 0.268080
vt 0.927657 0.268080
vt 0.188675 0.358582
vt 0.194491 0.357310
vt 0.929373 0.274880
vt 0.933433 0.256028
vt 0.918838 0.282786
vt 0.939194 0.252680
vt 0.207514 0.344014
vt 0.916262 0.272226
vt 0.906063 0.265286
vt 0.941795 0.263254
vt 0.262456 0.430333
vt 0.173257 0.439527
vt 0.177512 0.432258
vt 0.176438 0.465778
vt 0.190194 0.424123
vt 0.184189 0.407245
vt 0.178207 0.510027
vt 0.169979 0.508379
vt 0.172440 0.491207
vt 0.215917 0.410835
vt 0.249158 0.418147
vt 0.270493 0.430033
vt 0.279734 0.430640
vt 0.183008 0.388552
vt 0.177769 0.375546
vt 0.224577 0.414185
vt 0.204071 0.353902
vt 0.173379 0.407515
vt 0.139108 0.420758
vt 0.160305 0.403436
vt 0.145734 0.390714
vt 0.162422 0.389706
vt 0.478328 0.093246
vt 0.478808 0.085583
vt 0.480471 0.103272
vt 0.484104 0.097494
vt 0.482280 0.108985
vt 0.488710 0.106590
vt 0.492404 0.093387
vt 0.463689 0.339646
vt 0.472858 0.345136
vt 0.480545 0.348307
vt 0.496254 0.355448
vt 0.452996 0.314768
vt 0.464589 0.302871
vt 0.485226 0.306519
vt 0.474983 0.332620
vt 0.492339 0.328187
vt 0.470274 0.547158
vt 0.457109 0.551007
vt 0.353629 0.661021
vt 0.343404 0.685301
vt 0.340027 0.656825
vt 0.322123 0.678901
vt 0.335831 0.712569
vt 0.353619 0.722761
vt 0.366051 0.718251
vt 0.372918 0.692656
vt 0.366991 0.672917
vt 0.610598 0.452859
vt 0.616570 0.462208
vt 0.607342 0.462925
vt 0.610831 0.472643
vt 0.600372 0.459999
vt 0.597785 0.465993
vt 0.874228 0.146519
vt 0.877182 0.157303
vt 0.861143 0.153161
vt 0.875325 0.172296
vt 0.888664 0.169913
vt 0.884276 0.193213
vt 0.869331 0.188949
vt 0.850010 0.172489
vt 0.857278 0.182644
vt 0.465048 0.531234
vt 0.460649 0.517425
vt 0.477943 0.517209
vt 0.445649 0.532519
vt 0.110034 0.431435
vt 0.115410 0.421641
vt 0.126105 0.430504
vt 0.104794 0.417350
vt 0.110047 0.410905
vt 0.122269 0.409629
vt 0.129926 0.408382
vt 0.126294 0.421629
vt 0.493835 0.107429
vn -0.7093 0.2261 0.6677
vn -0.6941 0.5583 0.4544
vn 0.1879 0.0731 0.9795
vn -0.9379 0.2940 -0.1842
vn -0.9100 0.4054 -0.0867
vn -0.7120 0.4482 0.5405
vn -0.9010 0.3582 -0.2447
vn 0.1033 0.4068 0.9077
vn 0.3130 0.3517 0.8822
vn -0.2688 0.6941 0.6678
vn -0.3604 0.9231 0.1340
vn -0.9074 0.3775 -0.1846
vn -0.6635 0.6668 0.3393
vn -0.8844 0.3708 -0.2835
vn 0.3604 0.2645 0.8945
vn 0.2862 0.6443 0.7092
vn -0.6747 0.6181 -0.4034
vn -0.8507 0.5095 -0.1294
vn -0.2796 0.6143 -0.7379
vn -0.6617 0.6774 -0.3214
vn -0.7768 0.5080 -0.3721
vn -0.4166 0.5976 -0.6850
vn -0.7191 0.6508 -0.2436
vn -0.8014 0.4658 -0.3752
vn -0.6373 0.5001 -0.5863
vn -0.6340 0.6348 -0.4417
vn -0.7955 0.5725 -0.1986
vn -0.6811 0.6560 -0.3253
vn -0.3926 0.7900 -0.4710
vn -0.5950 0.6588 -0.4605
vn -0.6641 0.7153 -0.2174
vn -0.5723 0.6441 -0.5075
vn -0.4213 0.7676 -0.4830
vn 0.0630 0.5533 0.8306
vn -0.6166 0.7873 -0.0069
vn -0.6478 0.6389 -0.4148
vn -0.7024 0.6957 -0.1503
vn -0.6941 0.5600 -0.4525
vn -0.7349 0.4314 -0.5232
vn -0.6329 0.7386 -0.2322
vn -0.6943 0.5657 -0.4449
vn -0.5487 0.8313 -0.0889
vn -0.8098 0.4220 0.4076
vn -0.9773 0.1910 0.0921
vn -0.8569 0.4633 -0.2260
vn -0.9184 0.3915 -0.0572
vn -0.7543 0.6487 -0.1008
vn -0.7738 0.5803 -0.2539
vn -0.7197 0.6624 -0.2080
vn -0.6722 0.6855 -0.2798
vn -0.6920 0.6333 -0.3466
vn -0.7546 0.4992 -0.4259
vn -0.8339 0.4644 -0.2981
vn 0.3778 0.5873 0.7158
vn 0.5878 0.6218 0.5176
vn 0.6009 0.1726 0.7804
vn 0.6246 0.5745 0.5289
vn -0.1987 0.9445 0.2616
vn -0.3509 0.9260 0.1392
vn 0.4663 0.3002 0.8321
vn -0.6096 0.7397 0.2849
vn -0.7219 0.5115 -0.4660
vn -0.2812 0.9592 -0.0305
vn -0.4102 0.8823 -0.2308
vn -0.1371 0.7980 0.5868
vn 0.1579 0.2830 0.9460
vn 0.3064 0.2683 0.9133
vn 0.5308 0.6651 0.5252
vn 0.6890 0.4219 0.5892
vn 0.5634 0.6007 0.5672
vn 0.6327 0.2191 0.7428
vn -0.4638 0.5772 0.6721
vn -0.4521 0.8016 -0.3913
vn 0.2746 0.7521 0.5991
vn -0.1421 0.7560 0.6390
vn -0.4249 0.8957 0.1312
vn -0.6774 0.7333 0.0577
vn -0.6231 0.4695 0.6256
vn -0.9940 -0.0968 -0.0516
vn -0.6282 0.5381 0.5620
vn -0.5254 0.5475 -0.6513
vn -0.4461 0.7931 -0.4148
vn -0.3750 0.6582 -0.6528
vn -0.2162 0.6803 -0.7003
vn -0.7668 0.3801 0.5172
vn -0.5204 0.8062 -0.2815
vn -0.5567 0.7356 0.3860
vn -0.1927 0.5173 0.8338
vn -0.1943 0.7292 -0.6562
vn -0.2226 0.9677 -0.1185
vn -0.6678 0.6911 -0.2766
vn -0.2362 0.8076 -0.5404
vn -0.2274 0.6498 0.7253
vn -0.6309 0.3934 0.6688
vn -0.7451 0.3940 -0.5381
vn -0.7945 0.4369 -0.4218
vn -0.6691 0.5951 -0.4451
vn -0.7389 0.3391 -0.5823
vn -0.7715 0.2458 -0.5868
vn -0.6713 0.6675 -0.3224
vn -0.5799 0.7250 -0.3717
vn -0.7292 0.3586 -0.5828
vn -0.1051 0.8147 -0.5703
vn -0.5882 0.7221 -0.3642
vn -0.2297 0.8261 -0.5147
vn -0.2081 0.9222 -0.3260
vn -0.5154 0.7895 -0.3333
vn -0.5226 0.6712 -0.5258
vn -0.2404 0.9562 -0.1670
vn -0.5762 0.7096 -0.4055
vn -0.6209 0.6757 -0.3973
vn -0.6164 0.7077 -0.3453
vn -0.5725 0.6871 -0.4474
vn -0.6105 0.6564 -0.4432
vn -0.5219 0.6940 -0.4959
vn -0.3256 0.9143 -0.2411
vn -0.4722 0.7104 -0.5219
vn 0.0392 0.9944 0.0985
vn 0.1165 0.9903 0.0755
vn 0.6021 0.6943 0.3942
vn 0.7543 0.3892 0.5287
vn -0.6959 0.5658 -0.4423
vn -0.6273 0.6952 -0.3511
vn -0.8227 0.1133 -0.5571
vn -0.7353 0.2246 -0.6394
vn -0.6458 0.3638 -0.6712
vn -0.5094 0.3572 -0.7829
vn -0.4622 0.2901 -0.8380
vn -0.4963 0.7618 -0.4164
vn -0.6181 0.7433 0.2559
vn 0.0470 0.9904 -0.1304
vn -0.0946 0.9164 -0.3890
vn 0.1269 0.9542 -0.2709
vn -0.2517 0.7247 -0.6414
vn 0.1445 0.4088 0.9011
vn 0.2026 0.6962 0.6886
vn -0.3636 0.4576 0.8114
vn 0.1262 0.2985 0.9460
vn 0.4988 0.5304 0.6855
vn -0.6781 0.7304 -0.0816
vn -0.7995 0.5881 -0.1221
vn -0.6577 0.5803 -0.4802
vn -0.8309 0.3210 -0.4545
vn -0.5469 0.8046 -0.2313
vn 0.1452 0.9703 0.1937
vn -0.6593 0.7478 0.0783
vn -0.7814 0.6017 0.1658
vn -0.1784 0.8081 0.5614
vn 0.5250 0.3543 0.7738
vn -0.3825 0.7347 0.5603
vn 0.6752 0.2797 0.6825
vn 0.0471 0.9934 -0.1045
vn 0.4856 0.6033 0.6326
vn -0.0523 0.9933 -0.1031
vn 0.1167 0.6950 0.7094
vn -0.4828 0.8757 0.0125
vn 0.3680 0.7832 0.5013
vn 0.1493 0.5485 0.8227
vn -0.5887 0.6485 0.4825
vn -0.0835 0.2934 0.9523
vn -0.4214 0.8863 -0.1918
vn 0.0342 0.8322 0.5534
vn 0.7696 0.3957 0.5012
vn -0.3377 0.6440 0.6864
vn -0.6903 0.6678 0.2786
vn -0.4752 0.8707 0.1264
vn -0.3485 0.9211 0.1735
vn 0.5651 0.7615 0.3173
vn -0.2810 0.8823 0.3776
vn -0.1934 0.9458 0.2607
vn -0.7990 0.4613 0.3857
vn -0.7158 0.6109 0.3383
vn -0.8182 0.4875 0.3046
vn -0.8520 0.5178 0.0769
vn -0.8904 0.4551 -0.0050
vn -0.8706 0.4889 0.0550
vn -0.6155 0.7759 0.1384
vn -0.7877 0.5679 0.2388
vn -0.6752 0.6905 0.2594
vn -0.6763 0.6742 0.2968
vn -0.8145 0.5217 0.2538
vn -0.7385 0.6109 0.2852
vn -0.8309 0.5547 0.0449
vn -0.4283 0.8848 0.1837
vn -0.5568 0.7421 0.3732
vn -0.1029 0.8583 0.5027
vn -0.7552 0.6555 -0.0058
vn -0.4226 0.7572 0.4980
vn -0.3784 0.9053 0.1930
vn -0.6326 0.6976 0.3365
vn -0.7311 0.6464 0.2186
vn -0.6124 0.7379 -0.2836
vn -0.5960 0.7952 0.1117
vn -0.3970 0.8109 0.4300
vn -0.6904 0.6368 0.3432
vn -0.6062 0.6690 -0.4300
vn -0.1047 0.7853 -0.6101
vn -0.3131 0.8262 -0.4684
vn -0.4962 0.8613 -0.1092
vn -0.7268 0.5756 -0.3746
vn -0.5947 0.7632 0.2529
vn 0.0673 0.8077 0.5857
vn -0.5719 0.7985 0.1881
vn -0.6707 0.7407 0.0379
vn -0.5225 0.8433 -0.1256
vn -0.6079 0.7926 -0.0484
vn -0.4739 0.8806 -0.0011
vn -0.4335 0.7612 -0.4823
vn -0.5974 0.7671 -0.2339
vn -0.4661 0.8843 0.0278
vn -0.7528 0.6582 0.0131
vn -0.5868 0.7704 -0.2494
vn -0.4021 0.9106 0.0960
vn -0.4603 0.8754 -0.1478
vn -0.4077 0.9111 0.0597
vn -0.5679 0.7562 -0.3251
vn -0.4711 0.8762 -0.1011
vn -0.2049 0.9767 0.0635
vn -0.2824 0.9365 0.2079
vn -0.0383 0.9531 0.3001
vn 0.0236 0.6288 0.7772
vn -0.1474 0.9722 0.1818
vn -0.2238 0.8022 0.5535
vn 0.2124 0.8493 0.4832
vn -0.0444 0.9517 0.3038
vn -0.6969 0.7162 0.0379
vn -0.4232 0.8920 0.1590
vn -0.1658 0.8962 0.4114
vn -0.3534 0.8836 0.3074
vn -0.5607 0.8274 0.0316
vn -0.2318 0.9720 0.0395
vn -0.7939 0.6064 0.0447
vn -0.4334 0.3678 0.8227
vn -0.4259 0.5239 -0.7377
vn -0.2457 0.4454 -0.8610
vn -0.1207 0.3920 -0.9120
vn -0.6012 0.7982 0.0376
vn -0.3554 0.8551 -0.3775
vn -0.1635 0.5732 -0.8029
vn -0.0491 0.9134 -0.4041
vn -0.4916 0.3984 -0.7744
vn -0.1151 0.0188 -0.9932
vn -0.4564 0.8033 0.3827
vn -0.2255 0.8210 0.5245
vn -0.1711 0.6038 0.7785
vn -0.2452 0.4899 -0.8366
vn 0.4966 0.8120 0.3066
vn -0.4417 0.5341 -0.7209
vn 0.2547 0.5416 -0.8011
vn 0.1886 0.6935 -0.6954
vn -0.1938 0.3765 -0.9059
vn -0.1532 0.4960 -0.8547
vn -0.4035 0.6611 -0.6326
vn -0.5956 0.6430 -0.4814
vn -0.3507 0.3955 -0.8489
vn 0.1688 0.6649 -0.7276
vn -0.6281 0.7074 -0.3242
vn -0.4572 0.8154 -0.3551
vn -0.0441 0.8831 -0.4671
vn 0.2489 0.4725 -0.8455
vn -0.1554 0.6026 -0.7828
vn -0.4081 0.6948 -0.5922
vn -0.5960 0.4669 -0.6533
vn -0.6172 0.4380 -0.6536
vn -0.0454 0.1539 -0.9870
vn -0.3808 0.8468 -0.3715
vn -0.3241 0.9400 -0.1065
vn 0.4121 0.4075 -0.8149
vn 0.0711 0.2920 -0.9538
vn -0.1451 0.9386 -0.3129
vn 0.2523 0.5227 -0.8144
vn -0.1230 0.8563 -0.5015
vn -0.3938 0.3574 -0.8469
vn -0.2378 0.7253 -0.6461
vn -0.3586 0.9328 0.0346
vn -0.3590 0.9300 0.0788
vn -0.3672 0.9301 0.0097
vn -0.5008 0.8626 -0.0711
vn -0.2325 0.9722 0.0269
vn -0.0964 0.9952 0.0139
vn 0.0904 0.9689 -0.2305
vn -0.0582 0.8659 -0.4967
vn 0.0435 0.9918 0.1201
vn -0.4106 0.8827 0.2287
vn -0.3406 0.9400 -0.0217
vn -0.5470 0.8293 -0.1143
vn -0.2440 0.8836 -0.3996
vn -0.2467 0.8351 -0.4917
vn -0.3021 0.8792 -0.3684
vn -0.4142 0.7680 -0.4885
vn -0.3808 0.9117 -0.1542
vn -0.5576 0.5201 -0.6470
vn -0.2661 0.9146 0.3044
vn 0.1762 0.6885 0.7035
vn -0.3083 0.6696 0.6758
vn -0.1316 0.9813 0.1402
vn -0.5034 0.7334 -0.4569
vn -0.4022 0.2925 -0.8676
vn -0.2904 0.5360 -0.7927
vn -0.6878 0.7248 0.0402
vn -0.3195 0.3812 -0.8675
vn -0.0365 0.8048 0.5924
vn -0.7602 0.4391 0.4789
vn -0.2152 0.1914 0.9576
vn -0.3668 0.6429 -0.6724
vn -0.2643 0.5387 0.8000
vn -0.0199 0.7565 0.6537
vn -0.1160 0.3165 0.9415
vn -0.5058 0.8164 -0.2786
vn 0.1481 0.9618 0.2300
vn -0.2610 0.8558 -0.4466
vn -0.0180 0.6809 -0.7322
vn -0.1176 0.7392 -0.6631
vn -0.1414 0.6537 -0.7434
vn -0.0384 0.6785 -0.7336
vn -0.0911 0.7278 -0.6798
vn -0.2806 0.5895 -0.7574
vn -0.1920 0.7730 -0.6046
vn -0.1700 0.8584 -0.4839
vn -0.3362 0.7770 -0.5322
vn -0.2849 0.5098 -0.8118
vn -0.2624 0.1953 -0.9450
vn -0.1798 0.6316 -0.7541
vn -0.0346 0.6707 0.7410
vn -0.5835 0.4591 0.6699
vn -0.1699 0.3496 0.9214
vn 0.0566 0.9782 0.1997
vn -0.2626 0.9473 0.1834
vn -0.0741 0.6746 0.7344
vn -0.0292 0.8400 -0.5418
vn -0.3064 -0.0269 -0.9515
vn 0.4518 0.8383 0.3053
vn -0.6886 0.5128 0.5127
vn -0.3535 -0.9348 0.0333
vn -0.6353 -0.7721 0.0116
vn -0.6212 -0.7833 -0.0236
vn -0.0922 -0.9894 0.1125
vn -0.4340 -0.8968 0.0865
vn -0.1563 -0.9822 0.1046
vn -0.4083 -0.9127 0.0162
vn -0.1591 -0.9781 0.1342
vn 0.0146 -0.9919 0.1263
vn 0.0587 -0.9856 0.1587
vn 0.0247 -0.9799 0.1978
vn -0.8068 -0.5725 -0.1458
vn -0.6412 -0.7636 -0.0760
vn -0.8028 -0.5916 -0.0745
vn -0.8072 -0.5899 -0.0219
vn -0.8383 -0.5451 -0.0039
vn -0.7891 -0.6099 0.0733
vn -0.7311 -0.6777 0.0789
vn -0.4470 -0.8859 0.1242
vn -0.7175 -0.6866 0.1174
vn -0.5768 -0.7934 0.1944
vn -0.1626 -0.9705 0.1779
vn -0.6466 -0.7533 -0.1204
vn 0.0001 -0.9896 0.1438
vn 0.0368 -0.9853 0.1668
vn 0.0027 -0.9986 0.0524
vn -0.0526 -0.9974 0.0490
vn -0.2631 -0.9504 0.1662
vn 0.0302 -0.9961 0.0823
vn -0.0199 -0.9996 0.0178
vn 0.0188 -0.9992 0.0346
vn 0.0508 -0.9869 0.1534
vn 0.0720 -0.9803 0.1840
vn 0.0570 -0.9871 0.1496
vn 0.0591 -0.9740 0.2189
vn 0.0526 -0.9920 0.1144
vn -0.4260 -0.8642 0.2678
vn -0.7360 -0.5972 0.3189
vn -0.6324 -0.7275 0.2662
vn -0.7366 -0.5275 0.4233
vn -0.6027 -0.7269 0.3291
vn -0.2662 -0.9490 0.1691
vn -0.5345 -0.7686 0.3514
vn -0.9452 -0.3262 -0.0107
vn -0.9333 -0.3475 -0.0899
vn -0.9902 -0.1388 -0.0120
vn -0.9987 -0.0408 0.0315
vn -0.9984 0.0526 -0.0225
vn -0.8952 -0.4414 0.0613
vn -0.9875 -0.0615 -0.1448
vn -0.9763 -0.0691 -0.2052
vn -0.9320 -0.3377 -0.1316
vn -0.9558 -0.1193 -0.2686
vn -0.9406 -0.2606 -0.2176
vn -0.9880 -0.1328 -0.0794
vn -0.9949 0.0626 -0.0790
vn -0.9464 0.3030 -0.1116
vn -0.9710 0.1567 -0.1808
vn -0.9649 0.2410 -0.1043
vn -0.9833 0.1656 0.0757
vn -0.8070 0.5700 0.1547
vn -0.9145 0.3828 -0.1311
vn -0.8193 0.5319 -0.2141
vn -0.7696 0.6366 0.0492
vn -0.8515 0.5189 0.0753
vn -0.7033 0.5588 0.4394
vn -0.9814 0.1920 -0.0086
vn -0.9723 0.1959 0.1275
vn -0.9565 0.2815 0.0765
vn -0.8804 0.4376 -0.1826
vn -0.8650 0.4989 -0.0531
vn -0.7664 0.5202 -0.3768
vn -0.7638 0.6314 -0.1337
vn -0.5164 0.6030 -0.6080
vn -0.5204 0.5371 -0.6638
vn -0.8569 -0.5015 0.1189
vn -0.9515 -0.3010 0.0638
vn -0.8503 -0.3926 0.3506
vn -0.8274 -0.2544 0.5006
vn -0.9167 -0.2431 0.3172
vn -0.8888 -0.2210 0.4015
vn -0.9149 -0.1842 0.3593
vn -0.8899 -0.3806 0.2516
vn -0.9897 -0.0917 -0.1096
vn -0.8893 0.0431 0.4554
vn -0.9475 0.1150 0.2982
vn -0.5252 -0.8260 0.2045
vn -0.9866 0.0593 0.1518
vn -0.9636 -0.2246 0.1452
vn -0.8955 -0.4220 0.1413
vn -0.9396 0.2966 0.1710
vn -0.8906 0.4084 0.1998
vn -0.9187 0.3786 0.1126
vn -0.8165 0.0162 0.5771
vn -0.8041 0.1879 0.5640
vn -0.8709 0.2345 0.4319
vn -0.8427 0.2609 0.4709
vn -0.9022 0.2981 0.3118
vn -0.8608 0.4118 0.2991
vn -0.8705 0.2814 0.4039
vn -0.8887 0.4582 0.0161
vn -0.9098 0.4150 0.0006
vn -0.8925 0.4509 0.0042
vn -0.1027 -0.9925 -0.0662
vn -0.0063 -0.9997 -0.0241
vn -0.0015 -1.0000 0.0098
vn -0.0880 -0.9961 -0.0022
vn 0.0313 -0.9953 0.0917
vn -0.0068 -0.9957 0.0923
vn -0.1204 -0.9885 0.0916
vn 0.0126 -0.9922 0.1242
vn 0.0524 -0.9986 0.0062
vn 0.0438 -0.9946 0.0943
vn 0.0898 -0.9838 0.1548
vn 0.1083 -0.9886 0.1050
vn 0.0573 -0.9981 -0.0205
vn -0.0974 -0.9922 -0.0773
vn 0.0413 -0.9991 0.0018
vn 0.0850 -0.9961 0.0221
vn 0.1068 -0.9916 0.0730
vn 0.0785 -0.9966 0.0235
vn 0.1012 -0.9923 0.0720
vn 0.1041 -0.9936 0.0435
vn 0.0993 -0.9943 0.0384
vn 0.1142 -0.9934 0.0123
vn -0.0070 -0.9900 0.1409
vn 0.0630 -0.9977 0.0235
vn 0.0921 -0.9906 0.1014
vn 0.0667 -0.9920 0.1070
vn 0.0765 -0.9892 0.1247
vn 0.0982 -0.9845 0.1452
vn 0.1100 -0.9845 0.1365
vn 0.0909 -0.9867 0.1348
vn 0.0857 -0.9774 0.1935
vn 0.0925 -0.9760 0.1973
vn 0.0732 -0.9812 0.1783
vn 0.0646 -0.9925 0.1038
vn 0.0986 -0.9880 0.1192
vn 0.0934 -0.9934 0.0671
vn 0.0722 -0.9937 0.0863
vn 0.0598 -0.9889 0.1362
vn 0.0590 -0.9921 0.1104
vn 0.0728 -0.9758 0.2061
vn 0.0655 -0.9908 0.1188
vn 0.0666 -0.9945 0.0806
vn 0.0588 -0.9877 0.1452
vn 0.0613 -0.9855 0.1584
vn -0.5996 -0.7363 -0.3135
vn -0.7497 -0.5877 -0.3042
vn -0.7397 -0.4897 -0.4615
vn -0.7039 -0.5084 -0.4960
vn -0.5449 -0.7153 -0.4376
vn -0.5698 -0.7966 -0.2016
vn -0.3676 -0.8999 -0.2344
vn -0.3476 -0.9352 -0.0680
vn -0.7967 -0.3220 -0.5115
vn -0.7715 -0.3856 -0.5061
vn -0.7538 -0.3431 -0.5605
vn -0.5971 -0.5805 -0.5536
vn -0.7726 -0.0816 -0.6297
vn -0.6913 -0.3497 -0.6323
vn -0.7547 -0.0049 -0.6561
vn -0.7505 -0.0040 -0.6609
vn -0.7952 -0.4166 -0.4406
vn -0.2200 -0.9548 -0.1999
vn -0.3465 -0.8713 -0.3476
vn -0.1076 -0.9836 -0.1448
vn -0.2350 -0.9014 -0.3636
vn -0.0294 -0.9865 -0.1610
vn -0.4651 -0.7410 -0.4844
vn -0.5546 -0.5254 -0.6453
vn -0.7603 -0.5245 -0.3832
vn -0.6213 -0.2437 -0.7447
vn -0.5768 -0.4345 -0.6918
vn -0.7708 0.0559 -0.6347
vn -0.7448 -0.0289 -0.6666
vn -0.7954 -0.0871 -0.5998
vn -0.8552 -0.4213 -0.3019
vn -0.9363 0.0735 -0.3434
vn -0.8991 -0.0434 -0.4355
vn -0.8545 -0.2820 -0.4363
vn -0.8824 0.1401 -0.4491
vn -0.8166 0.0851 -0.5709
vn -0.9377 0.2123 -0.2750
vn -0.9089 0.2362 -0.3437
vn -0.9096 0.3437 -0.2334
vn -0.7691 -0.0143 -0.6390
vn -0.8051 0.1275 -0.5792
vn -0.7907 0.0532 -0.6099
vn -0.7452 0.0569 -0.6644
vn -0.7534 -0.0825 -0.6524
vn -0.7861 0.1625 -0.5964
vn -0.9046 0.2692 -0.3304
vn -0.7088 0.2596 -0.6559
vn -0.6609 0.1663 -0.7318
vn -0.8392 0.1789 -0.5136
vn -0.8178 0.1323 -0.5601
vn -0.8743 0.2564 -0.4120
vn -0.8250 0.2982 -0.4801
vn -0.8711 0.3756 -0.3164
vn -0.5693 0.3186 -0.7579
vn -0.6298 0.5965 -0.4975
vn -0.3766 -0.0039 -0.9264
vn -0.9975 0.0272 -0.0646
vn -0.8710 0.4837 -0.0867
vn -0.8219 0.5622 -0.0922
vn 0.0991 -0.9950 0.0118
vn 0.0294 -0.9987 0.0428
vn 0.0696 -0.9935 0.0901
vn 0.0595 -0.9982 -0.0110
vn 0.0481 -0.9925 0.1123
vn 0.0437 -0.9958 0.0809
vn -0.0079 -0.9992 0.0380
vn 0.0198 -0.9995 -0.0247
vn -0.1395 -0.8917 -0.4306
vn -0.0830 -0.8160 -0.5721
vn -0.0800 -0.9611 -0.2644
vn -0.0521 -0.9872 -0.1507
vn -0.0156 -0.9498 -0.3126
vn 0.0338 -0.9989 0.0313
vn 0.0544 -0.9946 0.0889
vn 0.0283 -0.9985 0.0473
vn 0.0428 -0.9698 -0.2399
vn 0.0137 -0.9977 0.0666
vn -0.0181 -0.9966 0.0810
vn -0.1252 -0.7107 -0.6923
vn 0.0286 -0.9990 0.0346
vn 0.0319 -0.9987 -0.0403
vn 0.0701 -0.9969 0.0358
vn 0.0541 -0.9962 0.0680
vn 0.0129 -0.9992 0.0390
vn 0.0161 -0.9981 0.0595
vn 0.0379 -0.9969 0.0695
vn 0.0438 -0.9966 0.0701
vn 0.0132 -0.9971 0.0755
vn 0.0021 -0.9984 0.0559
vn 0.0449 -0.9948 0.0917
vn 0.0122 -0.9963 0.0849
vn 0.0198 -0.9975 0.0674
vn 0.0249 -0.9975 0.0663
vn 0.0380 -0.9963 0.0777
vn -0.0099 -0.9959 0.0903
vn 0.0277 -0.9969 0.0735
vn 0.0412 -0.9955 0.0848
vn -0.0059 -0.9976 0.0697
vn -0.0074 -0.9964 0.0850
vn 0.3453 -0.9337 0.0942
vn -0.0104 -0.9982 0.0588
vn -0.0246 -0.9969 0.0750
vn 0.0249 -0.8269 -0.5618
vn 0.1156 -0.9279 -0.3544
vn 0.1077 -0.6971 -0.7089
vn 0.1852 -0.7247 -0.6637
vn 0.0204 -0.6641 -0.7473
vn -0.0414 -0.6984 -0.7145
vn 0.0079 -0.4941 -0.8694
vn 0.0065 -0.2227 -0.9749
vn 0.0740 -0.3745 -0.9243
vn 0.1047 -0.4145 -0.9040
vn 0.1491 -0.4654 -0.8725
vn 0.1669 -0.3528 -0.9207
vn 0.2067 -0.2374 -0.9492
vn 0.2647 -0.5333 -0.8034
vn 0.1219 -0.2163 -0.9687
vn 0.3759 -0.2539 -0.8912
vn 0.3825 -0.4570 -0.8030
vn 0.2966 -0.0453 -0.9539
vn 0.4127 0.0305 -0.9104
vn 0.2125 -0.8474 -0.4866
vn 0.3432 -0.6730 -0.6552
vn 0.2808 -0.8631 -0.4198
vn 0.1056 -0.9520 -0.2872
vn 0.0572 -0.9948 -0.0846
vn 0.0850 -0.9935 -0.0762
vn 0.0173 -0.9998 0.0021
vn 0.2299 -0.9452 -0.2316
vn 0.1866 -0.9551 -0.2300
vn 0.3810 -0.8064 -0.4524
vn 0.4173 -0.5143 -0.7492
vn 0.4246 -0.6616 -0.6181
vn 0.5183 -0.4482 -0.7283
vn 0.1800 -0.9685 -0.1721
vn 0.2121 -0.9641 -0.1597
vn 0.3445 -0.8530 -0.3921
vn 0.4802 -0.6596 -0.5782
vn 0.4064 -0.8260 -0.3906
vn 0.0110 -0.9990 0.0423
vn 0.4650 -0.3403 -0.8173
vn 0.5167 -0.1053 -0.8497
vn -0.5347 -0.3954 -0.7468
vn -0.6235 -0.1283 -0.7712
vn -0.7099 -0.0345 -0.7034
vn -0.5371 -0.3075 -0.7855
vn -0.5511 -0.1148 -0.8265
vn -0.6466 0.0869 -0.7579
vn -0.5384 0.0736 -0.8395
vn -0.5760 0.2128 -0.7893
vn -0.6256 0.1887 -0.7570
vn -0.4251 0.1077 -0.8987
vn -0.4451 -0.0925 -0.8907
vn -0.4898 0.2528 -0.8344
vn -0.4766 0.2906 -0.8297
vn -0.5512 0.4001 -0.7322
vn -0.5183 0.2517 -0.8173
vn -0.4226 0.2565 -0.8693
vn -0.6603 0.1523 -0.7354
vn -0.8658 0.2553 -0.4303
vn -0.7258 0.3457 -0.5947
vn -0.9093 0.4028 -0.1041
vn -0.4573 0.3582 -0.8140
vn -0.4376 0.3384 -0.8331
vn -0.5310 0.2693 -0.8034
vn -0.5927 0.2586 -0.7628
vn -0.4626 0.4241 -0.7786
vn -0.7793 0.4515 -0.4346
vn -0.4121 0.5647 -0.7150
vn -0.4378 0.5691 -0.6961
vn -0.6006 0.4587 -0.6548
vn -0.2752 0.3609 -0.8911
vn -0.3505 0.3680 -0.8612
vn -0.1807 0.4087 -0.8946
vn -0.2800 0.5040 -0.8170
vn -0.5240 0.4528 -0.7214
vn -0.3206 0.5213 -0.7909
vn -0.3834 0.3673 -0.8474
vn -0.2024 0.4644 -0.8622
vn -0.2789 0.5657 -0.7760
vn -0.3237 0.6017 -0.7302
vn -0.2441 0.6121 -0.7522
vn -0.2024 0.3142 -0.9275
vn -0.1577 0.3820 -0.9106
vn -0.1551 0.5067 -0.8480
vn -0.5711 0.5137 -0.6403
vn -0.7614 0.5464 -0.3488
vn -0.4883 0.5875 -0.6453
vn -0.6862 0.3791 -0.6208
vn -0.7527 0.6073 -0.2543
vn -0.4473 0.6573 -0.6065
vn -0.4421 0.6966 -0.5651
vn -0.3946 0.6406 -0.6587
vn -0.3927 -0.7082 -0.5868
vn -0.4586 -0.5173 -0.7225
vn -0.2958 -0.7493 -0.5925
vn 0.0043 -0.9983 -0.0588
vn 0.0373 -0.9993 0.0019
vn 0.1183 -0.9930 -0.0037
vn -0.1533 -0.9153 -0.3725
vn -0.1042 -0.9656 -0.2383
vn -0.2108 -0.8845 -0.4162
vn -0.0469 -0.9858 -0.1613
vn -0.1072 -0.9189 -0.3795
vn -0.4034 -0.5301 -0.7459
vn -0.3253 -0.6146 -0.7186
vn -0.1977 -0.8138 -0.5465
vn -0.4492 -0.3345 -0.8284
vn -0.3989 -0.3537 -0.8460
vn -0.3557 -0.4846 -0.7992
vn -0.2923 -0.5805 -0.7600
vn -0.3111 -0.3131 -0.8973
vn -0.2122 -0.4900 -0.8455
vn -0.2981 -0.0689 -0.9520
vn -0.2601 0.1684 -0.9508
vn -0.1586 0.1008 -0.9822
vn -0.1207 -0.7877 -0.6042
vn -0.1938 -0.7018 -0.6855
vn -0.1485 -0.4209 -0.8949
vn -0.1547 -0.1909 -0.9693
vn -0.0432 -0.3294 -0.9432
vn -0.0900 0.2895 -0.9529
vn -0.1323 0.4179 -0.8988
vn 0.0345 0.3238 -0.9455
vn 0.2801 0.3292 -0.9018
vn 0.9470 0.2871 0.1440
vn 0.9066 0.2769 0.3183
vn 0.8295 0.5162 0.2133
vn -0.2006 0.9260 -0.3198
vn -0.6481 0.6976 -0.3056
vn 0.1207 0.9861 -0.1145
vn -0.7509 0.4309 -0.5005
vn 0.8775 0.2566 0.4052
vn 0.9156 0.3802 0.1306
vn 0.4918 0.8176 0.2994
vn 0.0241 0.9642 -0.2640
vn -0.8420 0.4938 -0.2172
vn -0.4780 0.8693 0.1259
vn -0.7980 0.5970 -0.0824
vn -0.8232 0.4524 -0.3430
vn -0.5954 0.6122 -0.5202
vn -0.5713 0.7805 -0.2539
vn 0.4162 0.7352 0.5350
vn 0.6301 0.7735 0.0681
vn 0.6335 0.6574 0.4080
vn 0.5123 0.4945 0.7022
vn 0.7769 0.5779 0.2498
vn 0.3907 0.7612 0.5177
vn 0.9434 -0.3229 0.0763
vn 0.8637 0.3125 0.3954
vn 0.3063 0.8423 0.4436
vn 0.4209 0.7319 0.5359
vn 0.3696 0.9232 0.1055
vn 0.3693 0.7047 -0.6058
vn 0.5765 0.7588 -0.3032
vn 0.5243 0.1791 0.8325
vn 0.3485 0.9354 0.0602
vn 0.3361 0.2710 -0.9020
vn -0.2853 0.8471 -0.4484
vn 0.0665 -0.0777 -0.9948
vn 0.0352 0.2339 -0.9716
vn -0.1555 0.6055 -0.7805
vn 0.3115 0.4552 -0.8341
vn -0.7900 0.5862 0.1797
vn -0.1410 0.9469 -0.2890
vn -0.1030 0.9814 -0.1622
vn -0.3552 0.7765 0.5205
vn -0.3397 0.9390 0.0528
vn -0.2528 0.7826 0.5688
vn -0.1629 0.9639 -0.2108
vn -0.0951 0.9898 0.1058
vn -0.2725 0.9617 -0.0288
vn -0.0637 0.9979 -0.0062
vn 0.1170 0.9894 0.0865
vn 0.0229 0.9795 -0.1999
vn -0.2432 0.9285 -0.2806
vn 0.1198 0.9883 -0.0944
vn -0.1599 0.9476 0.2767
vn -0.0972 0.9952 0.0066
vn 0.0860 0.9919 0.0939
vn 0.0587 0.9697 0.2373
vn -0.0313 0.9465 0.3213
vn 0.1090 0.8705 -0.4800
vn 0.2669 0.8162 -0.5125
vn 0.1534 0.9868 -0.0526
vn 0.5832 0.7613 -0.2832
vn 0.6135 0.7802 0.1221
vn 0.5759 0.7787 0.2489
vn 0.6181 0.7788 -0.1066
vn 0.7598 0.5922 0.2682
vn 0.2863 0.5903 -0.7547
vn 0.3658 0.9018 -0.2301
vn 0.3308 0.6926 -0.6410
vn 0.3117 0.9500 0.0179
vn 0.7062 0.7043 -0.0724
vn 0.8700 0.4925 -0.0236
vn 0.8162 0.4236 -0.3929
vn 0.0023 0.8265 -0.5630
vn -0.3148 0.9343 -0.1672
vn 0.5380 0.7049 0.4622
vn 0.1191 0.8485 -0.5157
vn 0.8996 0.4191 0.1224
vn 0.5521 0.8066 0.2111
vn -0.3720 0.8874 -0.2722
vn 0.1997 0.9048 0.3761
vn -0.7260 0.6456 -0.2371
vn -0.7261 0.6447 -0.2390
vn 0.0533 0.9956 0.0766
vn 0.1930 0.9791 0.0635
vn 0.3559 0.9344 -0.0172
vn 0.2606 0.9034 -0.3405
vn 0.3277 0.9268 -0.1836
vn 0.4341 0.8856 0.1652
vn 0.3780 0.8420 -0.3848
vn 0.5992 0.7765 0.1947
vn 0.4634 0.8852 -0.0406
vn 0.5468 0.8230 -0.1539
vn 0.2790 0.8719 -0.4025
vn 0.5265 0.8496 0.0311
vn 0.7494 0.5434 -0.3782
vn 0.5934 0.7474 0.2989
vn 0.7247 0.2589 0.6386
vn 0.8149 0.2509 -0.5225
vn 0.9217 0.0718 0.3811
vn 0.7133 0.0595 0.6983
vn 0.8598 0.4497 -0.2419
vn 0.8575 0.2884 -0.4261
vn 0.8627 0.4582 -0.2139
vn 0.9704 0.2397 0.0292
vn 0.3116 0.9085 -0.2785
vn 0.5894 0.5730 -0.5695
vn 0.2172 0.9717 0.0924
vn 0.2157 0.9502 -0.2248
vn 0.7896 0.3630 0.4947
vn 0.4569 0.8225 -0.3388
vn -0.0885 0.5759 -0.8127
vn -0.0809 0.5188 -0.8510
vn -0.1227 0.4782 -0.8696
vn -0.0720 0.5466 -0.8343
vn 0.0029 0.4686 -0.8834
vn 0.0054 0.5203 -0.8539
vn 0.0100 0.6289 -0.7774
vn -0.0292 0.5576 -0.8296
vn 0.0025 0.5628 -0.8266
vn -0.4203 0.5482 -0.7230
vn -0.0033 0.4079 -0.9130
vn -0.0125 0.4683 -0.8835
vn 0.1279 0.6684 -0.7327
vn 0.3732 0.3881 -0.8427
vn 0.6234 0.2346 -0.7459
vn 0.2013 0.0690 -0.9771
vn 0.0035 0.7150 -0.6991
vn 0.0155 0.9210 -0.3893
vn 0.4139 0.0245 -0.9100
vn 0.0242 0.5419 -0.8401
vn 0.2428 0.3489 -0.9052
vn 0.3544 0.5742 -0.7380
vn 0.6204 0.3387 -0.7074
vn -0.1166 0.6136 -0.7810
vn 0.3092 0.7885 -0.5317
vn 0.5406 0.5942 -0.5955
vn 0.4306 0.8609 -0.2709
vn 0.5427 0.6639 -0.5145
vn 0.2882 0.7043 -0.6487
vn 0.4816 0.6732 -0.5612
vn 0.5006 0.5562 -0.6633
vn 0.6113 0.4600 -0.6441
vn 0.2390 0.5725 -0.7843
vn 0.3002 0.8171 -0.4922
vn 0.2060 0.7775 -0.5942
vn 0.8300 0.3868 -0.4018
vn 0.2504 0.7295 -0.6365
vn 0.3833 0.4871 -0.7847
vn 0.5692 0.6595 -0.4910
vn 0.0726 0.6914 -0.7188
vn 0.4439 0.8262 -0.3468
vn 0.7758 0.6308 0.0169
vn 0.1268 0.5913 -0.7964
vn 0.1847 0.7449 -0.6411
vn 0.5818 0.7308 -0.3570
vn 0.4572 0.8521 -0.2546
vn 0.1136 0.6922 -0.7127
vn 0.3156 0.7058 -0.6342
vn 0.4781 0.7161 -0.5086
vn 0.7474 0.6598 0.0782
vn 0.3557 0.7949 -0.4915
vn -0.2845 0.6880 -0.6676
vn -0.4090 0.7439 -0.5285
vn -0.3957 0.7065 -0.5868
vn -0.4713 0.6688 -0.5749
vn -0.4297 0.7359 -0.5233
vn -0.4078 0.7455 -0.5272
vn -0.4452 0.8798 -0.1666
vn -0.4011 0.8241 -0.4001
vn -0.5298 0.7329 0.4269
vn -0.1992 0.9799 -0.0094
vn -0.4382 0.8228 -0.3620
vn -0.3297 0.8697 -0.3673
vn -0.5885 0.8010 0.1101
vn -0.4315 0.9012 -0.0406
vn -0.4989 0.5615 -0.6602
vn -0.3472 0.8665 -0.3587
vn -0.6294 0.2668 -0.7299
vn -0.2799 0.9185 -0.2793
vn -0.2352 0.6420 -0.7297
vn -0.1533 0.6657 -0.7303
vn -0.2629 0.7215 -0.6406
vn -0.3490 0.7372 -0.5785
vn -0.1906 0.7172 -0.6702
vn -0.2388 0.6303 -0.7387
vn -0.1603 0.6614 -0.7327
vn -0.2312 0.7027 -0.6728
vn -0.0618 0.7796 -0.6232
vn -0.1762 0.7504 -0.6371
vn 0.0612 0.8266 -0.5595
vn 0.2489 0.9139 -0.3206
vn 0.0558 0.9420 -0.3309
vn 0.3856 0.8311 -0.4008
vn -0.3808 0.8618 -0.3351
vn -0.5195 0.8545 -0.0020
vn -0.1682 0.6736 -0.7198
vn 0.3065 0.7859 -0.5371
vn -0.0572 0.8699 -0.4899
vn -0.3155 0.9486 -0.0243
vn -0.2788 0.9027 -0.3277
vn -0.3443 0.9388 0.0150
vn -0.1943 0.9604 -0.1998
vn -0.4875 0.8652 -0.1171
vn -0.2283 0.9481 -0.2212
vn 0.0326 0.8210 -0.5700
vn 0.5554 0.6601 -0.5057
vn 0.3533 0.7843 -0.5100
vn 0.3979 0.9046 -0.1527
vn 0.2448 0.5975 -0.7635
vn 0.4950 0.6952 -0.5212
vn 0.0234 0.9054 -0.4239
vn 0.6368 -0.2544 -0.7278
vn 0.7165 0.0560 -0.6953
vn 0.6533 -0.2949 -0.6973
vn 0.6126 -0.2113 -0.7617
vn 0.1606 -0.1127 -0.9806
vn 0.3952 -0.1539 -0.9056
vn 0.3651 -0.1579 -0.9175
vn 0.3371 -0.3783 -0.8621
vn 0.4963 0.2773 -0.8227
vn 0.5578 0.1458 -0.8171
vn 0.4469 0.2066 -0.8704
vn 0.6875 0.3752 -0.6217
vn 0.5938 -0.1297 -0.7941
vn 0.6505 0.1323 -0.7479
vn 0.6672 0.4230 -0.6131
vn 0.6467 0.4984 -0.5774
vn 0.4550 -0.0035 -0.8905
vn 0.2863 0.0388 -0.9573
vn 0.6373 0.1285 -0.7599
vn 0.3975 0.8287 -0.3941
vn 0.3485 0.4141 -0.8408
vn 0.4632 0.6917 -0.5541
vn 0.0518 -0.1066 -0.9930
vn 0.5897 0.2764 -0.7588
vn 0.6080 0.3764 -0.6991
vn 0.4742 0.1565 -0.8664
vn 0.4573 -0.0981 -0.8839
vn 0.6812 0.2743 -0.6787
vn 0.6099 0.3459 -0.7130
vn 0.2042 -0.0588 -0.9772
vn 0.3683 0.3446 -0.8635
vn 0.2050 0.2174 -0.9543
vn 0.2668 0.4099 -0.8722
vn 0.2260 0.3943 -0.8908
vn 0.5407 0.8285 0.1456
vn 0.2430 0.6034 -0.7595
vn 0.6896 0.7005 -0.1839
vn 0.5331 0.6069 0.5895
vn 0.1328 0.8510 -0.5081
vn 0.4572 0.8887 0.0339
vn 0.2639 0.6226 -0.7367
vn 0.4600 0.8330 0.3075
vn 0.6217 0.7718 -0.1336
vn 0.2979 0.6742 0.6758
vn 0.5595 0.7126 -0.4232
vn 0.1335 0.9850 -0.1091
vn 0.0886 0.9871 -0.1336
vn 0.1931 0.7910 -0.5806
vn 0.4090 0.6425 -0.6480
vn 0.4414 0.6528 -0.6157
vn 0.4209 0.7147 -0.5586
vn 0.4351 0.5586 -0.7062
vn 0.3034 0.5777 -0.7578
vn 0.4695 0.8744 0.1226
vn 0.6274 0.6369 0.4480
vn 0.3606 0.6561 -0.6629
vn 0.0421 0.9785 -0.2021
vn -0.0368 0.9689 -0.2446
vn -0.0592 0.4894 -0.8701
vn 0.0094 -0.1338 -0.9910
vn -0.5067 -0.4164 -0.7549
vn -0.7050 -0.2915 -0.6466
vn -0.3698 -0.0761 -0.9260
vn 0.4411 0.5309 -0.7235
vn 0.2186 0.2743 -0.9365
vn -0.0041 -0.4602 -0.8878
vn -0.5975 -0.5285 -0.6030
vn 0.3503 0.6169 -0.7048
vn -0.2251 -0.8541 -0.4688
vn -0.3935 -0.3162 -0.8632
vn 0.2525 -0.2790 -0.9265
vn -0.0988 -0.7026 -0.7046
vn 0.3272 -0.1231 -0.9369
vn 0.3263 0.1608 -0.9315
vn 0.4537 0.6415 -0.6186
vn 0.5249 0.5590 -0.6419
vn 0.4549 0.1448 -0.8787
vn 0.6374 0.6640 -0.3908
vn 0.2384 0.7470 -0.6206
vn 0.3719 0.7524 -0.5437
vn 0.5626 0.7099 -0.4236
vn 0.1754 0.6591 -0.7313
vn -0.9481 -0.3131 -0.0551
vn -0.9920 -0.1197 0.0410
vn -0.8482 -0.4168 -0.3268
vn -0.9311 0.1105 -0.3476
vn -0.2002 0.5863 -0.7849
vn -0.0257 0.6526 -0.7572
vn 0.5195 0.4652 -0.7168
vn 0.5930 0.5745 -0.5642
vn 0.5001 0.5436 -0.6741
vn 0.5781 0.5961 -0.5572
vn 0.4534 0.4489 -0.7700
vn 0.6019 0.5233 -0.6032
vn 0.5605 0.5787 -0.5923
vn 0.5121 0.7621 -0.3962
vn 0.3257 0.9244 -0.1985
vn -0.1447 0.6817 -0.7172
vn 0.2091 0.2874 -0.9347
vn 0.3987 0.6369 -0.6598
vn 0.5523 0.7699 -0.3197
vn -0.1230 0.6149 -0.7790
vn -0.1766 0.8306 -0.5281
vn -0.4899 0.1977 -0.8491
vn 0.1301 0.2652 -0.9554
vn -0.7141 0.2038 -0.6697
vn 0.1630 0.2030 -0.9655
vn 0.2130 0.4609 -0.8615
vn -0.9351 0.3464 -0.0748
vn -0.8621 0.1229 -0.4915
vn -0.9770 0.1150 -0.1797
vn -0.9468 -0.2712 0.1731
vn -0.9357 -0.0263 -0.3519
vn -0.9596 0.1797 -0.2164
vn 0.2708 0.6341 -0.7242
vn -0.9209 0.1490 0.3603
vn -0.1340 0.2829 -0.9497
vn -0.7072 0.2837 -0.6476
vn -0.9459 -0.3016 0.1194
vn -0.8975 0.1936 -0.3963
vn -0.9340 0.1244 -0.3348
vn -0.7525 -0.5971 0.2781
vn 0.5623 0.6437 -0.5191
vn 0.5662 0.6779 -0.4690
vn 0.5666 0.6480 -0.5089
vn 0.5347 0.5747 -0.6196
vn 0.6290 0.6135 -0.4775
vn 0.5973 0.4749 -0.6463
vn 0.1585 0.6349 -0.7561
vn -0.3192 0.5007 -0.8046
vn -0.1372 0.5794 -0.8034
vn 0.3101 0.4517 -0.8365
vn -0.1845 0.5902 -0.7859
vn -0.1137 0.5525 -0.8257
vn -0.8176 0.5728 -0.0584
vn -0.6407 0.3419 -0.6874
vn -0.8412 0.5215 0.1425
vn -0.6565 0.3362 -0.6753
vn -0.6305 0.7756 -0.0310
vn -0.5432 0.7894 -0.2860
vn -0.5864 0.7946 -0.1574
vn -0.4670 0.7635 -0.4460
vn -0.5937 0.7438 -0.3071
vn -0.6152 0.7205 -0.3200
vn -0.5760 0.6267 -0.5249
vn -0.4176 0.8002 -0.4304
vn -0.5304 0.6205 -0.5776
vn -0.6778 0.7352 0.0021
vn 0.1213 0.5714 -0.8116
vn -0.2090 0.9045 -0.3716
vn -0.4303 0.8933 -0.1300
vn -0.1034 0.9908 -0.0876
vn 0.0204 0.9747 -0.2226
vn 0.0213 0.9405 -0.3392
vn -0.1631 0.9866 0.0046
vn -0.5238 0.7147 -0.4635
vn -0.2885 0.9178 0.2728
vn -0.0847 0.1457 -0.9857
vn 0.0196 0.5999 -0.7998
vn -0.5258 0.1022 -0.8444
vn -0.9573 -0.0556 -0.2838
vn -0.7866 0.4983 -0.3648
vn -0.5598 0.8096 -0.1766
vn -0.8979 -0.2150 0.3840
vn -0.1236 0.7965 -0.5919
vn 0.6913 0.6082 -0.3901
vn 0.7358 0.5956 -0.3222
vn 0.6049 0.6883 -0.4004
vn 0.5722 0.7435 -0.3460
vn 0.8513 0.5237 -0.0319
vn 0.5341 0.7287 -0.4287
vn 0.4753 0.7595 -0.4442
vn 0.8523 0.5172 -0.0778
vn -0.5344 0.7691 0.3505
vn -0.5704 0.6446 0.5090
vn -0.5662 0.5728 -0.5928
vn -0.0524 0.8476 -0.5280
vn -0.2829 0.9096 -0.3044
vn 0.1921 0.9587 -0.2097
vn 0.2738 0.9609 -0.0424
vn 0.5846 0.7513 -0.3061
vn -0.0719 0.9704 -0.2308
vn -0.0313 0.8952 0.4445
vn 0.0708 0.9716 0.2258
vn 0.1862 0.9749 0.1221
vn 0.6666 0.6916 -0.2780
vn -0.1185 0.9822 -0.1459
vn 0.0476 0.9289 -0.3672
vn 0.4028 -0.3761 0.8344
vn 0.2920 -0.6357 0.7146
vn 0.3541 -0.7013 0.6187
vn 0.4396 -0.6194 0.6504
vn 0.2454 -0.8497 0.4667
vn 0.4770 -0.3880 0.7886
vn 0.1449 -0.3295 0.9330
vn 0.2591 -0.3146 0.9132
vn 0.2041 -0.1094 0.9728
vn 0.3724 -0.1719 0.9120
vn 0.2169 -0.5219 0.8250
vn 0.4650 -0.0670 0.8828
vn 0.5563 -0.1169 0.8227
vn 0.4483 -0.0785 0.8904
vn 0.7404 0.1378 0.6579
vn 0.4956 0.1115 0.8614
vn 0.3787 0.0493 0.9242
vn 0.6962 0.1372 0.7046
vn 0.5186 0.0100 0.8550
vn 0.5571 0.1129 0.8227
vn 0.2980 -0.0652 0.9523
vn 0.4294 0.0559 0.9014
vn 0.5627 0.0636 0.8242
vn 0.1856 0.0604 0.9808
vn 0.2993 0.2534 0.9199
vn 0.7822 0.1437 0.6062
vn 0.5809 0.1140 0.8060
vn 0.4216 0.3743 0.8259
vn 0.4279 0.3060 0.8504
vn 0.6012 -0.0447 0.7979
vn 0.5810 0.1783 0.7941
vn 0.5747 0.2729 0.7715
vn 0.8004 0.2283 0.5543
vn 0.0644 -0.9979 0.0118
vn -0.0390 -0.9982 -0.0461
vn 0.0802 -0.9961 0.0376
vn 0.2598 -0.9109 0.3207
vn 0.2939 -0.9192 0.2622
vn 0.5216 -0.6542 0.5476
vn 0.3964 -0.7659 0.5062
vn 0.6740 -0.2585 0.6920
vn 0.5799 -0.3408 0.7400
vn 0.4830 -0.7884 0.3809
vn 0.6285 -0.5693 0.5299
vn 0.6822 -0.3143 0.6602
vn 0.6783 -0.5511 0.4860
vn 0.7179 0.1080 0.6877
vn 0.7396 -0.1463 0.6569
vn 0.7014 -0.0227 0.7124
vn 0.7322 -0.0666 0.6779
vn 0.7258 -0.1757 0.6651
vn 0.5884 0.1976 0.7840
vn 0.5710 0.3004 0.7640
vn 0.6293 -0.1488 0.7628
vn 0.6394 0.1486 0.7543
vn 0.6878 0.1339 0.7135
vn 0.6406 0.1192 0.7586
vn 0.6417 -0.0254 0.7665
vn 0.5871 0.3092 0.7481
vn 0.5913 0.3759 0.7135
vn 0.6596 0.2383 0.7129
vn 0.6541 0.3548 0.6681
vn 0.7091 0.2561 0.6569
vn 0.6394 0.4353 0.6338
vn 0.5672 0.4413 0.6953
vn 0.5703 0.3519 0.7423
vn 0.0121 0.1702 0.9853
vn -0.1054 0.1185 0.9873
vn -0.0645 -0.0689 0.9955
vn 0.0418 -0.0608 0.9973
vn 0.0781 -0.2409 0.9674
vn 0.2557 0.0994 0.9616
vn 0.1146 0.0490 0.9922
vn 0.1618 0.1966 0.9671
vn 0.2855 0.2240 0.9318
vn 0.3720 0.2156 0.9029
vn 0.1526 0.3581 0.9211
vn 0.3132 0.3368 0.8880
vn 0.4463 0.2911 0.8462
vn 0.4094 0.3854 0.8270
vn 0.2468 0.5138 0.8216
vn 0.3092 0.5706 0.7607
vn 0.4521 0.2061 0.8678
vn 0.4775 0.4077 0.7783
vn 0.7311 0.5459 0.4093
vn 0.7902 0.4389 0.4277
vn 0.6507 0.5195 0.5538
vn 0.8197 0.4790 0.3141
vn -0.0179 0.2678 0.9633
vn 0.2828 0.3333 0.8994
vn -0.2432 0.2762 0.9298
vn 0.7358 0.6047 0.3048
vn -0.1388 0.3116 0.9400
vn -0.0636 0.3279 0.9426
vn 0.4894 0.4848 0.7249
vn 0.5931 0.7816 -0.1931
vn 0.3786 0.6530 0.6560
vn 0.7546 0.6010 -0.2632
vn 0.6524 0.7441 0.1441
vn 0.3728 0.6995 0.6097
vn 0.6728 0.7300 -0.1202
vn 0.0341 0.4627 0.8858
vn 0.1204 0.5759 0.8086
vn 0.5717 0.8158 0.0874
vn -0.2730 0.4848 0.8309
vn -0.2565 0.6248 0.7374
vn 0.3973 0.5787 0.7122
vn 0.1628 0.4583 0.8737
vn -0.2123 0.6491 0.7305
vn 0.1945 0.7013 0.6858
vn 0.4723 0.6069 0.6393
vn 0.3596 0.7515 0.5530
vn 0.5402 0.4115 0.7341
vn 0.5322 0.5612 0.6339
vn 0.4404 0.7098 0.5497
vn 0.3589 0.8115 0.4611
vn 0.4173 0.7701 0.4825
vn 0.4791 0.6400 0.6007
vn 0.4736 0.6685 0.5734
vn 0.3152 0.8160 0.4846
vn 0.3090 0.8614 0.4032
vn 0.2763 0.8784 0.3901
vn 0.3742 0.8283 0.4170
vn 0.4894 0.7360 0.4677
vn 0.6136 0.7441 -0.2643
vn -0.1471 -0.9875 0.0571
vn -0.0872 -0.9929 0.0813
vn -0.0237 -0.9977 -0.0628
vn -0.0047 -0.9995 0.0318
vn -0.0742 -0.9949 0.0684
vn -0.1431 -0.9833 0.1128
vn -0.2283 -0.9648 0.1308
vn -0.0939 -0.9884 0.1194
vn -0.1359 -0.9849 0.1069
vn -0.2337 -0.9177 0.3214
vn -0.0784 -0.9969 -0.0042
vn -0.2158 -0.9751 0.0511
vn -0.2700 -0.9545 0.1265
vn -0.3497 -0.9155 0.1988
vn -0.2914 -0.9356 0.1994
vn -0.1322 -0.9901 0.0464
vn -0.0433 -0.9938 -0.1021
vn -0.0773 -0.9940 0.0770
vn -0.0160 -0.9973 -0.0713
vn 0.0033 -1.0000 -0.0032
vn -0.2100 -0.9500 0.2312
vn -0.1246 -0.9309 0.3434
vn -0.0342 -0.9650 0.2600
vn -0.2328 -0.9358 0.2646
vn -0.2676 -0.8281 0.4926
vn -0.3807 -0.7649 0.5195
vn -0.3853 -0.6331 0.6713
vn -0.1804 -0.8771 0.4451
vn 0.0225 -0.9966 0.0792
vn -0.2592 -0.3928 0.8823
vn -0.2607 -0.6667 0.6982
vn -0.1581 -0.5357 0.8295
vn -0.1051 -0.7103 0.6961
vn -0.0671 -0.4110 0.9092
vn 0.0464 -0.8812 0.4705
vn -0.0237 -0.8203 0.5715
vn 0.0467 -0.9283 0.3688
vn 0.0979 -0.7933 0.6009
vn -0.0163 -0.6277 0.7783
vn 0.0546 -0.6569 0.7520
vn 0.0708 -0.4619 0.8841
vn -0.1424 -0.2190 0.9653
vn -0.0110 -0.2937 0.9558
vn 0.0866 -0.8780 0.4708
vn -0.0199 -0.9826 0.1848
vn 0.1377 -0.8251 0.5479
vn 0.1184 -0.7699 0.6270
vn 0.1486 -0.7916 0.5926
vn 0.1987 -0.6919 0.6941
vn 0.1324 -0.5858 0.7996
vn -0.0081 -0.9996 0.0286
vn 0.0285 -0.9988 0.0406
vn -0.0200 -0.9968 -0.0778
vn -0.0620 -0.9927 -0.1034
vn -0.0242 -0.9903 -0.1365
vn -0.0200 -0.9887 -0.1488
vn -0.0517 -0.9897 -0.1338
vn 0.0016 -0.9982 -0.0605
vn 0.0507 -0.9966 0.0651
vn 0.0210 -0.9998 0.0045
vn -0.0033 -0.9949 -0.1005
vn 0.0127 -0.9924 -0.1221
vn -0.0259 -0.9918 -0.1255
vn -0.0544 -0.9861 -0.1570
vn -0.0500 -0.9816 -0.1842
vn -0.0401 -0.9902 -0.1340
vn 0.0373 -0.9820 -0.1850
vn -0.0939 -0.9895 -0.1099
vn -0.0327 -0.9907 -0.1322
vn -0.0610 -0.9944 -0.0860
vn -0.1046 -0.9873 -0.1194
vn -0.0295 -0.9906 -0.1332
vn -0.0205 -0.9989 -0.0423
vn -0.0330 -0.9867 -0.1593
vn -0.0494 -0.9862 -0.1577
vn -0.0179 -0.9900 -0.1397
vn -0.1130 -0.9924 -0.0491
vn 0.0365 -0.9968 0.0715
vn 0.0564 -0.9971 -0.0506
vn 0.0441 -0.9929 -0.1108
vn 0.0260 -0.9992 -0.0298
vn -0.0431 -0.9990 -0.0073
vn -0.0669 -0.9976 -0.0190
vn -0.0016 -0.9986 -0.0523
vn -0.0782 -0.9964 -0.0319
vn 0.0216 -0.9765 0.2144
vn -0.0216 -0.9995 0.0246
vn 0.0907 -0.9732 0.2112
vn 0.2120 -0.9056 0.3673
vn 0.3030 -0.8724 0.3835
vn 0.3707 -0.4537 0.8104
vn 0.1466 -0.9021 0.4059
vn 0.3729 -0.8242 0.4262
vn 0.2421 -0.8030 0.5446
vn -0.4795 -0.7678 0.4249
vn -0.2819 -0.9076 0.3111
vn -0.1233 -0.9811 0.1489
vn -0.5533 -0.6545 0.5152
vn -0.3332 -0.8595 0.3875
vn -0.7653 -0.1990 0.6121
vn -0.7198 -0.0769 0.6899
vn -0.6953 -0.4970 0.5192
vn -0.6987 -0.3192 0.6402
vn -0.7303 0.1344 0.6698
vn -0.6182 -0.4641 0.6344
vn -0.6711 -0.0486 0.7398
vn -0.6544 -0.2130 0.7256
vn -0.5851 -0.2484 0.7720
vn -0.5545 -0.4446 0.7035
vn -0.4751 -0.6421 0.6017
vn -0.4833 -0.6652 0.5691
vn -0.5069 -0.4993 0.7027
vn -0.7124 0.3984 0.5777
vn -0.7782 0.3254 0.5371
vn -0.7098 0.3387 0.6177
vn -0.2423 0.2139 0.9463
vn -0.6592 0.2761 0.6994
vn -0.1485 0.3370 0.9297
vn -0.6078 0.3408 0.7173
vn -0.6225 0.0848 0.7780
vn -0.5513 0.2171 0.8056
vn -0.2585 0.3908 0.8834
vn -0.5600 0.4336 0.7060
vn -0.6243 0.2439 0.7421
vn -0.6379 0.7116 0.2946
vn -0.6123 -0.0441 0.7894
vn -0.5758 0.0187 0.8174
vn -0.5682 0.1894 0.8008
vn -0.5201 -0.2320 0.8220
vn -0.6158 0.2949 0.7306
vn -0.4675 -0.0418 0.8830
vn -0.5040 0.1176 0.8557
vn -0.3727 0.0525 0.9265
vn -0.3433 -0.1947 0.9188
vn -0.6379 0.3964 0.6603
vn -0.6261 0.4647 0.6262
vn -0.6715 0.4333 0.6011
vn -0.4662 0.8526 0.2361
vn -0.6839 0.6158 0.3913
vn -0.6847 0.6718 0.2826
vn -0.5545 0.2291 0.8000
vn -0.2722 0.9525 0.1368
vn -0.2280 0.2611 0.9380
vn -0.4915 0.0885 0.8664
vn -0.5804 0.7361 0.3481
vn -0.3540 -0.1392 0.9248
vn -0.5412 0.2154 0.8128
vn -0.4425 0.0797 0.8932
vn -0.5861 0.5341 0.6093
vn -0.3451 0.6237 0.7014
vn -0.5671 0.5065 0.6495
vn -0.5741 0.6665 0.4756
vn -0.5901 0.4094 0.6958
vn -0.5988 0.6642 0.4475
vn -0.6410 0.6630 0.3867
vn -0.6490 0.4886 0.5832
vn -0.3167 0.0898 0.9443
vn -0.6615 0.6364 0.3968
vn -0.5812 0.7413 0.3357
vn -0.5973 0.6620 0.4528
vn -0.5821 0.7181 0.3814
vn -0.5395 0.5259 0.6575
vn -0.1575 0.9776 0.1398
vn 0.2098 0.7992 0.5633
vn -0.2120 0.8055 0.5533
vn 0.2754 0.9611 0.0197
vn 0.0379 0.9896 -0.1390
vn 0.1318 0.9830 0.1280
vn -0.1787 0.9775 0.1120
vn -0.7899 0.3926 0.4712
vn -0.3699 -0.0149 0.9290
vn -0.7000 0.6667 0.2562
vn -0.5653 0.6127 0.5523
vn -0.4838 0.8145 0.3204
vn -0.2231 0.3639 0.9043
vn 0.0602 0.1850 0.9809
vn -0.4205 0.7323 0.5357
vn -0.4271 0.8190 0.3832
vn -0.3528 0.7389 0.5741
vn -0.4238 0.8107 0.4039
vn -0.5487 0.7440 0.3814
vn -0.6130 0.7762 0.1476
vn -0.4632 0.8742 0.1459
vn -0.5292 0.7924 0.3034
vn 0.0252 0.9708 0.2386
vn 0.1624 0.8095 0.5642
vn -0.5579 0.2400 0.7944
vn -0.4517 0.2733 0.8493
vn -0.4423 0.2263 0.8679
vn -0.3567 0.2474 0.9009
vn -0.6275 0.6810 0.3776
vn -0.2878 0.9477 0.1380
vn -0.3332 0.1674 0.9279
vn -0.2257 -0.0276 0.9738
vn -0.2013 0.2223 0.9540
vn -0.3040 0.3184 0.8979
vn -0.2468 0.2934 0.9236
vn -0.1615 0.3734 0.9135
vn -0.5407 0.6443 0.5409
vn -0.2062 0.4201 0.8837
vn -0.3389 0.6503 0.6799
vn -0.1196 0.3020 0.9458
vn 0.0419 0.4394 0.8973
vn -0.0846 0.4419 0.8930
vn -0.1992 0.5601 0.8041
vn -0.1275 0.5290 0.8390
vn -0.0008 0.6313 0.7755
vn -0.6067 0.7652 0.2153
vn -0.8069 0.5257 0.2694
vn -0.6143 0.7205 0.3219
vn -0.7013 0.4281 0.5700
vn -0.1365 0.4186 0.8979
vn -0.3310 0.5351 0.7772
vn -0.2157 0.7019 0.6788
vn -0.3467 0.7575 0.5532
vn -0.3305 0.7533 0.5687
vn -0.3421 0.7670 0.5429
vn -0.1972 0.9802 0.0176
vn -0.0026 0.9734 0.2290
vn -0.1508 0.6659 0.7307
vn -0.0934 0.7044 0.7036
vn -0.7482 0.6586 0.0796
vn -0.6613 0.5836 0.4712
vn -0.3996 0.6834 0.6109
vn -0.5463 0.7018 0.4571
vn -0.3733 0.7388 0.5610
vn -0.3058 0.6806 0.6657
vn -0.2785 0.8935 0.3522
vn 0.0679 0.9971 0.0351
vn 0.1822 0.7752 0.6048
vn 0.2481 0.9659 0.0744
vn -0.2391 0.8217 0.5173
vn -0.2427 0.6141 0.7510
vn 0.6269 0.5116 0.5876
vn -0.5125 0.7998 0.3126
vn -0.6017 0.7655 0.2279
vn -0.7120 0.7018 0.0225
vn 0.5978 0.6124 0.5173
vn 0.0270 0.6990 0.7146
vn 0.2715 0.6642 0.6964
vn 0.6335 0.3661 0.6816
vn 0.6268 0.3683 0.6866
vn 0.5307 0.6805 0.5052
vn 0.0540 0.4910 0.8695
vn -0.6084 0.7889 0.0860
vn -0.4307 0.8921 0.1363
vn -0.1203 0.7394 0.6624
vn -0.3970 0.8941 0.2073
vn -0.6799 0.7333 0.0090
vn -0.9103 0.3740 -0.1771
vn 0.2835 0.8538 0.4366
vn -0.8683 0.4798 0.1258
vn -0.8144 0.5673 -0.1222
vn -0.6915 0.7176 0.0828
vn -0.3712 0.8925 0.2561
vn -0.5294 0.8256 0.1952
vn -0.2613 0.9207 0.2900
vn -0.2441 0.9168 0.3160
vn -0.3075 0.8467 0.4343
vn -0.2829 0.8101 0.5135
vn -0.2549 0.8708 0.4204
vn -0.1671 0.9454 0.2797
vn -0.7769 0.6205 -0.1065
vn -0.2933 0.9218 0.2537
vn -0.2076 0.9037 0.3745
vn -0.2294 0.7447 -0.6268
vn -0.4175 0.9002 -0.1239
vn -0.2265 0.6494 -0.7259
vn -0.1183 0.9701 0.2120
vn -0.2382 0.9451 0.2237
vn -0.2551 0.9242 0.2841
vn -0.5101 0.8595 0.0338
vn -0.2903 0.9347 0.2049
vn -0.1633 0.9716 0.1715
vn -0.1269 0.9527 0.2761
vn -0.0372 0.9700 0.2404
vn -0.1502 0.9288 0.3389
vn -0.1072 0.9666 0.2328
vn -0.0277 0.9402 0.3395
vn 0.0397 0.9740 0.2230
vn -0.2557 0.8806 -0.3989
vn -0.4899 0.8481 -0.2019
vn -0.4357 0.8904 -0.1318
vn -0.4052 0.9012 0.1537
vn -0.2432 0.7573 0.6061
vn 0.0348 0.4839 0.8744
vn -0.3978 0.9163 0.0464
vn -0.3746 0.8594 -0.3478
vn -0.4190 0.8350 -0.3568
vn -0.3371 0.9270 -0.1644
vn 0.0698 0.6578 0.7499
vn -0.2763 0.8749 0.3978
vn -0.4248 0.9000 0.0975
vn -0.1669 0.9351 0.3125
vn -0.0942 0.9050 0.4149
vn -0.3720 0.8827 0.2871
vn -0.0736 0.9406 0.3315
vn 0.0410 0.9822 0.1835
vn 0.0400 0.9782 0.2037
vn 0.4134 0.8910 0.1875
vn 0.1310 0.9838 0.1219
vn -0.0693 0.9865 0.1482
vn 0.0726 0.9623 0.2620
vn 0.0560 0.9127 0.4048
vn 0.3997 0.8361 0.3758
vn 0.2964 0.8077 0.5096
vn 0.2232 0.8375 0.4987
vn -0.2190 0.9734 -0.0671
vn -0.7276 0.6502 0.2187
vn -0.5851 0.8103 -0.0317
vn 0.2359 0.8744 0.4239
vn -0.2819 0.9418 0.1832
vn 0.4277 0.7949 0.4303
vn -0.0660 0.9641 0.2573
vn -0.2201 0.9740 0.0543
vn 0.1163 0.9476 0.2976
vn -0.2217 0.9746 -0.0329
vn -0.1071 0.9105 0.3993
vn 0.0230 0.9463 0.3225
vn -0.2158 0.7228 0.6565
vn -0.3233 0.8405 0.4347
vn -0.0254 0.8968 0.4416
vn -0.0604 0.9919 0.1119
vn 0.1543 0.9707 -0.1844
vn -0.0693 0.7987 0.5978
vn 0.3929 0.9135 -0.1058
vn 0.5593 0.7286 -0.3954
vn 0.4984 0.8209 -0.2787
vn 0.4878 0.5658 -0.6648
vn -0.0067 0.7107 -0.7035
vn 0.2192 0.9462 -0.2382
vn -0.3892 0.9026 0.1837
vn -0.1199 0.9543 0.2738
vn -0.2454 0.9694 -0.0032
vn -0.0437 0.9022 -0.4291
vn -0.2288 0.6492 0.7254
vn -0.0941 0.9703 0.2230
vn 0.2994 0.8259 -0.4778
vn -0.1436 0.5760 0.8047
vn -0.1140 0.7344 0.6691
vn 0.1829 0.4256 0.8862
vn -0.1428 0.4096 0.9010
vn -0.0704 0.6887 0.7216
vn -0.2842 0.4923 0.8227
vn -0.4178 0.3814 0.8246
vn -0.3418 0.6496 0.6792
vn -0.2486 0.7685 0.5896
vn 0.0062 0.5685 0.8227
vn 0.0687 0.6900 0.7206
vn -0.2151 0.7431 0.6336
vn 0.3016 0.8310 0.4675
vn -0.0719 0.9851 -0.1564
vn -0.1863 0.8491 -0.4943
vn 0.2530 0.9643 -0.0786
vn 0.0756 0.8290 -0.5541
vn 0.0728 0.8351 0.5452
vn 0.1782 0.6493 0.7394
vn -0.0964 0.9784 -0.1829
vn 0.0880 0.9879 -0.1279
vn 0.3676 0.9209 0.1298
vn -0.0225 0.8901 0.4551
vn 0.0694 0.6011 0.7961
vn -0.0021 0.3437 0.9391
vn -0.0267 0.9996 -0.0092
vn 0.7060 0.6961 0.1305
vn 0.1128 0.6978 0.7073
vn 0.0926 0.5658 0.8193
vn 0.5911 0.6576 0.4672
vn 0.2087 0.5478 0.8101
vn 0.7314 0.6356 -0.2472
vn 0.1041 0.6432 0.7586
vn 0.0321 0.3298 0.9435
vn 0.1998 0.3391 0.9193
vn 0.2947 0.6935 0.6574
vn 0.0748 0.9320 0.3546
vn 0.0425 0.9198 0.3900
vn 0.0731 0.9204 0.3841
vn 0.1826 0.9028 0.3895
vn 0.1940 0.9044 0.3800
vn -0.1058 0.9699 0.2194
vn -0.0003 0.9298 0.3680
vn 0.0853 0.9305 0.3561
vn 0.0338 0.9359 0.3506
vn -0.0055 0.9414 0.3373
vn -0.0795 0.4620 0.8833
vn -0.1231 0.7552 0.6438
vn -0.0837 0.7558 0.6494
vn 0.0185 0.7691 0.6389
vn 0.0308 0.5973 0.8014
vn 0.0205 0.8147 0.5795
vn 0.0561 0.9105 0.4096
vn 0.0426 0.7163 0.6965
vn 0.1488 0.9032 0.4026
vn 0.2539 0.8316 0.4940
vn 0.2107 0.8805 0.4247
vn 0.2760 0.8901 0.3628
vn 0.2717 0.9158 0.2958
vn 0.1856 0.9238 0.3348
vn 0.2969 0.8557 0.4239
vn 0.1273 0.8822 0.4533
vn 0.2198 0.8670 0.4473
vn 0.2453 0.8223 0.5135
vn 0.2070 0.7946 0.5707
vn -0.0717 0.9478 0.3106
vn -0.0149 0.9197 0.3924
vn 0.0905 0.8161 0.5708
vn -0.1035 0.8889 0.4462
vn 0.0096 -0.9985 0.0545
vn -0.0147 -0.9984 0.0539
vn -0.0190 -0.9981 0.0582
vn -0.0313 -0.9978 0.0591
vn -0.0266 -0.9993 0.0250
vn -0.0170 -0.9976 0.0677
vn -0.0557 -0.9983 0.0166
vn -0.0411 -0.9979 0.0500
vn -0.0441 -0.9982 0.0395
vn -0.0371 -0.9993 -0.0041
vn -0.0699 -0.9975 0.0129
vn -0.0358 -0.9983 0.0452
vn -0.0429 -0.9991 0.0034
vn -0.0305 -0.9987 0.0403
vn -0.0221 -0.9997 0.0093
vn -0.0271 -0.9993 0.0269
vn 0.0847 -0.9964 -0.0052
vn 0.0218 -0.9939 0.1079
vn 0.0141 -0.9975 0.0686
vn 0.0244 -0.9951 0.0961
vn 0.0120 -0.9998 -0.0146
vn 0.0024 -0.9942 0.1078
vn 0.0286 -0.9987 0.0420
vn 0.0072 -0.9986 0.0521
vn -0.0423 -0.9864 0.1587
vn -0.0712 -0.9956 0.0611
vn -0.0132 -0.9995 0.0296
vn -0.0221 -0.9998 -0.0024
vn -0.1152 -0.9928 0.0343
vn -0.0663 -0.9978 -0.0003
vn -0.0988 -0.9950 -0.0137
vn -0.1479 -0.9885 -0.0306
vn -0.1107 -0.9928 -0.0450
vn -0.0089 -0.9966 -0.0817
vn -0.0211 -0.9998 -0.0015
vn -0.0309 -0.9986 -0.0425
vn -0.0560 -0.9965 -0.0628
vn -0.0263 -0.9980 -0.0575
vn -0.0570 -0.9960 -0.0691
vn -0.0423 -0.9953 -0.0869
vn -0.0369 -0.9845 -0.1714
vn -0.0267 -0.9995 -0.0154
vn -0.0349 -0.9976 -0.0604
vn -0.0353 -0.9983 -0.0465
vn -0.0422 -0.9970 -0.0648
vn -0.0378 -0.9964 -0.0757
vn -0.0091 -0.9996 -0.0263
vn -0.0031 -0.9990 -0.0446
vn 0.3928 -0.8925 0.2214
vn 0.1918 -0.9768 0.0950
vn 0.1596 -0.9841 0.0782
vn 0.1156 -0.9929 0.0270
vn 0.1685 -0.9856 0.0156
vn 0.4473 -0.8583 0.2514
vn 0.4529 -0.8482 0.2748
vn 0.3228 -0.9371 0.1330
vn 0.5331 -0.7683 0.3543
vn 0.3634 -0.9306 0.0438
vn 0.3240 -0.9459 0.0147
vn 0.4538 -0.8911 0.0089
vn 0.5900 -0.8016 0.0963
vn 0.4499 -0.8876 0.0991
vn 0.4848 -0.8562 0.1783
vn 0.6705 -0.7234 0.1648
vn 0.6304 -0.7164 0.2989
vn 0.6843 -0.6045 0.4078
vn 0.7684 -0.5457 0.3344
vn 0.8314 -0.3215 0.4533
vn 0.8148 -0.5443 0.1998
vn 0.7881 -0.6074 0.0999
vn 0.9292 -0.3466 0.1283
vn 0.9266 -0.2449 0.2853
vn 0.8938 -0.2994 0.3340
vn 0.8558 -0.0441 0.5154
vn 0.9584 -0.0803 0.2740
vn 0.9466 -0.0588 0.3171
vn 0.9900 -0.0967 0.1026
vn 0.9196 -0.0573 0.3888
vn 0.2890 -0.9573 -0.0071
vn 0.2838 -0.9579 -0.0427
vn 0.4947 -0.8679 -0.0441
vn 0.6123 -0.7756 -0.1534
vn 0.4263 -0.8959 -0.1249
vn 0.6084 -0.7598 -0.2295
vn 0.8282 -0.5063 -0.2404
vn 0.7826 -0.5368 -0.3153
vn 0.6845 -0.7226 -0.0966
vn 0.8582 -0.4901 -0.1529
vn 0.9368 -0.2099 -0.2798
vn 0.6571 -0.7523 -0.0471
vn 0.8655 -0.4938 -0.0839
vn 0.9376 -0.3478 0.0002
vn 0.9728 -0.1998 -0.1171
vn 0.8918 -0.2747 -0.3594
vn 0.8892 0.0285 -0.4566
vn 0.9195 0.0773 -0.3854
vn 0.9624 0.0919 -0.2555
vn 0.9854 -0.0010 -0.1702
vn 0.0973 -0.9952 -0.0044
vn 0.3232 -0.9347 -0.1475
vn 0.1045 -0.9945 0.0071
vn 0.4927 -0.8077 -0.3238
vn 0.5774 -0.6018 -0.5518
vn 0.6663 -0.6278 -0.4025
vn 0.7058 -0.4638 -0.5355
vn 0.6723 -0.3578 -0.6481
vn 0.6732 -0.1364 -0.7267
vn 0.7345 0.0393 -0.6775
vn 0.7714 -0.1374 -0.6214
vn 0.6858 0.1505 -0.7121
vn 0.7662 0.1471 -0.6255
vn 0.8313 -0.2698 -0.4860
vn 0.7938 0.2344 -0.5612
vn 0.8311 0.0357 -0.5550
vn 0.5388 -0.5969 -0.5945
vn 0.7279 0.3180 -0.6075
vn 0.8392 0.2899 -0.4601
vn 0.6354 0.4115 -0.6534
vn 0.2591 0.7783 -0.5719
vn 0.5614 0.7590 -0.3296
vn 0.3995 0.8244 -0.4010
vn 0.5902 0.7413 -0.3195
vn 0.5515 0.7640 -0.3348
vn 0.6164 0.4858 -0.6197
vn 0.6054 0.5455 -0.5796
vn 0.6395 0.5546 -0.5324
vn 0.7221 0.5468 -0.4237
vn 0.6174 0.6323 -0.4681
vn 0.3340 0.8438 -0.4201
vn 0.0433 0.9694 -0.2416
vn 0.0437 0.9582 -0.2827
vn 0.2694 0.8191 -0.5065
vn 0.6342 0.6467 -0.4237
vn 0.6594 0.6768 -0.3274
vn 0.2489 0.8561 -0.4530
vn 0.7154 0.4797 -0.5080
vn 0.6859 0.5971 -0.4159
vn 0.5937 0.7206 -0.3581
vn 0.7843 0.5867 -0.2014
vn 0.8073 0.5776 -0.1210
vn 0.5324 0.8270 -0.1806
vn 0.3787 0.8550 -0.3544
vn 0.5292 0.7614 -0.3745
vn 0.6156 0.7026 -0.3571
vn 0.4247 0.8520 -0.3061
vn 0.6237 0.7663 -0.1542
vn 0.6683 0.7170 -0.1980
vn 0.6104 0.7536 -0.2440
vn 0.3466 0.8105 -0.4723
vn 0.9894 0.1190 0.0838
vn 0.9560 0.2877 0.0578
vn 0.9768 0.1053 0.1862
vn 0.9673 0.2438 -0.0696
vn 0.9986 0.0077 -0.0517
vn 0.9579 0.2308 -0.1707
vn 0.8966 0.4099 -0.1679
vn 0.9089 0.3111 -0.2777
vn 0.8809 0.4647 -0.0902
vn 0.8926 0.2354 -0.3845
vn 0.8379 0.4588 -0.2957
vn 0.8479 0.4987 -0.1800
vn 0.7814 0.5188 -0.3467
vn 0.9352 0.3290 0.1309
vn 0.8885 0.4446 -0.1135
vn 0.8777 0.4773 0.0418
vn 0.8703 0.4668 -0.1573
vn 0.8833 0.4539 -0.1175
vn 0.8333 0.5270 -0.1670
vn 0.8560 0.5128 -0.0655
vn 0.6625 -0.6489 0.3742
vn 0.5439 -0.7732 0.3261
vn 0.5523 -0.7707 0.3178
vn 0.8047 -0.3717 0.4629
vn 0.7254 -0.0651 0.6853
vn 0.7832 -0.2075 0.5861
vn 0.8859 0.4073 0.2219
vn 0.8760 0.3048 0.3738
vn 0.9565 0.2109 0.2013
vn 0.7688 -0.0299 0.6388
vn 0.7392 -0.2007 0.6429
vn 0.8035 0.0070 0.5952
vn 0.7744 -0.3017 0.5561
vn 0.9284 0.1706 0.3301
vn 0.8188 -0.0629 0.5706
vn 0.3694 0.0805 0.9258
vn 0.8938 -0.0327 0.4473
vn 0.9475 0.0977 0.3044
vn 0.7697 0.1013 0.6303
vn 0.8204 0.1350 0.5556
vn 0.9540 0.1470 0.2612
vn 0.8997 0.3250 -0.2913
vn 0.9274 0.2433 0.2840
vn 0.7337 0.2577 0.6287
vn 0.7706 0.2978 0.5635
vn 0.8850 0.3140 0.3439
vn 0.6004 0.3940 0.6959
vn 0.8413 0.3358 0.4236
vn 0.3579 0.5313 0.7679
vn 0.4152 0.0543 0.9081
vn 0.7644 0.2006 0.6127
vn 0.8715 -0.0557 0.4872
vn 0.8735 0.1670 0.4573
vn 0.6399 0.3426 0.6879
vn 0.4416 0.3118 0.8413
vn 0.8042 0.2825 0.5229
vn 0.8046 0.2517 0.5378
vn 0.5475 0.3959 0.7372
vn 0.8121 0.4836 0.3266
vn 0.5757 0.4627 0.6741
vn 0.2479 0.6095 0.7530
vn 0.6429 0.5297 0.5532
vn 0.4434 0.5908 0.6740
vn 0.3417 0.6089 0.7159
vn 0.0579 0.5897 0.8055
vn 0.6395 0.4573 0.6180
vn 0.7856 0.4972 -0.3683
vn 0.9852 0.1268 -0.1149
vn 0.9001 0.4352 0.0192
vn 0.9331 0.3392 0.1199
vn 0.7835 0.5365 0.3136
vn 0.8517 0.4494 -0.2695
vn 0.8377 0.5302 -0.1307
vn 0.9527 0.2117 -0.2179
vn 0.9325 0.1766 -0.3150
vn 0.7556 0.6173 -0.2190
vn 0.8967 0.2405 0.3715
vn 0.9232 -0.1178 0.3658
vn 0.8564 0.3307 0.3966
vn 0.9261 0.1082 -0.3614
vn 0.9689 0.2084 -0.1335
vn 0.9274 0.2767 -0.2518
vn 0.5970 0.5728 0.5616
vn 0.7636 0.5659 0.3108
vn 0.9149 0.1476 0.3757
vn 0.8602 0.4931 -0.1299
vn 0.8532 0.0123 -0.5214
vn 0.7362 0.5329 -0.4172
vn 0.9571 0.2857 -0.0483
vn 0.6864 0.5495 0.4763
vn 0.5322 0.0019 -0.8466
vn 0.5690 0.6241 0.5355
vn 0.6736 0.5177 0.5275
vn 0.5233 0.7104 0.4706
vn 0.5589 0.6904 0.4592
vn 0.3259 0.7269 0.6046
vn 0.4852 0.4699 0.7374
vn 0.2376 0.6980 0.6755
vn -0.0502 0.7481 0.6617
vn -0.1769 0.5812 0.7943
vn 0.4317 0.4810 0.7631
vn 0.6297 0.4956 0.5982
vn 0.8300 0.5107 0.2242
vn 0.8142 0.5803 0.0209
vn 0.7329 0.6758 -0.0785
vn 0.5770 0.7294 -0.3674
vn 0.4248 0.7689 -0.4778
vn 0.6079 0.7812 -0.1423
vn 0.2077 0.8141 -0.5424
vn 0.3962 0.9181 -0.0097
vn 0.5220 0.8510 0.0576
vn 0.6468 0.7543 -0.1124
vn 0.6075 0.7512 -0.2583
vn 0.6038 0.7758 -0.1832
vn 0.6550 0.7352 -0.1748
vn 0.6686 0.7183 -0.1923
vn 0.5715 0.7909 -0.2189
vn 0.7220 0.6623 -0.2003
vn 0.6822 0.6838 -0.2591
vn 0.7089 0.7016 -0.0725
vn 0.6026 0.7973 0.0355
vn 0.5283 0.8085 0.2594
vn 0.4211 0.9027 0.0886
vn 0.5908 0.7975 0.1223
vn 0.5362 0.7973 0.2772
vn 0.5946 0.7627 0.2546
vn 0.5086 0.7763 0.3723
vn 0.7988 0.5786 0.1649
vn 0.7443 0.6677 -0.0113
vn 0.5649 0.8039 -0.1860
vn 0.5926 0.7891 -0.1617
vn 0.5204 0.7780 -0.3520
vn 0.6934 0.6865 0.2190
vn 0.4260 0.5829 0.6919
vn 0.4687 0.6893 -0.5525
vn 0.6246 0.6939 -0.3582
vn 0.4998 0.7949 -0.3440
vn 0.6294 0.7488 -0.2078
vn 0.6124 0.7578 -0.2251
vn 0.6876 0.7256 -0.0254
vn 0.4266 0.7771 0.4629
vn 0.2713 0.8434 0.4638
vn 0.1809 0.8260 0.5339
vn 0.4825 0.4683 0.7402
vn 0.6351 0.2102 0.7432
vn 0.5052 0.3334 0.7960
vn 0.6057 0.2448 0.7571
vn 0.5242 0.8427 0.1227
vn 0.2115 0.5880 0.7807
vn 0.6719 0.7180 0.1817
vn 0.5339 0.5270 0.6612
vn 0.6924 0.7183 0.0680
vn 0.5407 0.7272 0.4228
vn 0.4900 0.8649 0.1086
vn 0.7669 0.6382 0.0682
vn 0.6657 0.3535 -0.6572
vn 0.5677 0.6547 -0.4991
vn 0.4339 0.6903 0.5790
vn 0.7300 0.3561 -0.5833
vn 0.5564 0.7567 0.3433
vn 0.8198 0.5537 0.1463
vn 0.7791 0.6147 -0.1235
vn 0.9579 0.1259 -0.2580
vn 0.5905 0.2573 -0.7649
vn 0.9738 0.2251 0.0337
vn 0.7597 0.4197 -0.4966
vn 0.6432 0.7609 0.0853
vn 0.6793 0.3094 -0.6655
vn 0.4406 0.6852 0.5800
vn 0.1870 0.5921 0.7838
vn 0.6330 0.2293 -0.7394
vn 0.5546 -0.0765 -0.8286
vn 0.6415 0.0244 -0.7667
vn 0.2135 -0.1134 -0.9703
vn 0.9859 0.1659 -0.0200
vn 0.6134 0.7886 -0.0427
vn 0.9346 0.0690 -0.3489
vn 0.5795 -0.0568 -0.8130
vn 0.3188 0.7863 0.5292
vn 0.3376 0.8165 0.4684
vn 0.7218 0.3525 0.5956
vn 0.5013 -0.2833 -0.8176
vn 0.2474 -0.4185 -0.8738
vn 0.9872 0.0257 0.1572
vn 0.8478 0.4884 -0.2065
vn 0.8913 -0.0912 -0.4442
vn 0.5176 0.1741 -0.8377
vn 0.5309 0.4967 -0.6866
vn 0.5974 0.4005 -0.6947
vn 0.4523 0.7798 0.4328
vn 0.5971 0.5848 0.5490
vn 0.4392 0.6490 0.6213
vn 0.6795 0.5888 0.4377
vn 0.9236 0.3643 -0.1194
vn 0.3051 0.6790 0.6678
vn 0.7777 0.1476 -0.6111
vn 0.8499 0.2877 -0.4414
vn 0.4210 0.1613 -0.8926
vn 0.7073 0.7065 0.0233
vn 0.8007 0.4215 -0.4257
vn 0.6794 0.7321 -0.0487
vn 0.3109 0.7014 0.6413
vn 0.4742 0.6765 0.5635
vn 0.4824 0.5543 0.6783
vn 0.6046 0.4043 0.6863
vn 0.6648 0.5654 0.4882
vn 0.1329 0.7889 0.5999
vn -0.1629 0.8762 0.4535
vn -0.2939 0.7742 0.5605
vn 0.4961 0.7273 0.4742
vn 0.3500 0.8201 0.4527
vn 0.3534 0.8575 0.3739
vn 0.4218 0.8712 0.2510
vn 0.1453 0.9122 0.3831
vn 0.3388 0.8288 0.4454
vn 0.1511 0.8052 0.5735
vn 0.4997 0.7467 0.4390
vn 0.4567 0.7822 0.4237
vn 0.1545 0.9109 0.3825
vn 0.1860 0.7584 0.6247
vn 0.1525 0.6945 0.7032
vn 0.0514 0.8224 0.5665
vn -0.1289 0.6686 0.7323
vn 0.8485 0.3853 0.3627
vn 0.3326 0.6747 0.6589
vn 0.6526 0.6410 0.4040
vn 0.5838 0.1818 -0.7913
vn 0.7930 0.1761 -0.5833
vn 0.6733 0.1634 -0.7211
vn 0.8586 -0.0001 -0.5127
vn 0.3924 0.7607 -0.5170
vn -0.4964 0.8610 0.1108
vn 0.4236 0.7332 -0.5319
vn -0.6727 0.7347 -0.0883
vn -0.4944 0.8135 0.3064
vn 0.1236 0.9181 -0.3766
vn -0.6774 0.7356 -0.0045
vn -0.5750 0.7784 -0.2519
vn -0.6308 0.6488 0.4255
vn 0.1558 0.9562 -0.2476
vn -0.4982 0.5988 0.6270
vn -0.3032 0.7699 0.5616
vn -0.1197 0.9815 0.1494
vn -0.2567 0.8773 0.4055
vn 0.0801 0.8016 0.5925
vn -0.4342 0.8690 0.2374
vn 0.1246 0.9697 0.2100
vn -0.2644 0.9449 -0.1932
vn -0.2783 0.9406 -0.1944
vn -0.0945 0.9874 -0.1269
vn 0.0867 0.9774 0.1926
vn -0.5133 0.8557 0.0659
vn -0.8613 0.4654 -0.2039
vn -0.7039 0.7098 -0.0252
vn -0.7996 0.3661 -0.4760
vn -0.4692 0.8243 -0.3168
vn -0.4742 0.7382 -0.4798
vn -0.4658 0.8504 -0.2448
vn -0.5069 0.8498 -0.1445
vn -0.6338 0.7731 -0.0234
vn 0.2283 0.8651 -0.4467
vn -0.0968 0.1170 -0.9884
vn -0.0859 0.9211 -0.3796
vn -0.4220 0.8438 0.3314
vn -0.5218 0.8218 0.2288
vn -0.4707 0.8064 0.3579
vn 0.9543 0.2080 -0.2146
vn 0.8982 0.3059 -0.3157
vn 0.3333 0.6214 -0.7091
vn -0.4173 0.8218 0.3878
vn -0.2227 0.9670 0.1234
vn 0.1921 0.7964 0.5735
vn -0.2579 0.8703 0.4197
vn 0.2899 0.9248 0.2462
vn -0.4756 0.8740 0.0999
vn -0.3003 0.9404 0.1596
vn -0.0639 0.9757 0.2095
vn 0.2573 0.6558 -0.7097
vn 0.5605 0.6615 -0.4982
vn 0.2681 0.8512 -0.4511
vn 0.1444 0.8190 -0.5554
vn 0.3600 0.8556 -0.3720
vn 0.1143 0.9750 0.1907
vn 0.3593 0.9297 -0.0810
vn 0.4545 0.7641 -0.4579
vn 0.3536 0.9224 -0.1553
vn 0.2192 0.9396 0.2629
vn -0.2866 0.9355 0.2065
vn -0.0292 0.9890 0.1447
vn -0.0228 0.9991 0.0345
vn -0.3521 0.6739 0.6495
vn 0.3630 0.8298 0.4239
vn -0.3337 0.6544 0.6785
vn -0.3089 0.6762 0.6688
vn 0.3572 0.8612 0.3616
vn -0.4029 0.4413 0.8018
vn -0.4886 0.3713 0.7896
vn 0.4837 0.7938 0.3686
vn -0.3352 0.7780 0.5314
vn -0.5444 0.5512 0.6323
vn 0.1965 0.7047 0.6818
vn -0.4683 0.6494 0.5992
vn -0.2095 0.8007 0.5613
vn -0.3327 0.8764 0.3483
vn -0.4013 0.8839 0.2403
vn -0.1326 0.9394 -0.3161
vn 0.1519 0.9653 -0.2123
vn -0.1672 0.7612 0.6266
vn -0.1618 0.9011 -0.4023
vn -0.4941 0.7840 -0.3758
vn -0.0196 0.7479 -0.6636
vn 0.4577 0.6792 -0.5737
vn 0.6036 0.6345 -0.4827
vn 0.4690 0.8806 -0.0683
vn 0.6172 0.5475 -0.5650
vn 0.7055 0.5827 -0.4034
vn 0.4793 0.8671 0.1356
vn 0.2277 0.8952 0.3832
vn 0.3991 0.8887 0.2256
vn 0.2937 0.8541 0.4293
vn 0.1733 0.8317 0.5274
vn -0.1046 0.5979 0.7947
vn 0.1848 0.8962 0.4033
vn 0.2397 0.8637 0.4434
vn -0.4826 0.5017 0.7179
vn -0.5012 0.4028 0.7659
vn -0.1351 0.7544 0.6424
vn -0.9387 0.2498 0.2375
vn -0.7511 0.4417 0.4907
vn -0.9942 0.0613 0.0887
vn -0.7759 0.6305 0.0215
vn -0.3606 0.5135 0.7787
vn -0.9505 0.2710 0.1519
vn -0.3255 0.6822 0.6547
vn 0.0664 0.6517 0.7555
vn 0.3392 0.8047 0.4871
vn 0.7615 0.2321 0.6052
vn -0.7429 0.6209 0.2499
vn -0.9378 0.2129 0.2742
vn -0.2642 0.7018 0.6615
vn 0.3925 0.2481 0.8857
vn 0.4411 0.8141 0.3778
vn 0.2002 -0.0579 0.9780
vn 0.1592 0.9757 0.1503
vn 0.7441 0.4194 0.5201
vn -0.7651 0.5411 0.3492
vn 0.2073 0.9756 -0.0730
vn -0.8151 0.2426 -0.5260
vn 0.1481 0.7911 -0.5936
vn -0.7584 0.4181 -0.5001
vn 0.7519 0.2018 -0.6276
vn 0.4714 0.2855 -0.8344
vn 0.1399 0.4250 -0.8943
vn 0.6783 0.6005 -0.4235
vn 0.3004 0.0194 -0.9536
vn 0.1297 0.0083 -0.9915
vn 0.3657 0.7787 -0.5099
vn 0.5334 0.1632 -0.8300
vn 0.4989 0.7539 -0.4275
vn 0.1328 0.8844 -0.4474
vn -0.0506 0.9864 -0.1561
vn 0.3809 0.9080 -0.1746
vn 0.1883 0.9771 0.0994
vn 0.2031 0.9598 -0.1939
vn 0.2015 0.8876 -0.4143
vn 0.4917 0.8091 -0.3218
vn 0.5955 0.8003 -0.0705
vn 0.8748 0.4843 -0.0122
vn 0.5430 0.8344 -0.0942
vn 0.7540 0.6563 0.0269
vn 0.7866 0.6096 0.0977
vn 0.7346 0.6782 0.0196
vn 0.7352 0.6745 0.0674
vn 0.6402 0.7634 0.0850
vn 0.5543 0.7127 0.4299
vn 0.9331 0.3594 0.0153
vn 0.0580 0.9104 -0.4097
vn 0.2783 0.9597 -0.0391
vn -0.7804 0.0526 -0.6231
vn -0.6482 0.4478 -0.6159
vn -0.6341 0.2505 -0.7315
vn -0.5147 0.3497 -0.7828
vn 0.3539 0.9173 0.1827
vn -0.3037 0.9197 -0.2489
vn 0.4628 0.8542 0.2369
vn -0.3138 0.9455 -0.0870
vn -0.1013 0.9468 0.3055
vn -0.3774 0.9086 -0.1788
vn 0.2390 0.8916 0.3846
vn 0.3430 0.9306 0.1276
vn -0.1673 0.9813 0.0952
vn 0.5156 0.7596 0.3966
vn 0.4536 0.8092 0.3733
vn 0.3216 0.7924 0.5183
vn 0.0830 0.9642 0.2519
vn 0.3675 0.9251 0.0956
vn -0.5159 0.7535 -0.4076
vn -0.3855 0.9186 -0.0866
vn -0.7329 0.4866 -0.4754
vn -0.6844 0.7208 -0.1101
vn -0.4312 0.9019 0.0235
vn -0.2356 0.8641 -0.4448
vn -0.1866 0.8029 -0.5661
vn -0.0634 0.7324 -0.6779
vn -0.2531 0.9633 -0.0892
vn -0.1246 0.9655 0.2286
vn 0.8670 0.1288 -0.4813
vn 0.5436 -0.3069 -0.7812
vn 0.3873 0.5391 -0.7479
vn 0.3416 0.7458 0.5720
vn 0.4287 0.8937 0.1326
vn 0.1399 0.6593 0.7388
vn 0.3200 0.7997 0.5081
vn 0.3797 0.7597 0.5279
vn 0.5772 0.6685 0.4690
vn 0.6599 0.6154 0.4310
vn 0.5689 0.7969 0.2032
vn 0.5108 0.7712 0.3800
vn 0.5574 0.8300 0.0216
vn 0.3828 0.9237 0.0131
vn 0.4725 0.8777 -0.0807
vn 0.3830 0.8799 0.2812
vn 0.5364 0.8423 0.0525
vn 0.4797 0.8767 -0.0373
vn 0.4302 0.8902 0.1500
vn 0.3987 0.8361 0.3768
vn 0.6512 0.6418 -0.4050
vn 0.3958 0.8143 0.4245
vn 0.3783 0.8785 -0.2919
vn 0.0553 0.9978 0.0377
vn 0.0214 0.9826 -0.1847
vn -0.1780 0.9472 0.2668
vn 0.4458 0.8825 -0.1497
vn 0.6583 0.7314 0.1781
vn 0.4485 0.8937 0.0146
vn 0.0290 0.9983 0.0505
vn 0.2644 0.7414 -0.6168
vn 0.3109 0.8305 0.4622
vn 0.3788 0.8326 0.4041
vn 0.1343 -0.0179 -0.9908
vn 0.6045 0.7658 -0.2193
vn 0.6738 0.1749 -0.7179
vn 0.8768 0.1140 -0.4672
vn 0.4277 0.8961 -0.1186
vn 0.8332 0.4495 0.3221
vn 0.4624 0.7499 -0.4731
vn 0.6243 0.6520 -0.4303
vn 0.8361 -0.3622 -0.4119
vn 0.6854 0.7112 -0.1564
vn -0.2683 0.2538 -0.9293
vn -0.2988 0.7659 -0.5693
vn -0.1570 0.4832 -0.8613
vn -0.5063 0.2689 -0.8194
vn -0.2053 0.4539 -0.8671
vn -0.3691 0.3702 -0.8525
vn -0.2583 0.8165 -0.5164
vn 0.2230 0.9673 -0.1210
vn -0.1096 0.9642 -0.2413
vn 0.5916 0.6353 -0.4964
vn -0.1797 0.9135 0.3650
vn 0.1912 0.9364 0.2944
vn 0.3805 0.9165 -0.1234
vn -0.8381 0.5236 -0.1529
vn -0.8524 0.5217 0.0361
vn -0.9186 0.3951 -0.0019
vn 0.1979 0.1434 0.9697
vn -0.7578 0.6525 0.0033
vn -0.3569 0.7485 -0.5589
vn -0.4313 0.8546 -0.2894
vn -0.7237 0.5500 -0.4170
vn 0.0533 0.3305 0.9423
vn 0.4986 -0.0167 0.8666
vn 0.4446 0.7160 0.5382
vn -0.3791 0.8218 -0.4253
vn -0.2014 0.4570 -0.8664
vn -0.3221 0.7688 0.5525
vn -0.7678 0.6361 0.0763
vn -0.5244 0.7901 -0.3173
vn -0.3608 0.8844 -0.2960
vn -0.2859 0.8020 0.5245
vn -0.5471 0.7595 -0.3518
vn -0.6459 0.5733 0.5042
vn 0.0654 0.7720 0.6323
vn -0.4570 0.7957 0.3974
vn 0.1667 0.9680 -0.1874
vn -0.3336 0.8027 0.4943
vn -0.5975 0.6283 0.4982
vn -0.4866 0.0637 0.8713
vn 0.0743 0.9969 0.0255
vn -0.7772 0.3984 0.4871
vn -0.6555 0.6807 -0.3271
vn -0.7828 0.6037 0.1506
vn -0.7730 0.4987 -0.3921
vn 0.3564 0.8753 0.3267
vn 0.6044 0.6103 0.5120
vn 0.1546 0.9806 -0.1207
vn -0.4125 0.9020 0.1270
vn -0.5678 0.6938 0.4429
vn -0.5335 0.6901 0.4891
vn 0.2404 0.8927 0.3812
vn 0.4986 0.8645 0.0637
vn -0.3550 0.9318 0.0756
vn 0.0704 0.9444 -0.3211
vn -0.4738 0.5586 -0.6808
vn -0.5123 0.8440 -0.1588
vn -0.4126 0.9082 -0.0705
vn -0.3731 0.9191 -0.1270
vn -0.4166 0.9053 0.0829
vn 0.0517 0.4009 0.9147
vn 0.2654 0.8227 0.5027
vn 0.4719 0.8562 0.2104
vn -0.1908 0.7364 -0.6491
vn -0.1744 0.6924 -0.7001
vn 0.1875 0.9565 -0.2234
vn 0.1374 0.9793 0.1485
vn 0.2333 0.9414 0.2434
vn -0.1544 0.9122 -0.3795
vn 0.1002 0.6882 -0.7186
vn -0.2834 0.7537 -0.5929
vn -0.0557 0.7904 -0.6100
vn -0.0457 -0.9821 0.1825
vn -0.3956 -0.9184 0.0027
vn -0.8025 -0.5621 0.2000
vn -0.8708 -0.4522 -0.1931
vn -0.7078 0.0327 -0.7057
vn 0.0508 -0.9962 -0.0706
vn -0.0769 -0.5174 -0.8523
vn 0.1284 0.2724 -0.9536
vn 0.3137 0.2113 -0.9257
vn 0.5706 -0.4971 -0.6537
vn -0.3644 0.3874 -0.8468
vn -0.2836 0.5939 -0.7529
vn -0.4469 0.7439 -0.4970
vn -0.4065 0.7902 -0.4586
vn -0.3964 -0.1666 -0.9028
vn 0.6700 0.7389 0.0721
vn 0.7664 0.6030 0.2214
vn 0.1814 0.9496 0.2558
vn 0.5949 0.1509 -0.7895
vn -0.4980 0.8513 0.1651
vn -0.1516 0.9601 -0.2351
vn -0.6393 0.6971 0.3245
vn 0.0314 0.9957 -0.0873
vn 0.5766 0.8026 -0.1527
vn 0.8049 0.5914 0.0475
vn 0.7715 0.5667 -0.2892
vn 0.5217 0.8066 -0.2778
vn 0.1151 0.3638 -0.9243
vn 0.1349 0.3711 -0.9188
vn 0.4564 0.5638 -0.6884
vn 0.3958 0.6262 -0.6717
vn 0.7625 0.5413 -0.3544
vn -0.1616 0.6691 -0.7254
vn 0.6989 0.5364 -0.4731
vn -0.3817 0.1282 -0.9154
vn -0.4456 0.4850 -0.7525
vn -0.8121 -0.4872 -0.3210
vn -0.7668 -0.2277 -0.6002
vn -0.1831 0.1417 -0.9728
vn -0.6701 -0.1011 -0.7353
vn -0.9391 0.2322 -0.2533
vn 0.1032 0.5274 -0.8433
vn -0.8905 -0.3770 0.2547
vn 0.4206 0.7281 -0.5412
vn -0.2109 0.9674 -0.1404
vn 0.0743 0.9968 0.0305
vn 0.2719 0.9566 0.1045
vn 0.4061 0.8997 -0.1601
vn 0.0298 0.9907 -0.1324
vn 0.9477 0.1687 0.2711
vn 0.5457 0.1873 0.8168
vn 0.3373 -0.9152 0.2206
vn 0.6970 0.4326 0.5719
vn 0.6383 0.4635 0.6146
vn 0.2036 0.4605 0.8640
vn 0.1816 0.4672 0.8653
vn -0.4193 -0.3986 0.8157
vn -0.0288 -0.9935 -0.1106
vn 0.0026 -0.9909 -0.1344
vn -0.0371 -0.9932 -0.1101
vn -0.0507 -0.9957 -0.0769
vn -0.3155 0.0391 0.9481
vn -0.6239 0.6479 0.4369
vn -0.6583 0.5421 0.5223
vn 0.3568 0.8920 0.2774
vn -0.4613 0.6246 0.6302
vn -0.6976 0.6159 0.3662
vn -0.7359 0.5466 0.3995
vn -0.5095 0.8111 0.2872
vn -0.1342 0.9772 0.1646
vn 0.3268 0.9399 -0.0988
vn -0.0820 0.7715 0.6309
vn 0.1145 0.5103 0.8523
vn -0.2750 0.5269 0.8042
vn -0.0761 0.9447 0.3191
vn -0.2594 0.9480 0.1842
vn -0.4005 0.9155 -0.0385
vn -0.2146 0.9481 0.2346
vn -0.2928 0.9526 0.0830
vn -0.4648 0.4422 -0.7671
vn -0.3560 0.8120 -0.4626
vn 0.0801 0.6102 0.7881
vn 0.0416 0.5419 0.8394
vn 0.2161 0.8680 0.4470
vn 0.1934 0.6548 0.7307
vn 0.1735 0.8675 0.4662
vn -0.0134 -0.9994 0.0306
vn -0.0433 -0.9988 -0.0250
vn -0.0178 -0.9981 -0.0585
vn 0.9398 0.0795 0.3324
vn 0.3792 0.8362 -0.3963
vn 0.6025 0.7239 -0.3361
vn 0.8320 0.3482 -0.4320
vn 0.8181 0.5730 -0.0484
vn 0.6877 -0.6564 -0.3101
vn 0.8946 0.2238 -0.3868
vn 0.9743 0.1796 -0.1359
vn 0.4918 0.7526 0.4379
vn 0.8290 0.4771 0.2918
vn 0.4563 0.8125 -0.3628
vn 0.1751 0.1870 0.9666
vn 0.1204 0.7737 0.6220
vn 0.3686 0.7080 0.6024
vn 0.4940 0.8692 0.0239
vn 0.2276 0.6620 0.7141
vn 0.0983 0.7908 0.6042
vn 0.4572 0.7936 0.4014
vn 0.8243 0.5445 -0.1551
vn 0.7385 0.4183 -0.5288
vn 0.8556 0.4694 -0.2183
vn 0.5238 0.3741 -0.7653
vn 0.9995 0.0079 0.0300
vn 0.4079 0.7696 -0.4913
vn 0.3931 0.2919 0.8719
vn 0.8364 0.4190 0.3535
vn 0.1299 0.9638 0.2330
vn 0.7824 0.6047 -0.1491
vn 0.4314 0.2315 0.8720
vn 0.2947 0.0994 0.9504
vn 0.3642 0.9066 0.2131
vn -0.1608 0.6028 0.7815
vn -0.4825 0.7871 -0.3842
vn -0.5408 0.4296 -0.7232
vn 0.3219 0.2554 -0.9117
vn 0.8677 0.4970 -0.0060
vn 0.0900 0.6991 -0.7093
vn 0.6120 0.7730 -0.1669
vn 0.0474 0.7565 -0.6523
vn 0.3100 0.8048 -0.5062
vn 0.2104 0.7425 -0.6359
vn 0.5632 0.7764 0.2827
vn -0.5437 0.7247 -0.4233
vn -0.2541 0.9669 -0.0236
vn -0.1204 0.9545 -0.2729
vn 0.2117 0.9486 -0.2351
vn -0.0832 0.9953 -0.0500
vn 0.8936 0.0298 0.4478
vn 0.7225 -0.2546 -0.6428
vn 0.3906 0.9185 -0.0624
vn 0.8283 0.4305 -0.3586
vn 0.3058 0.7955 0.5231
vn 0.8960 0.1879 -0.4024
vn 0.6385 0.7287 0.2474
vn 0.0077 0.9999 0.0150
vn 0.1719 0.3787 0.9094
vn -0.2097 0.9500 0.2312
vn 0.1921 0.7395 0.6452
vn -0.0319 0.7925 0.6090
vn -0.5266 0.7822 -0.3329
vn 0.0996 -0.0474 -0.9939
vn 0.0651 -0.0575 -0.9962
vn 0.0790 -0.0232 -0.9966
vn 0.1983 0.1331 -0.9710
vn -0.0436 -0.0270 -0.9987
vn -0.0184 0.2220 -0.9749
vn 0.0647 0.3346 -0.9401
vn 0.0905 0.0987 -0.9910
vn 0.1154 0.2917 -0.9495
vn 0.6749 0.4396 0.5927
vn 0.7066 0.3658 0.6057
vn 0.0984 -0.9951 0.0118
vn 0.0413 -0.9938 -0.1029
vn 0.0521 -0.9902 -0.1293
vn 0.0134 -0.9924 -0.1221
vn -0.0009 -0.9879 -0.1549
vn -0.0379 -0.9912 -0.1266
vn -0.0095 -0.9987 -0.0500
vn 0.0803 -0.9939 0.0750
vn 0.1499 -0.9759 0.1583
vn 0.1913 0.8518 0.4876
vn 0.3843 0.6856 0.6182
vn -0.5141 0.8228 0.2424
vn -0.6809 0.6181 0.3930
vn -0.6881 0.7245 0.0408
vn -0.7372 0.6742 0.0444
vn 0.7072 0.5683 -0.4206
vn 0.6439 0.6637 -0.3806
vn 0.7468 0.5679 -0.3461
vn 0.7245 0.6260 -0.2886
vn 0.6612 0.6806 -0.3157
vn 0.7055 0.6916 -0.1546
vn 0.7312 0.6535 -0.1956
vn 0.8080 0.5328 -0.2516
vn 0.8388 0.4993 -0.2170
vn 0.7069 0.4323 0.5598
vn 0.7495 0.4258 0.5068
vn 0.7089 0.4482 0.5447
vn 0.7514 0.3799 0.5396
vn 0.1327 0.9405 0.3129
vn 0.4813 0.7973 0.3643
vn 0.0195 0.9852 0.1700
vn 0.3540 0.8988 0.2585
vn 0.5282 0.8481 -0.0415
vn 0.4431 0.6741 0.5909
vn 0.5438 0.7958 0.2665
vn 0.3985 0.8609 0.3163
vn -0.8164 0.5659 0.1152
s 1
f 1/1/1 2/2/2 3/3/3
f 4/4/4 5/5/5 6/6/6
f 7/7/7 4/4/4 6/6/6
f 5/5/5 1/8/1 6/6/6
f 6/9/6 1/1/1 3/3/3
f 3/3/3 8/10/8 6/9/6
f 9/11/9 8/10/8 10/12/10
f 9/11/9 10/12/10 11/13/11
f 12/14/12 4/4/4 7/7/7
f 6/6/6 13/15/13 14/16/14
f 13/17/13 6/9/6 8/10/8
f 15/18/15 13/17/13 8/10/8
f 15/18/15 8/10/8 9/11/9
f 13/17/13 15/18/15 16/19/16
f 17/20/17 18/21/18 19/22/19
f 20/23/20 21/24/21 17/20/17
f 17/20/17 19/22/19 22/25/22
f 20/23/20 23/26/23 24/27/24
f 19/22/19 25/28/25 22/25/22
f 17/20/17 22/25/22 20/23/20
f 20/23/20 26/29/26 23/26/23
f 22/25/22 26/29/26 20/23/20
f 24/27/24 23/26/23 27/30/27
f 27/30/27 23/26/23 28/31/28
f 27/30/27 29/32/29 10/12/10
f 27/30/27 28/31/28 30/33/30
f 30/33/30 29/32/29 27/30/27
f 26/29/26 28/31/28 23/26/23
f 28/31/28 26/29/26 31/34/31
f 29/32/29 30/33/30 32/35/32
f 30/33/30 28/31/28 31/34/31
f 19/22/19 18/21/18 25/28/25
f 22/25/22 25/28/25 26/29/26
f 26/29/26 25/28/25 33/36/33
f 34/37/34 11/13/11 35/38/35
f 11/13/11 29/32/29 32/35/32
f 32/35/32 30/33/30 36/39/36
f 36/39/36 30/33/30 37/40/37
f 32/35/32 35/38/35 11/13/11
f 36/39/36 35/38/35 32/35/32
f 35/38/35 36/39/36 38/41/38
f 35/38/35 38/41/38 39/42/39
f 40/43/40 38/41/38 36/39/36
f 38/41/38 41/44/41 39/42/39
f 37/40/37 31/34/31 42/45/42
f 27/30/27 43/46/43 24/27/24
f 11/13/11 10/12/10 29/32/29
f 7/7/7 6/6/6 14/16/14
f 30/33/30 31/34/31 37/40/37
f 38/41/38 40/43/40 41/44/41
f 40/43/40 36/39/36 37/40/37
f 44/47/44 45/48/45 46/49/46
f 12/14/12 47/50/47 46/49/46
f 47/50/47 48/51/48 46/49/46
f 47/50/47 12/14/12 49/52/49
f 50/53/50 48/51/48 47/50/47
f 50/53/50 49/52/49 51/54/51
f 51/54/51 49/52/49 52/55/52
f 53/56/53 14/16/14 49/52/49
f 49/52/49 14/16/14 52/55/52
f 54/57/54 55/58/55 56/59/56
f 57/60/57 56/59/56 55/58/55
f 58/61/58 57/60/57 55/58/55
f 59/62/59 55/58/55 60/63/60
f 55/58/55 59/62/59 58/61/58
f 52/55/52 61/64/61 62/65/62
f 62/65/62 51/54/51 52/55/52
f 63/66/63 64/67/64 62/65/62
f 65/68/65 61/64/61 66/69/66
f 63/66/63 62/65/62 61/64/61
f 63/66/63 61/64/61 65/68/65
f 65/68/65 66/69/66 67/70/67
f 63/66/63 65/68/65 68/71/68
f 65/68/65 67/70/67 68/71/68
f 68/71/68 69/72/69 63/66/63
f 70/73/70 63/66/63 69/72/69
f 68/71/68 71/74/71 69/72/69
f 72/75/72 58/76/58 73/77/73
f 71/74/71 74/78/74 69/72/69
f 69/72/69 74/78/74 75/79/75
f 71/74/71 76/80/76 74/78/74
f 74/78/74 76/80/76 77/81/77
f 78/82/78 77/81/77 76/80/76
f 79/83/79 77/84/77 78/85/78
f 76/80/76 80/86/80 78/82/78
f 73/77/73 59/87/59 81/88/81
f 82/89/82 83/90/83 84/91/84
f 80/92/80 72/75/72 78/93/78
f 85/94/85 78/93/78 72/75/72
f 82/89/82 84/91/84 86/95/86
f 79/83/79 78/85/78 87/96/87
f 87/96/87 78/85/78 88/97/88
f 84/98/84 89/99/89 90/100/90
f 44/47/44 46/49/46 48/51/48
f 44/47/44 48/51/48 45/48/45
f 50/53/50 47/50/47 49/52/49
f 91/101/91 48/51/48 50/53/50
f 59/87/59 73/77/73 58/76/58
f 81/88/81 83/90/83 82/89/82
f 73/77/73 81/88/81 82/89/82
f 83/90/83 92/102/92 84/91/84
f 90/100/90 93/103/93 94/104/94
f 95/105/95 96/106/96 97/107/97
f 95/105/95 98/108/98 99/109/99
f 97/107/97 98/108/98 95/105/95
f 97/107/97 100/110/100 101/111/101
f 102/112/102 99/109/99 98/108/98
f 102/112/102 98/108/98 103/113/103
f 98/108/98 104/114/104 103/113/103
f 105/115/105 103/113/103 106/116/106
f 107/117/107 104/114/104 97/107/97
f 104/114/104 107/117/107 106/116/106
f 108/118/108 106/116/106 107/117/107
f 109/119/109 103/113/103 104/114/104
f 109/119/109 104/114/104 106/116/106
f 108/118/108 110/120/110 106/116/106
f 97/107/97 101/111/101 107/117/107
f 107/117/107 101/111/101 108/118/108
f 108/118/108 101/111/101 111/121/111
f 101/111/101 112/122/112 111/121/111
f 111/121/111 113/123/113 108/118/108
f 114/124/114 111/121/111 62/65/62
f 113/123/113 111/121/111 114/124/114
f 108/118/108 113/123/113 115/125/115
f 113/123/113 114/124/114 116/126/116
f 115/125/115 113/123/113 116/126/116
f 117/127/117 115/125/115 116/126/116
f 118/128/118 114/124/114 119/129/119
f 116/126/116 114/124/114 118/128/118
f 119/129/119 120/130/120 121/131/121
f 118/128/118 119/129/119 121/131/121
f 62/65/62 64/67/64 119/129/119
f 96/106/96 100/110/100 97/107/97
f 98/108/98 97/107/97 104/114/104
f 106/116/106 110/120/110 105/115/105
f 62/65/62 119/129/119 114/124/114
f 122/132/122 123/133/123 124/134/124
f 125/135/125 126/136/126 124/137/124
f 124/134/124 126/138/126 122/132/122
f 126/136/126 125/135/125 127/139/127
f 126/136/126 127/139/127 128/140/128
f 129/141/129 130/142/130 77/81/77
f 131/143/131 130/142/130 132/144/132
f 133/145/133 131/143/131 134/146/134
f 131/143/131 132/144/132 134/146/134
f 129/141/129 132/144/132 130/142/130
f 135/147/135 136/148/136 137/149/137
f 138/150/138 135/147/135 137/149/137
f 137/149/137 139/151/139 138/150/138
f 129/152/129 140/153/140 141/154/141
f 134/146/134 132/144/132 129/141/129
f 129/152/129 142/155/142 134/156/134
f 141/154/141 142/155/142 129/152/129
f 123/133/123 142/157/142 124/134/124
f 143/158/143 141/154/141 144/159/144
f 125/135/125 143/158/143 144/159/144
f 143/158/143 125/135/125 124/137/124
f 143/158/143 124/137/124 142/155/142
f 145/160/145 125/135/125 144/159/144
f 146/161/146 141/154/141 147/162/147
f 146/161/146 148/163/148 144/159/144
f 148/163/148 145/160/145 144/159/144
f 145/160/145 148/163/148 149/164/149
f 148/163/148 147/162/147 150/165/150
f 150/165/150 138/150/138 149/164/149
f 148/163/148 150/165/150 149/164/149
f 138/150/138 139/151/139 149/164/149
f 139/151/139 151/166/151 149/164/149
f 151/166/151 139/151/139 152/167/152
f 151/166/151 153/168/153 149/164/149
f 139/151/139 154/169/154 152/167/152
f 149/164/149 153/168/153 145/160/145
f 151/166/151 152/167/152 155/170/155
f 155/170/155 153/168/153 151/166/151
f 153/168/153 156/171/156 157/172/157
f 153/168/153 155/170/155 158/173/158
f 155/170/155 152/167/152 158/173/158
f 158/173/158 159/174/159 156/171/156
f 159/174/159 158/173/158 160/175/160
f 161/176/161 125/135/125 145/160/145
f 145/160/145 162/177/162 161/176/161
f 145/160/145 163/178/163 162/177/162
f 163/178/163 164/179/164 162/177/162
f 162/177/162 164/179/164 165/180/165
f 166/181/166 162/177/162 165/180/165
f 156/171/156 159/174/159 165/180/165
f 156/171/156 165/180/165 164/179/164
f 165/180/165 167/182/167 166/181/166
f 167/182/167 165/180/165 159/174/159
f 142/155/142 141/154/141 143/158/143
f 144/159/144 141/154/141 146/161/146
f 146/161/146 147/162/147 148/163/148
f 163/178/163 145/160/145 153/168/153
f 156/171/156 153/168/153 158/173/158
f 160/175/160 158/173/158 168/183/168
f 156/171/156 164/179/164 157/172/157
f 160/175/160 168/183/168 169/184/169
f 125/135/125 161/176/161 127/139/127
f 157/172/157 163/178/163 153/168/153
f 157/172/157 164/179/164 163/178/163
f 167/182/167 159/174/159 170/185/170
f 171/186/171 172/187/172 173/188/173
f 174/189/174 175/190/175 176/191/176
f 173/188/173 177/192/177 178/193/178
f 173/188/173 172/187/172 177/192/177
f 179/194/179 178/193/178 177/192/177
f 180/195/180 179/194/179 177/192/177
f 179/194/179 181/196/181 182/197/182
f 180/195/180 181/196/181 179/194/179
f 172/187/172 180/195/180 177/192/177
f 183/198/183 184/199/184 182/197/182
f 178/193/178 185/200/185 174/189/174
f 186/201/186 185/200/185 184/199/184
f 185/200/185 187/202/187 174/189/174
f 187/202/187 185/200/185 188/203/188
f 187/202/187 188/203/188 189/204/189
f 188/203/188 185/200/185 186/201/186
f 188/203/188 186/201/186 189/204/189
f 190/205/190 191/206/191 181/196/181
f 192/207/192 189/204/189 193/208/193
f 193/208/193 189/204/189 194/209/194
f 174/189/174 176/191/176 178/193/178
f 182/197/182 178/193/178 179/194/179
f 195/210/195 181/196/181 180/195/180
f 191/206/191 182/197/182 181/196/181
f 185/200/185 178/193/178 182/197/182
f 185/200/185 182/197/182 184/199/184
f 183/198/183 186/201/186 184/199/184
f 183/198/183 194/209/194 186/201/186
f 186/201/186 194/209/194 189/204/189
f 196/211/196 197/212/197 198/213/198
f 199/214/199 198/213/198 200/215/200
f 201/216/201 202/217/202 203/218/203
f 204/219/204 205/220/205 206/221/206
f 206/221/206 205/220/205 197/212/197
f 207/222/207 205/220/205 204/219/204
f 197/212/197 205/220/205 208/223/208
f 208/223/208 205/220/205 209/224/209
f 204/219/204 203/218/203 210/225/210
f 204/219/204 211/226/211 203/218/203
f 209/224/209 212/227/212 208/223/208
f 213/228/213 214/229/214 212/227/212
f 209/224/209 207/222/207 215/230/215
f 215/230/215 207/222/207 210/225/210
f 209/224/209 215/230/215 213/228/213
f 212/227/212 209/224/209 213/228/213
f 214/229/214 216/231/216 212/227/212
f 214/229/214 213/228/213 217/232/217
f 218/233/218 213/228/213 215/230/215
f 210/225/210 203/218/203 219/234/219
f 210/225/210 219/234/219 220/235/220
f 220/235/220 215/230/215 210/225/210
f 215/230/215 220/235/220 218/233/218
f 220/235/220 221/236/221 222/237/222
f 218/233/218 220/235/220 223/238/223
f 222/237/222 224/239/224 220/235/220
f 220/235/220 224/239/224 223/238/223
f 225/240/225 223/238/223 226/241/226
f 225/240/225 227/242/227 223/238/223
f 228/243/228 225/244/225 226/245/226
f 229/246/229 227/247/227 225/244/225
f 225/244/225 228/243/228 229/246/229
f 230/248/230 227/247/227 229/246/229
f 218/233/218 227/242/227 231/249/231
f 197/212/197 208/223/208 198/213/198
f 198/213/198 208/223/208 200/215/200
f 209/224/209 205/220/205 207/222/207
f 232/250/232 203/218/203 211/226/211
f 207/222/207 204/219/204 210/225/210
f 233/251/233 223/238/223 224/239/224
f 227/242/227 218/233/218 223/238/223
f 234/252/234 235/253/235 236/254/236
f 237/255/237 234/252/234 238/256/238
f 234/252/234 236/254/236 239/257/239
f 238/256/238 234/252/234 239/257/239
f 238/256/238 239/257/239 240/258/240
f 239/257/239 241/259/241 242/260/242
f 243/261/243 240/258/240 244/262/244
f 243/261/243 244/262/244 245/263/245
f 240/258/240 246/264/246 244/262/244
f 240/258/240 242/260/242 246/264/246
f 245/263/245 244/262/244 247/265/247
f 248/266/248 249/267/249 250/268/250
f 251/269/251 252/270/252 250/268/250
f 253/271/253 254/272/254 255/273/255
f 235/253/235 253/274/253 255/275/255
f 255/273/255 254/272/254 256/276/256
f 257/277/257 256/276/256 254/272/254
f 236/254/236 235/253/235 255/275/255
f 258/278/258 256/276/256 257/277/257
f 256/276/256 258/278/258 259/279/259
f 256/280/256 259/281/259 260/282/260
f 236/254/236 260/282/260 239/257/239
f 260/282/260 259/281/259 261/283/261
f 261/283/261 239/257/239 260/282/260
f 262/284/262 261/283/261 259/281/259
f 239/257/239 261/283/261 241/259/241
f 241/259/241 263/285/263 264/286/264
f 261/283/261 263/285/263 241/259/241
f 261/283/261 262/284/262 263/285/263
f 242/260/242 241/259/241 264/286/264
f 264/286/264 265/287/265 242/260/242
f 266/288/266 262/284/262 267/289/267
f 263/285/263 262/284/262 266/288/266
f 266/288/266 268/290/268 265/287/265
f 246/264/246 242/260/242 269/291/269
f 242/260/242 265/287/265 269/291/269
f 268/290/268 266/288/266 270/292/270
f 266/288/266 267/289/267 270/292/270
f 265/287/265 268/290/268 271/293/271
f 269/291/269 265/287/265 271/293/271
f 268/290/268 270/292/270 271/293/271
f 251/269/251 269/291/269 271/293/271
f 250/268/250 269/291/269 251/269/251
f 251/269/251 271/293/271 272/294/272
f 252/270/252 251/269/251 273/295/273
f 251/269/251 272/294/272 274/296/274
f 275/297/275 276/298/276 277/299/277
f 231/300/231 278/301/278 276/298/276
f 262/284/262 275/297/275 277/299/277
f 277/299/277 276/298/276 278/301/278
f 277/299/277 278/301/278 279/302/279
f 280/303/280 277/299/277 279/302/279
f 277/299/277 280/303/280 267/289/267
f 267/289/267 280/303/280 281/304/281
f 267/289/267 281/304/281 270/292/270
f 272/294/272 270/292/270 281/304/281
f 281/304/281 282/305/282 272/294/272
f 283/306/283 284/307/284 280/303/280
f 280/303/280 284/307/284 281/304/281
f 284/307/284 283/306/283 285/308/285
f 280/303/280 279/302/279 283/306/283
f 282/305/282 281/304/281 286/309/286
f 284/307/284 286/309/286 281/304/281
f 287/310/287 288/311/288 289/312/289
f 289/312/289 282/305/282 286/309/286
f 287/310/287 289/312/289 290/313/290
f 290/313/290 289/312/289 286/309/286
f 285/308/285 286/309/286 284/307/284
f 290/313/290 291/314/291 292/315/292
f 240/258/240 243/261/243 238/256/238
f 242/260/242 240/258/240 239/257/239
f 244/262/244 246/264/246 250/268/250
f 248/266/248 250/268/250 252/270/252
f 256/280/256 260/282/260 255/275/255
f 255/275/255 260/282/260 236/254/236
f 259/279/259 258/278/258 276/316/276
f 262/284/262 259/281/259 275/297/275
f 264/286/264 266/288/266 265/287/265
f 263/285/263 266/288/266 264/286/264
f 250/268/250 246/264/246 269/291/269
f 274/296/274 272/294/272 289/312/289
f 259/281/259 276/298/276 275/297/275
f 267/289/267 262/284/262 277/299/277
f 270/292/270 272/294/272 271/293/271
f 282/305/282 289/312/289 272/294/272
f 293/317/293 294/318/294 295/319/295
f 296/320/296 295/319/295 297/321/297
f 298/322/298 273/295/273 299/323/299
f 299/323/299 297/321/297 298/322/298
f 297/321/297 299/323/299 296/320/296
f 300/324/300 299/323/299 301/325/301
f 302/326/302 293/317/293 303/327/303
f 296/320/296 300/324/300 304/328/304
f 273/295/273 305/329/305 301/325/301
f 306/330/306 307/331/307 308/332/308
f 309/333/309 300/324/300 301/325/301
f 307/331/307 306/330/306 310/334/310
f 310/334/310 306/330/306 311/335/311
f 309/333/309 311/335/311 306/330/306
f 312/336/312 313/337/313 314/338/314
f 315/339/315 312/336/312 314/338/314
f 316/340/316 309/333/309 312/336/312
f 316/340/316 312/336/312 315/339/315
f 317/341/317 315/339/315 314/338/314
f 316/340/316 315/339/315 317/341/317
f 318/342/318 319/343/319 320/344/320
f 321/345/321 320/344/320 319/343/319
f 317/341/317 321/345/321 322/346/322
f 323/347/323 321/345/321 319/343/319
f 324/348/324 325/349/325 326/350/326
f 324/348/324 327/351/327 328/352/328
f 329/353/329 327/351/327 324/348/324
f 324/348/324 326/350/326 329/353/329
f 330/354/330 322/346/322 331/355/331
f 321/345/321 323/347/323 322/346/322
f 294/318/294 293/317/293 332/356/332
f 299/323/299 273/295/273 301/325/301
f 296/320/296 299/323/299 300/324/300
f 333/357/333 293/317/293 295/319/295
f 296/320/296 304/328/304 295/319/295
f 329/353/329 326/350/326 308/332/308
f 329/353/329 308/332/308 307/331/307
f 301/325/301 312/336/312 309/333/309
f 321/345/321 314/338/314 320/344/320
f 317/341/317 314/338/314 321/345/321
f 317/341/317 322/346/322 330/354/330
f 328/352/328 325/349/325 324/348/324
f 334/358/334 335/359/335 336/360/336
f 337/361/337 338/362/338 334/358/334
f 339/363/339 340/364/340 341/365/341
f 339/363/339 341/365/341 342/366/342
f 337/361/337 339/363/339 342/366/342
f 343/367/343 337/361/337 342/366/342
f 337/361/337 343/367/343 344/368/344
f 345/369/345 346/370/346 347/371/347
f 348/372/348 347/371/347 336/360/336
f 346/370/346 336/360/336 347/371/347
f 336/360/336 346/370/346 340/364/340
f 349/373/349 348/372/348 335/359/335
f 335/359/335 348/372/348 336/360/336
f 350/374/350 335/359/335 338/362/338
f 338/362/338 351/375/351 350/374/350
f 351/375/351 352/376/352 353/377/353
f 338/362/338 352/376/352 351/375/351
f 354/378/354 353/377/353 352/376/352
f 350/374/350 349/373/349 335/359/335
f 352/376/352 338/362/338 355/379/355
f 338/362/338 337/361/337 355/379/355
f 355/379/355 337/361/337 344/368/344
f 345/369/345 356/380/356 346/370/346
f 357/381/357 344/368/344 358/382/358
f 359/383/359 360/384/360 361/385/361
f 361/385/361 357/381/357 359/383/359
f 359/383/359 357/381/357 358/382/358
f 362/386/362 359/383/359 358/382/358
f 362/386/362 363/387/363 359/383/359
f 364/388/364 362/386/362 365/389/365
f 362/386/362 358/382/358 365/389/365
f 366/390/366 367/391/367 365/389/365
f 367/391/367 366/390/366 368/392/368
f 365/389/365 367/391/367 364/388/364
f 364/388/364 367/391/367 369/393/369
f 370/394/370 371/395/371 372/396/372
f 373/397/373 371/395/371 374/398/374
f 370/394/370 372/396/372 361/385/361
f 371/395/371 370/394/370 374/398/374
f 370/394/370 361/385/361 360/384/360
f 374/398/374 370/394/370 375/399/375
f 361/385/361 355/379/355 357/381/357
f 373/397/373 374/398/374 376/400/376
f 375/399/375 370/394/370 360/384/360
f 377/401/377 378/402/378 349/373/349
f 348/372/348 349/373/349 378/402/378
f 379/403/379 380/404/380 381/405/381
f 379/403/379 377/401/377 382/406/382
f 383/407/383 384/408/384 385/409/385
f 386/410/386 387/411/387 384/408/384
f 387/411/387 385/409/385 384/408/384
f 388/412/388 389/413/389 383/407/383
f 383/407/383 389/413/389 390/414/390
f 390/414/390 391/415/391 383/407/383
f 378/402/378 377/401/377 388/412/388
f 379/403/379 388/412/388 377/401/377
f 389/413/389 379/403/379 381/405/381
f 390/414/390 389/413/389 392/416/392
f 388/412/388 379/403/379 389/413/389
f 389/413/389 381/405/381 393/417/393
f 389/413/389 393/417/393 392/416/392
f 394/418/394 395/419/395 390/414/390
f 394/418/394 390/414/390 396/420/396
f 396/420/396 397/421/397 394/418/394
f 395/419/395 394/418/394 398/422/398
f 399/423/399 398/422/398 394/418/394
f 381/405/381 380/404/380 400/424/400
f 393/417/393 381/405/381 401/425/401
f 402/426/402 393/417/393 401/425/401
f 392/416/392 393/417/393 402/426/402
f 390/414/390 392/416/392 403/427/403
f 392/416/392 402/426/402 403/427/403
f 396/420/396 390/414/390 403/427/403
f 404/428/404 403/427/403 402/426/402
f 396/420/396 403/427/403 405/429/405
f 396/420/396 405/429/405 397/421/397
f 399/423/399 394/418/394 397/421/397
f 397/421/397 405/429/405 406/430/406
f 399/423/399 397/421/397 406/430/406
f 406/430/406 405/429/405 407/431/407
f 404/428/404 405/429/405 403/427/403
f 408/432/408 405/429/405 404/428/404
f 388/412/388 385/409/385 378/402/378
f 385/409/385 388/412/388 383/407/383
f 383/407/383 391/415/391 384/408/384
f 395/419/395 391/415/391 390/414/390
f 405/429/405 408/432/408 407/431/407
f 409/433/409 410/434/410 382/406/382
f 411/435/411 373/397/373 412/436/412
f 411/435/411 412/436/412 413/437/413
f 414/438/414 415/439/415 416/440/416
f 414/438/414 416/440/416 411/435/411
f 411/435/411 417/441/417 414/438/414
f 415/439/415 418/442/418 419/443/419
f 420/444/420 415/439/415 414/438/414
f 415/439/415 420/444/420 413/437/413
f 418/442/418 415/439/415 413/437/413
f 413/437/413 420/444/420 417/441/417
f 413/437/413 417/441/417 411/435/411
f 421/445/421 380/404/380 422/446/422
f 422/446/422 410/434/410 409/433/409
f 409/433/409 423/447/423 422/446/422
f 422/446/422 423/447/423 416/440/416
f 422/446/422 415/439/415 421/445/421
f 380/404/380 421/445/421 400/424/400
f 424/448/424 400/424/400 421/445/421
f 421/445/421 415/439/415 419/443/419
f 419/443/419 424/448/424 421/445/421
f 424/448/424 425/449/425 426/450/426
f 418/442/418 427/451/427 428/452/428
f 429/453/429 428/452/428 430/454/430
f 418/442/418 412/436/412 427/451/427
f 431/455/431 424/448/424 419/443/419
f 432/456/432 425/449/425 431/455/431
f 431/455/431 429/453/429 432/456/432
f 429/453/429 430/454/430 432/456/432
f 433/457/433 432/456/432 430/454/430
f 424/448/424 431/455/431 425/449/425
f 434/458/434 435/459/435 426/450/426
f 420/444/420 414/438/414 417/441/417
f 415/439/415 422/446/422 416/440/416
f 435/459/435 400/424/400 424/448/424
f 426/450/426 435/459/435 424/448/424
f 429/453/429 418/442/418 428/452/428
f 412/436/412 418/442/418 413/437/413
f 418/442/418 431/455/431 419/443/419
f 431/455/431 418/442/418 429/453/429
f 436/460/436 404/428/404 435/459/435
f 437/461/437 438/462/438 439/463/439
f 440/464/440 437/461/437 439/463/439
f 441/465/441 440/464/440 439/463/439
f 442/466/442 443/467/443 440/464/440
f 441/465/441 442/466/442 440/464/440
f 441/465/441 444/468/444 442/466/442
f 439/463/439 438/462/438 445/469/445
f 439/463/439 445/469/445 446/470/446
f 444/468/444 441/465/441 446/470/446
f 444/468/444 446/470/446 447/471/447
f 448/472/448 444/468/444 447/471/447
f 449/473/449 438/462/438 450/474/450
f 438/462/438 449/473/449 445/469/445
f 451/475/451 452/476/452 449/477/449
f 453/478/453 445/469/445 449/473/449
f 452/476/452 451/475/451 454/479/454
f 452/480/452 455/481/455 453/478/453
f 455/481/455 452/480/452 456/482/456
f 456/483/456 452/476/452 454/479/454
f 454/479/454 457/484/457 456/483/456
f 454/479/454 458/485/458 457/484/457
f 439/463/439 446/470/446 441/465/441
f 446/470/446 453/478/453 447/471/447
f 459/486/459 444/468/444 448/472/448
f 446/470/446 445/469/445 453/478/453
f 453/478/453 449/473/449 452/480/452
f 454/479/454 451/475/451 460/487/460
f 461/488/461 455/481/455 456/482/456
f 462/489/462 369/393/369 463/490/463
f 464/491/464 465/492/465 466/493/466
f 463/490/463 464/491/464 466/493/466
f 448/472/448 467/494/467 468/495/468
f 368/392/368 468/495/468 467/494/467
f 464/491/464 469/496/469 467/494/467
f 470/497/470 471/498/471 461/488/461
f 471/498/471 466/493/466 465/492/465
f 470/497/470 461/488/461 472/499/472
f 472/499/472 473/500/473 470/497/470
f 466/493/466 471/498/471 474/501/474
f 470/497/470 474/501/474 471/498/471
f 474/501/474 470/497/470 475/502/475
f 476/503/476 475/502/475 477/504/477
f 478/505/478 473/506/473 472/507/472
f 463/490/463 466/493/466 474/501/474
f 463/490/463 474/501/474 479/508/479
f 479/508/479 474/501/474 476/503/476
f 476/503/476 474/501/474 475/502/475
f 477/504/477 480/509/480 476/503/476
f 464/491/464 369/393/369 469/496/469
f 463/490/463 369/393/369 464/491/464
f 473/500/473 475/502/475 470/497/470
f 475/502/475 473/500/473 477/504/477
f 481/510/481 482/511/482 483/512/483
f 483/513/483 484/514/484 485/515/485
f 485/516/485 481/510/481 483/512/483
f 481/510/481 486/517/486 482/511/482
f 486/517/486 356/380/356 482/511/482
f 481/510/481 485/516/485 487/518/487
f 487/518/487 486/517/486 481/510/481
f 486/517/486 487/518/487 488/519/488
f 489/520/489 484/514/484 490/521/490
f 484/514/484 489/520/489 491/522/491
f 492/523/492 484/514/484 491/522/491
f 485/515/485 484/514/484 492/523/492
f 493/524/493 491/522/491 489/520/489
f 493/524/493 494/525/494 491/522/491
f 495/526/495 493/524/493 496/527/496
f 494/525/494 493/524/493 495/526/495
f 482/528/482 497/529/497 483/513/483
f 483/513/483 497/529/497 490/521/490
f 487/518/487 498/530/498 437/461/437
f 450/474/450 437/461/437 498/530/498
f 487/518/487 485/516/485 499/531/499
f 499/531/499 498/530/498 487/518/487
f 500/532/500 499/533/499 501/534/501
f 500/532/500 501/534/501 502/535/502
f 492/523/492 503/536/503 485/515/485
f 503/536/503 492/523/492 504/537/504
f 505/538/505 503/536/503 504/537/504
f 494/525/494 495/526/495 506/539/506
f 507/540/507 494/525/494 506/539/506
f 504/537/504 494/525/494 507/540/507
f 504/537/504 492/523/492 494/525/494
f 495/526/495 496/527/496 508/541/508
f 508/541/508 509/542/509 495/526/495
f 484/514/484 483/513/483 490/521/490
f 492/523/492 491/522/491 494/525/494
f 450/474/450 498/530/498 500/543/500
f 498/530/498 499/531/499 500/543/500
f 499/533/499 503/536/503 501/534/501
f 485/515/485 503/536/503 499/533/499
f 496/527/496 493/524/493 510/544/510
f 386/410/386 511/545/511 387/411/387
f 512/546/512 513/547/513 386/548/386
f 386/548/386 513/547/513 514/549/514
f 386/548/386 514/549/514 511/550/511
f 515/551/515 516/552/516 513/547/513
f 510/544/510 513/547/513 516/552/516
f 517/553/517 513/547/513 512/546/512
f 515/551/515 513/547/513 517/553/517
f 515/551/515 517/553/517 518/554/518
f 517/553/517 395/555/395 518/554/518
f 395/555/395 519/556/519 518/554/518
f 510/544/510 516/552/516 520/557/520
f 520/557/520 496/527/496 510/544/510
f 521/558/521 520/557/520 516/552/516
f 520/557/520 521/558/521 522/559/522
f 520/557/520 523/560/523 524/561/524
f 525/562/525 520/557/520 522/559/522
f 520/557/520 525/562/525 523/560/523
f 526/563/526 527/564/527 525/562/525
f 523/560/523 527/564/527 528/565/528
f 521/558/521 516/552/516 515/551/515
f 529/566/529 521/558/521 515/551/515
f 530/567/530 529/566/529 531/568/531
f 529/566/529 530/567/530 521/558/521
f 530/567/530 522/559/522 521/558/521
f 518/554/518 531/568/531 515/551/515
f 518/554/518 519/556/519 531/568/531
f 532/569/532 531/568/531 533/570/533
f 531/568/531 532/569/532 530/567/530
f 534/571/534 525/562/525 530/567/530
f 535/572/535 534/571/534 536/573/536
f 526/563/526 525/562/525 535/572/535
f 526/563/526 535/572/535 537/574/537
f 535/572/535 536/573/536 537/574/537
f 534/571/534 530/567/530 532/569/532
f 531/568/531 519/556/519 533/570/533
f 519/556/519 538/575/538 533/570/533
f 513/547/513 510/544/510 514/549/514
f 538/575/538 519/556/519 539/576/539
f 523/560/523 525/562/525 527/564/527
f 522/559/522 530/567/530 525/562/525
f 515/551/515 531/568/531 529/566/529
f 534/571/534 535/572/535 525/562/525
f 540/577/540 541/578/541 542/579/542
f 543/580/543 540/577/540 544/581/544
f 544/581/544 542/579/542 545/582/545
f 543/580/543 546/583/546 547/584/547
f 548/585/548 549/586/549 550/587/550
f 548/585/548 550/587/550 551/588/551
f 550/587/550 549/586/549 552/589/552
f 550/587/550 552/589/552 553/590/553
f 541/578/541 551/588/551 553/590/553
f 541/578/541 553/590/553 554/591/554
f 541/578/541 554/591/554 542/579/542
f 555/592/555 553/590/553 556/593/556
f 557/594/557 555/592/555 558/595/558
f 557/594/557 544/581/544 545/582/545
f 540/577/540 542/579/542 544/581/544
f 543/580/543 544/581/544 546/583/546
f 548/585/548 559/596/559 549/586/549
f 553/590/553 551/588/551 550/587/550
f 554/591/554 545/582/545 542/579/542
f 558/595/558 555/592/555 560/597/560
f 553/590/553 552/589/552 556/593/556
f 556/593/556 561/598/561 555/592/555
f 562/599/562 547/584/547 563/600/563
f 547/584/547 564/601/564 565/602/565
f 564/601/564 566/603/566 565/602/565
f 567/604/567 565/602/565 566/603/566
f 566/603/566 564/601/564 568/605/568
f 569/606/569 568/605/568 564/601/564
f 565/602/565 567/604/567 563/600/563
f 570/607/570 563/608/563 567/609/567
f 566/603/566 568/605/568 571/610/571
f 571/610/571 572/611/572 573/612/573
f 568/605/568 572/611/572 571/610/571
f 574/613/574 566/603/566 571/610/571
f 575/614/575 576/615/576 574/613/574
f 574/613/574 571/610/571 575/614/575
f 576/616/576 577/617/577 567/609/567
f 578/618/578 575/619/575 579/620/579
f 575/619/575 580/621/580 581/622/581
f 575/619/575 581/622/581 582/623/582
f 563/600/563 547/584/547 565/602/565
f 570/607/570 567/609/567 577/617/577
f 581/624/581 580/625/580 571/610/571
f 580/625/580 575/614/575 571/610/571
f 556/593/556 583/626/583 584/627/584
f 584/627/584 583/626/583 585/628/585
f 584/627/584 585/628/585 586/629/586
f 587/630/587 588/631/588 589/632/589
f 587/630/587 549/586/549 588/631/588
f 583/626/583 549/586/549 587/630/587
f 583/626/583 587/630/587 585/628/585
f 589/632/589 590/633/590 591/634/591
f 589/632/589 591/634/591 592/635/592
f 587/630/587 592/635/592 593/636/593
f 585/628/585 587/630/587 593/636/593
f 592/635/592 594/637/594 593/636/593
f 586/629/586 585/628/585 593/636/593
f 595/638/595 596/639/596 593/636/593
f 593/636/593 596/639/596 586/629/586
f 594/637/594 595/638/595 593/636/593
f 594/637/594 597/640/597 595/638/595
f 596/639/596 598/641/598 599/642/599
f 596/639/596 595/638/595 598/641/598
f 600/643/600 598/641/598 595/638/595
f 600/643/600 601/644/601 598/641/598
f 589/632/589 592/635/592 587/630/587
f 591/634/591 594/637/594 592/635/592
f 594/637/594 591/634/591 597/640/597
f 591/634/591 590/633/590 597/640/597
f 602/645/602 603/646/603 604/647/604
f 604/647/604 605/648/605 602/645/602
f 561/598/561 584/627/584 606/649/606
f 605/648/605 607/650/607 606/649/606
f 608/651/608 607/652/607 609/653/609
f 608/651/608 609/653/609 610/654/610
f 607/650/607 605/648/605 604/647/604
f 607/652/607 604/655/604 609/653/609
f 611/656/611 609/653/609 604/655/604
f 603/646/603 612/657/612 613/658/613
f 613/658/613 604/647/604 603/646/603
f 613/658/613 612/657/612 614/659/614
f 609/653/609 611/656/611 610/654/610
f 608/651/608 610/654/610 615/660/615
f 616/661/616 610/654/610 617/662/617
f 610/654/610 616/661/616 615/660/615
f 611/656/611 618/663/618 617/662/617
f 617/662/617 618/663/618 619/664/619
f 604/655/604 613/665/613 611/656/611
f 618/663/618 611/656/611 613/665/613
f 618/663/618 613/665/613 614/666/614
f 620/667/620 608/651/608 615/660/615
f 603/646/603 596/639/596 599/642/599
f 612/657/612 603/646/603 599/642/599
f 621/668/621 598/641/598 622/669/622
f 612/657/612 621/668/621 614/659/614
f 614/659/614 621/668/621 622/669/622
f 610/654/610 611/656/611 617/662/617
f 612/657/612 598/641/598 621/668/621
f 507/540/507 506/539/506 623/670/623
f 624/671/624 506/539/506 625/672/625
f 624/671/624 626/673/626 623/670/623
f 626/673/626 624/671/624 627/674/627
f 624/671/624 628/675/628 627/674/627
f 628/675/628 629/676/629 627/674/627
f 629/676/629 628/675/628 630/677/630
f 631/678/631 630/677/630 628/675/628
f 632/679/632 633/680/633 629/676/629
f 629/676/629 633/680/633 627/674/627
f 629/676/629 630/677/630 634/681/634
f 634/681/634 630/677/630 635/682/635
f 636/683/636 634/681/634 635/682/635
f 637/684/637 634/681/634 636/683/636
f 638/685/638 634/681/634 637/684/637
f 634/681/634 638/685/638 632/679/632
f 631/678/631 528/565/528 639/686/639
f 528/565/528 631/678/631 628/675/628
f 640/687/640 639/686/639 641/688/641
f 640/687/640 641/688/641 642/689/642
f 641/688/641 643/690/643 644/691/644
f 642/689/642 641/688/641 644/691/644
f 645/692/645 635/682/635 630/677/630
f 623/670/623 506/539/506 624/671/624
f 629/676/629 634/681/634 632/679/632
f 528/565/528 646/693/646 639/686/639
f 647/694/647 648/695/648 649/696/649
f 649/696/649 650/697/650 647/694/647
f 650/697/650 651/698/651 647/694/647
f 652/699/652 653/700/653 654/701/654
f 655/702/655 654/701/654 653/700/653
f 656/703/656 651/698/651 650/697/650
f 657/704/657 656/703/656 650/697/650
f 657/704/657 658/705/658 656/703/656
f 658/705/658 657/704/657 659/706/659
f 655/702/655 653/700/653 658/705/658
f 655/702/655 658/705/658 660/707/660
f 660/707/660 658/705/658 659/706/659
f 661/708/661 662/709/662 657/704/657
f 663/710/663 652/699/652 654/701/654
f 664/711/664 663/710/663 654/701/654
f 655/702/655 665/712/665 654/701/654
f 103/113/103 105/115/105 666/713/666
f 667/714/667 668/715/668 648/695/648
f 668/715/668 669/716/669 670/717/670
f 667/714/667 666/713/666 668/715/668
f 668/715/668 666/713/666 669/716/669
f 671/718/671 670/717/670 672/719/672
f 648/695/648 668/715/668 649/696/649
f 650/697/650 649/696/649 671/718/671
f 650/697/650 671/718/671 661/708/661
f 649/696/649 668/715/668 671/718/671
f 653/700/653 652/699/652 638/685/638
f 650/697/650 661/708/661 657/704/657
f 670/717/670 671/718/671 668/715/668
f 661/708/661 671/718/671 673/720/673
f 674/721/674 675/722/675 676/723/676
f 677/724/677 678/725/678 679/726/679
f 679/726/679 678/725/678 540/577/540
f 680/727/680 681/728/681 682/729/682
f 677/724/677 681/728/681 683/730/683
f 677/724/677 683/730/683 678/725/678
f 681/728/681 680/727/680 683/730/683
f 680/727/680 684/731/684 551/588/551
f 680/727/680 551/588/551 683/730/683
f 675/722/675 685/732/685 676/723/676
f 676/723/676 682/729/682 674/721/674
f 680/727/680 682/729/682 676/723/676
f 686/733/686 687/734/687 676/723/676
f 680/727/680 676/723/676 687/734/687
f 680/727/680 687/734/687 684/731/684
f 688/735/688 689/736/689 690/737/690
f 685/732/685 688/735/688 686/733/686
f 688/735/688 690/737/690 686/733/686
f 686/733/686 690/737/690 691/738/691
f 687/734/687 686/733/686 691/738/691
f 691/738/691 692/739/692 693/740/693
f 694/741/694 632/679/632 695/742/695
f 694/741/694 695/742/695 696/743/696
f 697/744/697 698/745/698 693/740/693
f 559/596/559 693/740/693 699/746/699
f 692/739/692 700/747/700 693/740/693
f 693/740/693 700/747/700 699/746/699
f 700/747/700 701/748/701 699/746/699
f 692/739/692 694/741/694 700/747/700
f 700/747/700 694/741/694 696/743/696
f 695/742/695 702/749/702 696/743/696
f 702/749/702 664/711/664 703/750/703
f 703/750/703 704/751/704 702/749/702
f 702/749/702 704/751/704 705/752/705
f 706/753/706 707/754/707 708/755/708
f 709/756/709 710/757/710 711/758/711
f 710/757/710 709/756/709 712/759/712
f 707/754/707 706/753/706 713/760/713
f 714/761/714 708/755/708 707/754/707
f 708/755/708 714/761/714 715/762/715
f 709/756/709 708/755/708 716/763/716
f 716/763/716 715/762/715 717/764/717
f 717/764/717 715/762/715 718/765/718
f 719/766/719 720/767/720 717/764/717
f 716/763/716 717/764/717 709/756/709
f 709/756/709 720/767/720 712/759/712
f 709/756/709 717/764/717 720/767/720
f 720/767/720 721/768/721 712/759/712
f 722/769/722 720/767/720 719/766/719
f 723/770/723 724/771/724 725/772/725
f 725/772/725 724/771/724 726/773/726
f 727/774/727 728/775/728 725/772/725
f 725/772/725 729/776/729 727/774/727
f 714/761/714 729/776/729 725/772/725
f 725/772/725 730/777/730 714/761/714
f 731/778/731 728/775/728 732/779/732
f 732/779/732 728/775/728 727/774/727
f 727/774/727 733/780/733 732/779/732
f 724/771/724 734/781/734 735/782/735
f 735/782/735 726/773/726 724/771/724
f 725/772/725 726/773/726 736/783/736
f 726/773/726 735/782/735 737/784/737
f 730/777/730 726/773/726 737/784/737
f 730/777/730 736/783/736 726/773/726
f 735/782/735 734/781/734 738/785/738
f 737/784/737 735/782/735 739/786/739
f 739/786/739 735/782/735 738/785/738
f 331/355/331 740/787/740 738/785/738
f 741/788/741 742/789/742 743/790/743
f 718/765/718 744/791/744 717/764/717
f 717/764/717 744/791/744 719/766/719
f 718/765/718 739/786/739 744/791/744
f 729/776/729 714/761/714 707/754/707
f 728/775/728 723/770/723 725/772/725
f 736/783/736 730/777/730 725/772/725
f 714/761/714 730/777/730 715/762/715
f 741/788/741 740/787/740 331/355/331
f 745/792/745 746/793/746 747/794/747
f 748/795/748 749/796/749 750/797/750
f 751/798/751 752/799/752 750/797/750
f 753/800/753 752/799/752 751/798/751
f 747/801/747 751/798/751 749/796/749
f 751/798/751 747/801/747 754/802/754
f 751/798/751 755/803/755 753/800/753
f 756/804/756 757/805/757 758/806/758
f 759/807/759 760/808/760 761/809/761
f 759/807/759 761/809/761 762/810/762
f 756/804/756 763/811/763 764/812/764
f 758/806/758 763/811/763 756/804/756
f 763/811/763 758/806/758 759/807/759
f 759/807/759 745/792/745 763/811/763
f 759/807/759 758/806/758 760/808/760
f 746/793/746 745/792/745 759/807/759
f 765/813/765 746/793/746 759/807/759
f 765/813/765 759/807/759 762/810/762
f 754/814/754 747/794/747 746/793/746
f 766/815/766 767/816/767 768/817/768
f 769/818/769 768/817/768 767/816/767
f 766/815/766 770/819/770 767/816/767
f 771/820/771 772/821/772 773/822/773
f 772/821/772 771/820/771 766/815/766
f 774/823/774 772/821/772 766/815/766
f 766/815/766 768/817/768 774/823/774
f 775/824/775 776/825/776 777/826/777
f 775/824/775 778/827/778 779/828/779
f 778/827/778 775/824/775 777/826/777
f 775/824/775 779/828/779 780/829/780
f 766/815/766 771/820/771 781/830/781
f 766/815/766 782/831/782 770/819/770
f 780/829/780 783/832/783 770/819/770
f 784/833/784 785/834/785 780/829/780
f 786/835/786 784/836/784 779/837/779
f 786/835/786 779/837/779 787/838/787
f 778/839/778 787/838/787 779/837/779
f 788/840/788 753/800/753 789/841/789
f 789/841/789 753/800/753 755/803/755
f 788/840/788 789/841/789 790/842/790
f 791/843/791 788/840/788 790/842/790
f 789/841/789 755/803/755 792/844/792
f 754/814/754 793/845/793 792/846/792
f 789/841/789 794/847/794 790/842/790
f 794/847/794 789/841/789 792/844/792
f 792/846/792 793/845/793 795/848/795
f 755/803/755 751/798/751 754/802/754
f 754/814/754 796/849/796 793/845/793
f 794/847/794 797/850/797 790/842/790
f 798/851/798 790/842/790 797/850/797
f 799/852/799 797/850/797 794/847/794
f 797/850/797 799/852/799 800/853/800
f 798/851/798 797/850/797 801/854/801
f 802/855/802 797/850/797 800/853/800
f 801/854/801 797/850/797 802/855/802
f 802/855/802 800/853/800 803/856/803
f 802/855/802 803/856/803 804/857/804
f 773/822/773 798/851/798 771/820/771
f 771/820/771 798/851/798 781/830/781
f 802/855/802 805/858/805 801/854/801
f 781/830/781 801/854/801 806/859/806
f 805/858/805 782/831/782 806/859/806
f 801/854/801 805/858/805 806/859/806
f 776/825/776 803/856/803 777/826/777
f 777/826/777 803/856/803 807/860/807
f 808/861/808 807/860/807 803/856/803
f 807/862/807 808/863/808 809/864/809
f 810/865/810 777/826/777 807/860/807
f 792/846/792 795/848/795 799/866/799
f 800/853/800 799/852/799 811/867/811
f 811/868/811 799/866/799 795/848/795
f 803/856/803 800/853/800 811/867/811
f 795/848/795 808/863/808 811/868/811
f 812/869/812 746/793/746 765/813/765
f 754/814/754 746/793/746 812/869/812
f 757/805/757 813/870/813 760/808/760
f 758/806/758 757/805/757 760/808/760
f 751/798/751 750/797/750 749/796/749
f 780/829/780 814/871/814 775/824/775
f 766/815/766 781/830/781 806/859/806
f 766/815/766 806/859/806 782/831/782
f 770/819/770 783/832/783 767/816/767
f 780/829/780 779/828/779 784/833/784
f 798/851/798 815/872/815 790/842/790
f 755/803/755 754/802/754 792/844/792
f 796/849/796 795/848/795 793/845/793
f 773/822/773 815/872/815 798/851/798
f 794/847/794 792/844/792 799/852/799
f 776/825/776 804/857/804 803/856/803
f 781/830/781 798/851/798 801/854/801
f 808/861/808 803/856/803 811/867/811
f 816/873/816 817/874/817 665/712/665
f 818/875/818 817/874/817 819/876/819
f 820/877/820 819/876/819 821/878/821
f 816/873/816 822/879/822 823/880/823
f 824/881/824 817/874/817 816/873/816
f 825/882/825 826/883/826 827/884/827
f 828/885/828 705/752/705 829/886/829
f 827/884/827 705/752/705 828/885/828
f 829/886/829 830/887/830 828/885/828
f 831/888/831 828/885/828 830/887/830
f 832/889/832 828/885/828 831/888/831
f 828/885/828 833/890/833 825/882/825
f 826/883/826 825/882/825 833/890/833
f 834/891/834 832/889/832 831/888/831
f 820/877/820 821/878/821 829/886/829
f 824/881/824 821/878/821 819/876/819
f 821/878/821 824/881/824 835/892/835
f 836/893/836 829/886/829 821/878/821
f 836/893/836 821/878/821 835/892/835
f 836/893/836 837/894/837 838/895/838
f 822/879/822 839/896/839 823/880/823
f 823/880/823 835/892/835 824/881/824
f 823/880/823 840/897/840 835/892/835
f 836/893/836 835/892/835 837/894/837
f 841/898/841 835/892/835 840/897/840
f 841/898/841 840/897/840 842/899/842
f 837/894/837 835/892/835 841/898/841
f 841/898/841 842/899/842 843/900/843
f 842/899/842 844/901/844 843/900/843
f 843/900/843 837/894/837 841/898/841
f 843/900/843 845/902/845 846/903/846
f 847/904/847 846/903/846 848/905/848
f 832/889/832 849/906/849 833/890/833
f 850/907/850 826/883/826 833/890/833
f 851/908/851 838/895/838 837/894/837
f 849/906/849 832/889/832 838/895/838
f 832/889/832 834/891/834 838/895/838
f 849/906/849 838/895/838 847/904/847
f 847/904/847 838/895/838 851/908/851
f 839/896/839 852/909/852 823/880/823
f 853/910/853 854/911/854 855/912/855
f 823/880/823 852/909/852 840/897/840
f 855/912/855 854/911/854 852/909/852
f 852/909/852 854/911/854 840/897/840
f 840/897/840 854/911/854 856/913/856
f 857/914/857 856/913/856 854/911/854
f 857/914/857 854/911/854 858/915/858
f 854/911/854 859/916/859 858/915/858
f 854/911/854 853/910/853 859/916/859
f 853/910/853 855/912/855 860/917/860
f 853/910/853 860/917/860 861/918/861
f 856/913/856 857/914/857 862/919/862
f 862/919/862 857/914/857 858/915/858
f 840/897/840 856/913/856 842/899/842
f 858/915/858 859/916/859 862/919/862
f 856/913/856 862/919/862 844/901/844
f 842/899/842 856/913/856 844/901/844
f 863/920/863 862/919/862 859/916/859
f 844/901/844 862/919/862 864/921/864
f 864/921/864 862/919/862 863/920/863
f 845/902/845 844/901/844 864/921/864
f 864/921/864 863/920/863 865/922/865
f 859/916/859 853/910/853 861/918/861
f 861/918/861 774/823/774 866/923/866
f 866/923/866 859/916/859 861/918/861
f 817/874/817 824/881/824 819/876/819
f 828/885/828 825/882/825 827/884/827
f 830/887/830 836/893/836 831/888/831
f 831/888/831 836/893/836 834/891/834
f 829/886/829 836/893/836 830/887/830
f 836/893/836 838/895/838 834/891/834
f 816/873/816 823/880/823 824/881/824
f 844/901/844 845/902/845 843/900/843
f 846/903/846 837/894/837 843/900/843
f 837/894/837 846/903/846 851/908/851
f 828/885/828 832/889/832 833/890/833
f 847/904/847 851/908/851 846/903/846
f 867/924/867 673/720/673 868/925/868
f 867/924/867 868/925/868 869/926/869
f 870/927/870 871/928/871 868/925/868
f 871/928/871 872/929/872 868/925/868
f 870/927/870 873/930/873 874/931/874
f 874/931/874 871/928/871 870/927/870
f 875/932/875 876/933/876 874/931/874
f 877/934/877 878/935/878 874/931/874
f 878/935/878 871/928/871 874/931/874
f 872/929/872 871/928/871 878/935/878
f 874/931/874 876/933/876 877/934/877
f 876/933/876 879/936/879 880/937/880
f 881/938/881 882/939/882 883/940/883
f 880/941/880 883/940/883 882/939/882
f 876/933/876 880/937/880 877/934/877
f 882/939/882 881/938/881 884/942/884
f 662/709/662 661/708/661 885/943/885
f 885/943/885 661/708/661 867/924/867
f 886/944/886 867/924/867 887/945/887
f 885/943/885 867/924/867 886/944/886
f 869/926/869 868/925/868 888/946/888
f 888/946/888 887/945/887 869/926/869
f 872/929/872 888/946/888 868/925/868
f 889/947/889 890/948/890 888/946/888
f 887/945/887 888/946/888 890/948/890
f 885/943/885 886/944/886 891/949/891
f 886/944/886 892/950/892 891/949/891
f 890/948/890 889/947/889 893/951/893
f 892/950/892 890/948/890 894/952/894
f 890/948/890 893/951/893 894/952/894
f 895/953/895 893/951/893 889/947/889
f 894/952/894 893/951/893 896/954/896
f 897/955/897 878/935/878 898/956/898
f 872/929/872 878/935/878 899/957/899
f 899/957/899 878/935/878 897/955/897
f 900/958/900 899/957/899 897/955/897
f 889/947/889 888/946/888 899/957/899
f 880/941/880 882/939/882 877/959/877
f 901/960/901 877/959/877 882/939/882
f 897/961/897 877/959/877 901/960/901
f 902/962/902 901/960/901 882/939/882
f 903/963/903 902/962/902 882/939/882
f 904/964/904 905/965/905 900/958/900
f 889/947/889 899/957/899 905/965/905
f 906/966/906 904/964/904 907/967/907
f 905/965/905 904/964/904 906/966/906
f 906/966/906 908/968/908 905/965/905
f 908/968/908 906/966/906 907/967/907
f 909/969/909 908/968/908 907/967/907
f 909/969/909 905/965/905 908/968/908
f 895/953/895 905/965/905 909/969/909
f 903/963/903 884/942/884 910/970/910
f 911/971/911 896/954/896 912/972/912
f 913/973/913 911/971/911 914/974/914
f 912/972/912 893/951/893 895/953/895
f 915/975/915 912/972/912 895/953/895
f 915/975/915 911/971/911 912/972/912
f 868/925/868 117/127/117 870/927/870
f 878/935/878 877/934/877 898/956/898
f 887/945/887 867/924/867 869/926/869
f 887/945/887 890/948/890 892/950/892
f 886/944/886 887/945/887 892/950/892
f 872/929/872 899/957/899 888/946/888
f 897/961/897 901/960/901 916/976/916
f 897/955/897 916/977/916 900/958/900
f 877/934/877 897/955/897 898/956/898
f 882/939/882 884/942/884 903/963/903
f 916/976/916 901/960/901 902/962/902
f 904/964/904 900/958/900 916/977/916
f 905/965/905 899/957/899 900/958/900
f 889/947/889 905/965/905 895/953/895
f 917/978/917 918/979/918 919/980/919
f 918/979/918 920/981/920 919/980/919
f 918/979/918 921/982/921 920/981/920
f 921/982/921 918/979/918 922/983/922
f 923/984/923 924/985/924 921/982/921
f 925/986/925 926/987/926 927/988/927
f 928/989/928 926/987/926 925/986/925
f 926/990/926 929/991/929 622/992/622
f 917/978/917 929/991/929 918/979/918
f 930/993/930 926/990/926 928/994/928
f 926/990/926 930/993/930 929/991/929
f 931/995/931 930/993/930 928/994/928
f 928/989/928 925/986/925 932/996/932
f 933/997/933 934/998/934 935/999/935
f 935/999/935 928/994/928 932/1000/932
f 936/1001/936 937/1002/937 938/1003/938
f 938/1003/938 937/1002/937 932/1000/932
f 939/1004/939 935/999/935 937/1002/937
f 932/1000/932 937/1002/937 935/999/935
f 933/997/933 935/999/935 939/1004/939
f 940/1005/940 933/997/933 941/1006/941
f 922/983/922 930/993/930 931/995/931
f 931/995/931 942/1007/942 922/983/922
f 943/1008/943 922/983/922 942/1007/942
f 944/1009/944 940/1005/940 945/1010/945
f 940/1005/940 944/1009/944 946/1011/946
f 921/982/921 922/983/922 923/984/923
f 929/991/929 930/993/930 918/979/918
f 925/986/925 938/1012/938 932/996/932
f 930/993/930 922/983/922 918/979/918
f 940/1005/940 941/1006/941 945/1010/945
f 947/1013/947 948/1014/948 949/1015/949
f 949/1015/949 950/1016/950 947/1013/947
f 951/1017/951 952/1018/952 953/1019/953
f 954/1020/954 951/1017/951 953/1019/953
f 955/1021/955 956/1022/956 957/1023/957
f 953/1019/953 958/1024/958 954/1020/954
f 956/1022/956 955/1021/955 951/1017/951
f 956/1022/956 951/1017/951 954/1020/954
f 959/1025/959 957/1023/957 956/1022/956
f 958/1024/958 960/1026/960 954/1020/954
f 954/1020/954 960/1026/960 956/1022/956
f 957/1023/957 961/1027/961 947/1013/947
f 956/1022/956 960/1026/960 959/1025/959
f 957/1023/957 959/1025/959 961/1027/961
f 950/1016/950 962/1028/962 957/1023/957
f 955/1021/955 963/1029/963 964/1030/964
f 952/1018/952 951/1017/951 964/1030/964
f 957/1023/957 962/1028/962 963/1029/963
f 951/1017/951 955/1021/955 964/1030/964
f 957/1023/957 963/1029/963 955/1021/955
f 947/1013/947 950/1016/950 957/1023/957
f 965/1031/965 966/1032/966 967/1033/967
f 967/1033/967 953/1019/953 952/1018/952
f 968/1034/968 969/1035/969 970/1036/970
f 961/1027/961 959/1025/959 971/1037/971
f 972/1038/972 970/1036/970 969/1035/969
f 961/1039/961 973/1040/973 974/1041/974
f 975/1042/975 972/1038/972 969/1035/969
f 975/1042/975 969/1035/969 976/1043/976
f 977/1044/977 978/1045/978 976/1043/976
f 976/1043/976 978/1045/978 975/1042/975
f 978/1045/978 977/1044/977 979/1046/979
f 968/1034/968 980/1047/980 981/1048/981
f 982/1049/982 981/1048/981 983/1050/983
f 969/1035/969 968/1034/968 981/1048/981
f 969/1035/969 981/1048/981 976/1043/976
f 982/1049/982 976/1043/976 981/1048/981
f 968/1034/968 953/1051/953 980/1047/980
f 953/1019/953 966/1032/966 980/1052/980
f 980/1052/980 966/1032/966 984/1053/984
f 958/1054/958 968/1034/968 970/1036/970
f 985/1055/985 986/1056/986 987/1057/987
f 988/1058/988 985/1055/985 987/1057/987
f 982/1049/982 985/1055/985 988/1058/988
f 987/1057/987 989/1059/989 988/1058/988
f 989/1059/989 977/1044/977 988/1058/988
f 977/1044/977 989/1059/989 990/1060/990
f 977/1044/977 990/1060/990 979/1046/979
f 941/1006/941 979/1046/979 990/1060/990
f 947/1013/947 961/1027/961 925/986/925
f 974/1041/974 973/1040/973 972/1038/972
f 983/1050/983 985/1055/985 982/1049/982
f 966/1032/966 953/1019/953 967/1033/967
f 953/1051/953 968/1034/968 958/1054/958
f 976/1043/976 982/1049/982 977/1044/977
f 982/1049/982 988/1058/988 977/1044/977
f 991/1061/991 992/1062/992 965/1031/965
f 993/1063/993 991/1061/991 994/1064/994
f 993/1063/993 992/1062/992 991/1061/991
f 994/1064/994 992/1062/992 993/1063/993
f 995/1065/995 992/1062/992 996/1066/996
f 996/1066/996 992/1062/992 994/1064/994
f 997/1067/997 996/1066/996 998/1068/998
f 999/1069/999 1000/1070/1000 1001/1071/1001
f 1001/1071/1001 1000/1070/1000 1002/1072/1002
f 1003/1073/1003 1004/1074/1004 1005/1075/1005
f 1005/1075/1005 1006/1076/1006 1007/1077/1007
f 1007/1077/1007 1008/1078/1008 1009/1079/1009
f 1010/1080/1010 1008/1078/1008 1011/1081/1011
f 991/1061/991 1012/1082/1012 994/1064/994
f 1012/1082/1012 1013/1083/1013 1014/1084/1014
f 1015/1085/1015 1012/1082/1012 1014/1084/1014
f 1012/1082/1012 1016/1086/1016 1017/1087/1017
f 1012/1082/1012 1015/1085/1015 1016/1086/1016
f 994/1064/994 1017/1087/1017 996/1066/996
f 1016/1086/1016 996/1066/996 1017/1087/1017
f 996/1066/996 1016/1086/1016 1018/1088/1018
f 1016/1086/1016 1015/1085/1015 1018/1088/1018
f 1013/1083/1013 783/832/783 1019/1089/1019
f 1019/1089/1019 1014/1084/1014 1013/1083/1013
f 1020/1090/1020 1021/1091/1021 1014/1084/1014
f 1022/1092/1022 1014/1084/1014 1019/1089/1019
f 1022/1092/1022 1020/1090/1020 1014/1084/1014
f 1023/1093/1023 1015/1085/1015 1014/1084/1014
f 1014/1084/1014 1021/1091/1021 1023/1093/1023
f 1023/1093/1023 1021/1091/1021 1024/1094/1024
f 1025/1095/1025 1000/1096/1000 1026/1097/1026
f 1027/1098/1027 1028/1099/1028 1029/1100/1029
f 1004/1074/1004 1027/1101/1027 1029/1102/1029
f 1027/1101/1027 1004/1074/1004 1002/1072/1002
f 1004/1074/1004 1003/1073/1003 1002/1072/1002
f 1027/1098/1027 1030/1103/1030 1028/1099/1028
f 1004/1074/1004 1029/1102/1029 1031/1104/1031
f 1027/1098/1027 1032/1105/1032 1030/1103/1030
f 1023/1093/1023 1033/1106/1033 1015/1085/1015
f 1033/1106/1033 1034/1107/1034 1015/1085/1015
f 1018/1088/1018 1015/1085/1015 1034/1107/1034
f 1026/1097/1026 1018/1088/1018 1034/1107/1034
f 1034/1107/1034 1033/1106/1033 1030/1103/1030
f 1025/1095/1025 1034/1107/1034 1030/1103/1030
f 1035/1108/1035 1030/1103/1030 1036/1109/1036
f 1037/1110/1037 1029/1100/1029 1038/1111/1038
f 1028/1099/1028 1038/1111/1038 1029/1100/1029
f 1008/1078/1008 1006/1076/1006 1039/1112/1039
f 1039/1112/1039 1011/1081/1011 1008/1078/1008
f 1039/1112/1039 1040/1113/1040 1011/1081/1011
f 1011/1081/1011 1040/1113/1040 1041/1114/1041
f 1041/1114/1041 1042/1115/1042 1011/1081/1011
f 1004/1074/1004 1031/1104/1031 1043/1116/1043
f 1004/1074/1004 1043/1116/1043 1006/1076/1006
f 1006/1076/1006 1008/1078/1008 1007/1077/1007
f 1011/1081/1011 1042/1115/1042 1044/1117/1044
f 1010/1080/1010 1011/1081/1011 1044/1117/1044
f 998/1068/998 996/1066/996 1018/1088/1018
f 998/1068/998 1018/1088/1018 1026/1097/1026
f 1027/1101/1027 1002/1072/1002 1000/1070/1000
f 1000/1096/1000 1025/1095/1025 1032/1105/1032
f 1017/1087/1017 994/1064/994 1012/1082/1012
f 1027/1098/1027 1000/1096/1000 1032/1105/1032
f 1029/1102/1029 1045/1118/1045 1031/1104/1031
f 1034/1107/1034 1025/1095/1025 1026/1097/1026
f 1032/1105/1032 1025/1095/1025 1030/1103/1030
f 1035/1108/1035 1028/1099/1028 1030/1103/1030
f 1046/1119/1046 1023/1093/1023 1024/1094/1024
f 1046/1119/1046 1033/1106/1033 1023/1093/1023
f 1028/1099/1028 1035/1108/1035 1038/1111/1038
f 1004/1074/1004 1006/1076/1006 1005/1075/1005
f 1047/1120/1047 1048/1121/1048 1049/1122/1049
f 1050/1123/1050 1048/1121/1048 1047/1120/1047
f 1051/1124/1051 1052/1125/1052 1053/1126/1053
f 1052/1127/1052 1051/1128/1051 1054/1129/1054
f 1054/1129/1054 1051/1128/1051 1047/1120/1047
f 1051/1124/1051 1053/1126/1053 1055/1130/1055
f 1056/1131/1056 1055/1130/1055 1053/1126/1053
f 1047/1120/1047 1051/1128/1051 1057/1132/1057
f 1057/1132/1057 1050/1123/1050 1047/1120/1047
f 1058/1133/1058 1059/1134/1059 1060/1135/1060
f 1061/1136/1061 1058/1133/1058 1060/1135/1060
f 1061/1136/1061 1062/1137/1062 1058/1133/1058
f 1055/1130/1055 1058/1133/1058 1063/1138/1063
f 1056/1131/1056 1059/1134/1059 1058/1133/1058
f 1056/1131/1056 1058/1133/1058 1055/1130/1055
f 1055/1130/1055 1057/1139/1057 1051/1124/1051
f 1055/1130/1055 1064/1140/1064 1057/1139/1057
f 1065/1141/1065 1050/1123/1050 1057/1132/1057
f 1055/1130/1055 1063/1138/1063 1064/1140/1064
f 1066/1142/1066 1067/1143/1067 1068/1144/1068
f 1062/1137/1062 1061/1136/1061 1066/1142/1066
f 1063/1138/1063 1058/1133/1058 1062/1137/1062
f 1062/1137/1062 1066/1142/1066 1069/1145/1069
f 1069/1145/1069 1070/1146/1070 1071/1147/1071
f 1072/1148/1072 1062/1137/1062 1073/1149/1073
f 1062/1137/1062 1072/1148/1072 1063/1138/1063
f 1071/1147/1071 1062/1137/1062 1069/1145/1069
f 1062/1137/1062 1071/1147/1071 1073/1149/1073
f 1048/1121/1048 1065/1141/1065 1074/1150/1074
f 1048/1121/1048 1074/1150/1074 1075/1151/1075
f 1065/1141/1065 1076/1152/1076 1074/1150/1074
f 1077/1153/1077 1075/1151/1075 1074/1150/1074
f 1074/1150/1074 1076/1152/1076 1077/1153/1077
f 1078/1154/1078 1075/1151/1075 1077/1153/1077
f 1079/1155/1079 1080/1156/1080 1081/1157/1081
f 1082/1158/1082 1083/1159/1083 1084/1160/1084
f 1083/1159/1083 1085/1161/1085 1084/1160/1084
f 1084/1160/1084 1085/1161/1085 1086/1162/1086
f 1087/1163/1087 1084/1160/1084 1086/1162/1086
f 1082/1158/1082 1088/1164/1088 1089/1165/1089
f 1090/1166/1090 1057/1139/1057 1091/1167/1091
f 1064/1140/1064 1063/1138/1063 1092/1168/1092
f 1093/1169/1093 1057/1170/1057 1090/1171/1090
f 1092/1168/1092 1063/1138/1063 1072/1148/1072
f 1057/1170/1057 1093/1169/1093 1081/1172/1081
f 1057/1139/1057 1064/1140/1064 1091/1167/1091
f 1064/1140/1064 1094/1173/1094 1091/1167/1091
f 1092/1168/1092 1094/1173/1094 1064/1140/1064
f 1081/1172/1081 1093/1169/1093 1095/1174/1095
f 1091/1167/1091 1094/1173/1094 1095/1175/1095
f 1088/1164/1088 1081/1172/1081 1095/1174/1095
f 1095/1175/1095 1094/1173/1094 1096/1176/1096
f 1095/1174/1095 1096/1177/1096 1097/1178/1097
f 1088/1164/1088 1095/1174/1095 1097/1178/1097
f 1088/1164/1088 1097/1178/1097 1089/1165/1089
f 1072/1148/1072 1098/1179/1098 1092/1168/1092
f 1072/1148/1072 1073/1149/1073 1098/1179/1098
f 1073/1149/1073 1099/1180/1099 1100/1181/1100
f 1073/1149/1073 1100/1181/1100 1098/1179/1098
f 1100/1181/1100 1101/1182/1101 1098/1179/1098
f 1096/1176/1096 1098/1179/1098 1101/1182/1101
f 1085/1161/1085 1096/1177/1096 1102/1183/1102
f 1083/1159/1083 1089/1165/1089 1097/1178/1097
f 1083/1159/1083 1097/1178/1097 1085/1161/1085
f 1066/1142/1066 1068/1144/1068 1070/1146/1070
f 1103/1184/1103 1070/1146/1070 1068/1144/1068
f 1066/1142/1066 1070/1146/1070 1069/1145/1069
f 1070/1146/1070 1103/1184/1103 1104/1185/1104
f 1065/1141/1065 1048/1121/1048 1050/1123/1050
f 1081/1157/1081 1080/1156/1080 1076/1152/1076
f 1079/1186/1079 1081/1172/1081 1088/1164/1088
f 1090/1166/1090 1091/1167/1091 1095/1175/1095
f 1098/1179/1098 1094/1173/1094 1092/1168/1092
f 1090/1171/1090 1095/1174/1095 1093/1169/1093
f 1096/1176/1096 1094/1173/1094 1098/1179/1098
f 1085/1161/1085 1097/1178/1097 1096/1177/1096
f 1082/1158/1082 1089/1165/1089 1083/1159/1083
f 1105/1187/1105 1106/1188/1106 1107/1189/1107
f 1108/1190/1108 1107/1189/1107 1109/1191/1109
f 1110/1192/1110 1107/1189/1107 1108/1190/1108
f 1111/1193/1111 1112/1194/1112 1113/1195/1113
f 1113/1195/1113 1112/1194/1112 1114/1196/1114
f 1115/1197/1115 1105/1187/1105 1112/1194/1112
f 1114/1196/1114 1112/1194/1112 1116/1198/1116
f 1105/1187/1105 1116/1198/1116 1112/1194/1112
f 1107/1189/1107 1110/1192/1110 1105/1187/1105
f 1117/1199/1117 1105/1187/1105 1110/1192/1110
f 1110/1192/1110 1118/1200/1118 1117/1199/1117
f 1116/1198/1116 1105/1187/1105 1117/1199/1117
f 1116/1198/1116 1117/1199/1117 1119/1201/1119
f 1116/1198/1116 1120/1202/1120 1121/1203/1121
f 1120/1202/1120 1116/1198/1116 1122/1204/1122
f 1119/1201/1119 1117/1199/1117 1123/1205/1123
f 1118/1200/1118 1123/1205/1123 1117/1199/1117
f 1123/1205/1123 1124/1206/1124 1119/1201/1119
f 1125/1207/1125 1124/1206/1124 1123/1205/1123
f 1123/1205/1123 1118/1200/1118 1126/1208/1126
f 1123/1205/1123 1127/1209/1127 1125/1207/1125
f 1124/1206/1124 1122/1204/1122 1119/1201/1119
f 1128/1210/1128 1124/1206/1124 1125/1207/1125
f 1125/1207/1125 1129/1211/1129 1128/1210/1128
f 1122/1204/1122 1124/1206/1124 1130/1212/1130
f 1128/1210/1128 1129/1211/1129 1131/1213/1131
f 1132/1214/1132 1129/1211/1129 1133/1215/1133
f 1118/1200/1118 1110/1192/1110 1126/1208/1126
f 1127/1209/1127 1123/1205/1123 1126/1208/1126
f 1134/1216/1134 1135/1217/1135 1125/1207/1125
f 1125/1207/1125 1127/1209/1127 1134/1216/1134
f 1136/1218/1136 1129/1211/1129 1135/1217/1135
f 1116/1198/1116 1121/1203/1121 1114/1196/1114
f 1122/1204/1122 1116/1198/1116 1119/1201/1119
f 1120/1202/1120 1122/1204/1122 1130/1212/1130
f 1131/1213/1131 1129/1211/1129 1132/1214/1132
f 1137/1219/1137 1131/1213/1131 1132/1214/1132
f 1125/1207/1125 1135/1217/1135 1129/1211/1129
f 1133/1215/1133 1129/1211/1129 1136/1218/1136
f 1138/1220/1138 1139/1221/1139 1140/1222/1140
f 1141/1223/1141 1142/1224/1142 1143/1225/1143
f 1144/1226/1144 1141/1223/1141 1143/1225/1143
f 1143/1225/1143 1145/1227/1145 1146/1228/1146
f 1143/1225/1143 1147/1229/1147 1148/1230/1148
f 1143/1225/1143 1148/1230/1148 1149/1231/1149
f 1148/1230/1148 1150/1232/1150 1149/1231/1149
f 1143/1225/1143 1149/1231/1149 1145/1227/1145
f 1149/1231/1149 1151/1233/1151 1145/1227/1145
f 1152/1234/1152 1151/1233/1151 1149/1231/1149
f 1153/1235/1153 1151/1233/1151 1154/1236/1154
f 1151/1233/1151 1152/1234/1152 1154/1236/1154
f 1155/1237/1155 1153/1235/1153 1154/1236/1154
f 1135/1217/1135 1134/1216/1134 1156/1238/1156
f 1157/1239/1157 1136/1218/1136 1156/1238/1156
f 1153/1235/1153 1155/1237/1155 1158/1240/1158
f 1159/1241/1159 1158/1240/1158 1160/1242/1160
f 1160/1242/1160 1158/1240/1158 1155/1237/1155
f 1161/1243/1161 1146/1228/1146 1145/1227/1145
f 1162/1244/1162 1161/1243/1161 1151/1233/1151
f 1156/1238/1156 1134/1216/1134 1159/1241/1159
f 1158/1240/1158 1159/1241/1159 1134/1216/1134
f 1157/1239/1157 1163/1245/1163 1164/1246/1164
f 1156/1238/1156 1163/1245/1163 1157/1239/1157
f 1156/1238/1156 1165/1247/1165 1163/1245/1163
f 1156/1238/1156 1159/1241/1159 1165/1247/1165
f 1165/1247/1165 1166/1248/1166 1163/1245/1163
f 1165/1247/1165 1159/1241/1159 1160/1242/1160
f 1160/1242/1160 1167/1249/1167 1165/1247/1165
f 1163/1245/1163 1166/1248/1166 1164/1246/1164
f 1166/1248/1166 1168/1250/1168 1164/1246/1164
f 1169/1251/1169 1164/1246/1164 1168/1250/1168
f 1142/1224/1142 1147/1229/1147 1143/1225/1143
f 1151/1233/1151 1153/1235/1153 1162/1244/1162
f 1145/1227/1145 1151/1233/1151 1161/1243/1161
f 1134/1216/1134 1162/1244/1162 1158/1240/1158
f 1158/1240/1158 1162/1244/1162 1153/1235/1153
f 1157/1239/1157 1164/1246/1164 1170/1252/1170
f 1171/1253/1171 1172/1254/1172 1173/1255/1173
f 1171/1253/1171 1173/1255/1173 1174/1256/1174
f 1111/1193/1111 1113/1195/1113 1175/1257/1175
f 1176/1258/1176 1177/1259/1177 1113/1195/1113
f 1177/1259/1177 1171/1253/1171 1174/1256/1174
f 1171/1253/1171 1177/1259/1177 1178/1260/1178
f 1176/1258/1176 1178/1260/1178 1177/1259/1177
f 1121/1203/1121 1176/1258/1176 1113/1195/1113
f 1178/1260/1178 1176/1258/1176 1179/1261/1179
f 1179/1261/1179 1176/1258/1176 1180/1262/1180
f 1178/1260/1178 1181/1263/1181 1171/1253/1171
f 1178/1260/1178 1182/1264/1182 1181/1263/1181
f 1182/1264/1182 1178/1260/1178 1179/1261/1179
f 1180/1262/1180 1182/1264/1182 1179/1261/1179
f 1183/1265/1183 1184/1266/1184 1182/1264/1182
f 1182/1264/1182 1180/1262/1180 1183/1265/1183
f 1185/1267/1185 1182/1264/1182 1186/1268/1186
f 1183/1265/1183 1180/1262/1180 1187/1269/1187
f 1183/1265/1183 1188/1270/1188 1184/1266/1184
f 1186/1268/1186 1182/1264/1182 1184/1266/1184
f 1189/1271/1189 1190/1272/1190 1137/1219/1137
f 1191/1273/1191 1192/1274/1192 1190/1272/1190
f 1188/1270/1188 1190/1272/1190 1192/1274/1192
f 1191/1273/1191 1190/1272/1190 1189/1271/1189
f 1189/1271/1189 1193/1275/1193 1191/1273/1191
f 1193/1275/1193 1132/1214/1132 1194/1276/1194
f 1195/1277/1195 1196/1278/1196 1193/1275/1193
f 1191/1273/1191 1193/1275/1193 1196/1278/1196
f 1197/1279/1197 1198/1280/1198 1195/1277/1195
f 1193/1275/1193 1197/1279/1197 1195/1277/1195
f 1197/1279/1197 1193/1275/1193 1194/1276/1194
f 1194/1276/1194 1199/1281/1199 1197/1279/1197
f 1200/1282/1200 1196/1278/1196 1201/1283/1201
f 1196/1278/1196 1200/1282/1200 1202/1284/1202
f 1192/1274/1192 1203/1285/1203 1188/1270/1188
f 1202/1284/1202 1203/1285/1203 1192/1274/1192
f 1204/1286/1204 1205/1287/1205 1200/1282/1200
f 1204/1286/1204 1206/1288/1206 1207/1289/1207
f 1206/1288/1206 1204/1286/1204 1201/1283/1201
f 1204/1286/1204 1200/1282/1200 1201/1283/1201
f 1200/1282/1200 1205/1287/1205 1208/1290/1208
f 1208/1290/1208 1203/1285/1203 1200/1282/1200
f 1209/1291/1209 1206/1288/1206 1198/1280/1198
f 1210/1292/1210 1209/1291/1209 1198/1280/1198
f 1206/1288/1206 1201/1283/1201 1195/1277/1195
f 1206/1288/1206 1195/1277/1195 1198/1280/1198
f 1210/1292/1210 1198/1280/1198 1211/1293/1211
f 1198/1280/1198 1197/1279/1197 1211/1293/1211
f 1199/1281/1199 1211/1293/1211 1197/1279/1197
f 1212/1294/1212 1207/1289/1207 1213/1295/1213
f 1207/1289/1207 1209/1291/1209 1213/1295/1213
f 1213/1295/1213 1209/1291/1209 1210/1292/1210
f 1213/1295/1213 1210/1292/1210 1214/1296/1214
f 1211/1293/1211 1214/1296/1214 1210/1292/1210
f 1214/1296/1214 1215/1297/1215 1216/1298/1216
f 1211/1293/1211 1215/1297/1215 1214/1296/1214
f 1199/1281/1199 1217/1299/1217 1169/1251/1169
f 1199/1281/1199 1218/1300/1218 1215/1297/1215
f 1199/1281/1199 1169/1251/1169 1218/1300/1218
f 1219/1301/1219 1220/1302/1220 1216/1298/1216
f 1219/1301/1219 1216/1298/1216 1215/1297/1215
f 1221/1303/1221 1219/1301/1219 1222/1304/1222
f 1215/1297/1215 1222/1304/1222 1219/1301/1219
f 1222/1304/1222 1223/1305/1223 1221/1303/1221
f 1218/1300/1218 1222/1304/1222 1215/1297/1215
f 1224/1306/1224 1220/1302/1220 1225/1307/1225
f 1220/1302/1220 1224/1306/1224 1216/1298/1216
f 1226/1308/1226 1225/1307/1225 1227/1309/1227
f 1227/1309/1227 1220/1302/1220 1221/1303/1221
f 1220/1302/1220 1219/1301/1219 1221/1303/1221
f 1228/1310/1228 1221/1303/1221 1223/1305/1223
f 1196/1278/1196 1192/1274/1192 1191/1273/1191
f 1195/1277/1195 1201/1283/1201 1196/1278/1196
f 1192/1274/1192 1196/1278/1196 1202/1284/1202
f 1205/1287/1205 1229/1311/1229 1208/1290/1208
f 1202/1284/1202 1200/1282/1200 1203/1285/1203
f 1206/1288/1206 1209/1291/1209 1207/1289/1207
f 1215/1297/1215 1211/1293/1211 1199/1281/1199
f 1227/1309/1227 1225/1307/1225 1220/1302/1220
f 1230/1312/1230 1231/1313/1231 363/387/363
f 1232/1314/1232 1230/1312/1230 363/387/363
f 1233/1315/1233 1231/1313/1231 1234/1316/1234
f 1234/1316/1234 1231/1313/1231 1230/1312/1230
f 1235/1317/1235 1234/1316/1234 1236/1318/1236
f 1236/1318/1236 1234/1316/1234 1230/1312/1230
f 1237/1319/1237 1234/1316/1234 1235/1317/1235
f 1237/1319/1237 1238/1320/1238 1239/1321/1239
f 1238/1320/1238 1237/1319/1237 1235/1317/1235
f 1236/1318/1236 1240/1322/1240 1241/1323/1241
f 1242/1324/1242 1235/1317/1235 1236/1318/1236
f 1238/1320/1238 1235/1317/1235 1242/1324/1242
f 1242/1324/1242 1236/1318/1236 1241/1323/1241
f 1242/1324/1242 1241/1323/1241 1243/1325/1243
f 1244/1326/1244 1238/1320/1238 1242/1324/1242
f 1244/1326/1244 1242/1324/1242 1243/1325/1243
f 1245/1327/1245 1243/1325/1243 1241/1323/1241
f 1245/1327/1245 1241/1323/1241 1246/1328/1246
f 1247/1329/1247 1245/1330/1245 1248/1331/1248
f 1247/1329/1247 1248/1331/1248 1249/1332/1249
f 1244/1326/1244 1243/1325/1243 1250/1333/1250
f 1250/1333/1250 1243/1325/1243 1245/1327/1245
f 1250/1334/1250 1245/1330/1245 1247/1329/1247
f 1250/1334/1250 1247/1329/1247 1251/1335/1251
f 1251/1335/1251 1247/1329/1247 1252/1336/1252
f 1253/1337/1253 1239/1321/1239 1238/1320/1238
f 1254/1338/1254 1255/1339/1255 1239/1321/1239
f 1255/1339/1255 1254/1338/1254 1256/1340/1256
f 1254/1338/1254 1239/1321/1239 1253/1337/1253
f 1244/1326/1244 1253/1337/1253 1238/1320/1238
f 1254/1338/1254 1253/1337/1253 1257/1341/1257
f 1257/1341/1257 1253/1337/1253 1250/1333/1250
f 1250/1333/1250 1253/1337/1253 1244/1326/1244
f 1240/1322/1240 1236/1318/1236 1230/1312/1230
f 1249/1332/1249 1258/1342/1258 1247/1329/1247
f 1259/1343/1259 1260/1344/1260 1261/1345/1261
f 1261/1345/1261 1262/1346/1262 1263/1347/1263
f 1251/1335/1251 1264/1348/1264 1265/1349/1265
f 1266/1350/1266 1267/1351/1267 1264/1348/1264
f 1264/1348/1264 1267/1351/1267 1265/1349/1265
f 1263/1347/1263 1262/1346/1262 1268/1352/1268
f 1262/1346/1262 1265/1349/1265 1268/1352/1268
f 1265/1349/1265 1269/1353/1269 1268/1352/1268
f 1269/1353/1269 1263/1347/1263 1268/1352/1268
f 1270/1354/1270 1263/1347/1263 1269/1353/1269
f 1259/1343/1259 1261/1345/1261 1263/1347/1263
f 1271/1355/1271 1259/1343/1259 1263/1347/1263
f 1263/1347/1263 1173/1255/1173 1271/1355/1271
f 1173/1255/1173 1263/1347/1263 1272/1356/1272
f 1175/1257/1175 1272/1356/1272 1270/1354/1270
f 1273/1357/1273 1266/1350/1266 1274/1358/1274
f 1275/1359/1275 1267/1351/1267 1273/1357/1273
f 1267/1351/1267 1275/1359/1275 1276/1360/1276
f 1276/1360/1276 1275/1359/1275 1277/1361/1277
f 1276/1360/1276 1277/1361/1277 1278/1362/1278
f 1267/1351/1267 1279/1363/1279 1269/1353/1269
f 1276/1360/1276 1279/1363/1279 1267/1351/1267
f 1279/1363/1279 1276/1360/1276 1278/1362/1278
f 1262/1346/1262 1261/1345/1261 1260/1344/1260
f 1269/1353/1269 1265/1349/1265 1267/1351/1267
f 1272/1356/1272 1263/1347/1263 1270/1354/1270
f 1267/1351/1267 1266/1350/1266 1273/1357/1273
f 1275/1359/1275 1273/1357/1273 1277/1361/1277
f 1269/1353/1269 1279/1363/1279 1270/1354/1270
f 1270/1354/1270 1279/1363/1279 1111/1193/1111
f 1280/1364/1280 1281/1365/1281 1282/1366/1282
f 1283/1367/1283 1284/1368/1284 1285/1369/1285
f 1240/1322/1240 1283/1367/1283 1285/1369/1285
f 1282/1366/1282 1284/1368/1284 1280/1364/1280
f 1285/1369/1285 1284/1368/1284 1282/1366/1282
f 1285/1369/1285 1282/1366/1282 1286/1370/1286
f 1287/1371/1287 1281/1365/1281 1288/1372/1288
f 1288/1372/1288 1289/1373/1289 1287/1371/1287
f 1290/1374/1290 1281/1365/1281 1287/1371/1287
f 1291/1375/1291 1290/1374/1290 1292/1376/1292
f 1293/1377/1293 1291/1375/1291 1292/1376/1292
f 1291/1375/1291 1286/1370/1286 1282/1366/1282
f 1290/1374/1290 1291/1375/1291 1282/1366/1282
f 1294/1378/1294 1295/1379/1295 1296/1380/1296
f 1296/1380/1296 1295/1379/1295 1297/1381/1297
f 1292/1376/1292 1290/1374/1290 1287/1371/1287
f 1295/1379/1295 1294/1378/1294 1292/1382/1292
f 1292/1382/1292 1287/1383/1287 1295/1379/1295
f 1287/1383/1287 1298/1384/1298 1295/1379/1295
f 1286/1370/1286 1299/1385/1299 1285/1369/1285
f 1299/1385/1299 1286/1370/1286 1291/1375/1291
f 1246/1328/1246 1299/1385/1299 1291/1375/1291
f 1291/1375/1291 1293/1377/1293 1246/1328/1246
f 1300/1386/1300 1246/1387/1246 1293/1388/1293
f 1301/1389/1301 1300/1386/1300 1293/1388/1293
f 1301/1389/1301 1293/1388/1293 1294/1378/1294
f 1302/1390/1302 1287/1371/1287 1289/1373/1289
f 1302/1391/1302 1298/1384/1298 1287/1383/1287
f 1303/1392/1303 1298/1384/1298 1304/1393/1304
f 1303/1392/1303 1304/1393/1304 1305/1394/1305
f 1295/1379/1295 1298/1384/1298 1303/1392/1303
f 1297/1381/1297 1295/1379/1295 1303/1392/1303
f 1297/1381/1297 1303/1392/1303 1306/1395/1306
f 364/388/364 1284/1368/1284 1232/1314/1232
f 1293/1388/1293 1292/1382/1292 1294/1378/1294
f 1290/1374/1290 1282/1366/1282 1281/1365/1281
f 1294/1378/1294 1296/1380/1296 1301/1389/1301
f 1288/1372/1288 480/509/480 1307/1396/1307
f 1308/1397/1308 1301/1389/1301 1309/1398/1309
f 1249/1332/1249 1248/1331/1248 1310/1399/1310
f 1310/1399/1310 1308/1397/1308 1311/1400/1311
f 1258/1342/1258 1310/1399/1310 1311/1400/1311
f 1312/1401/1312 1139/1221/1139 1313/1402/1313
f 1314/1403/1314 1311/1400/1311 1308/1397/1308
f 1308/1397/1308 1309/1398/1309 1314/1403/1314
f 1315/1404/1315 1316/1405/1316 1317/1406/1317
f 1315/1404/1315 1274/1358/1274 1316/1405/1316
f 1315/1404/1315 1317/1406/1317 1273/1357/1273
f 1273/1357/1273 1317/1406/1317 1318/1407/1318
f 1319/1408/1319 1320/1409/1320 1321/1410/1321
f 1109/1191/1109 1319/1408/1319 1321/1410/1321
f 1320/1409/1320 1322/1411/1322 1321/1410/1321
f 1319/1408/1319 1107/1189/1107 1318/1407/1318
f 1277/1361/1277 1323/1412/1323 1106/1188/1106
f 1311/1400/1311 1314/1403/1314 1316/1405/1316
f 1319/1408/1319 1318/1407/1318 1322/1411/1322
f 1320/1409/1320 1319/1408/1319 1322/1411/1322
f 1273/1357/1273 1318/1407/1318 1323/1412/1323
f 1324/1413/1324 376/400/376 1325/1414/1325
f 1325/1414/1325 375/399/375 1326/1415/1326
f 1326/1415/1326 1324/1413/1324 1325/1414/1325
f 1327/1416/1327 1324/1413/1324 1328/1417/1328
f 1324/1413/1324 1326/1415/1326 1328/1417/1328
f 427/451/427 1329/1418/1329 1330/1419/1330
f 1329/1418/1329 1331/1420/1331 1332/1421/1332
f 1330/1419/1330 1333/1422/1333 427/451/427
f 1327/1416/1327 1331/1420/1331 1324/1413/1324
f 1331/1420/1331 1334/1423/1334 1332/1421/1332
f 1331/1420/1331 1327/1416/1327 1334/1423/1334
f 1335/1424/1335 1336/1425/1336 1337/1426/1337
f 1337/1426/1337 1336/1425/1336 1338/1427/1338
f 1336/1425/1336 1332/1421/1332 1334/1423/1334
f 1339/1428/1339 1334/1423/1334 1327/1416/1327
f 1336/1425/1336 1334/1423/1334 1338/1427/1338
f 1334/1423/1334 1339/1428/1339 1338/1427/1338
f 1339/1428/1339 1327/1416/1327 1328/1417/1328
f 1339/1428/1339 1328/1417/1328 1255/1339/1255
f 1338/1427/1338 1339/1428/1339 1255/1339/1255
f 1340/1429/1340 1338/1427/1338 1255/1339/1255
f 1337/1426/1337 1338/1427/1338 1341/1430/1341
f 1341/1430/1341 1338/1427/1338 1340/1429/1340
f 1331/1420/1331 376/400/376 1324/1413/1324
f 1332/1421/1332 1330/1419/1330 1329/1418/1329
f 1330/1419/1330 1332/1421/1332 1336/1425/1336
f 1342/1431/1342 1343/1432/1343 1344/1433/1344
f 428/452/428 1344/1433/1344 1343/1432/1343
f 1345/1434/1345 1346/1435/1346 1335/1424/1335
f 1345/1434/1345 1347/1436/1347 1348/1437/1348
f 1347/1436/1347 1345/1434/1345 1349/1438/1349
f 1349/1438/1349 1348/1437/1348 1347/1436/1347
f 1350/1439/1350 1346/1435/1346 1351/1440/1351
f 1346/1435/1346 1345/1434/1345 1348/1437/1348
f 1352/1441/1352 1351/1440/1351 1346/1435/1346
f 1352/1441/1352 1346/1435/1346 1348/1437/1348
f 1352/1441/1352 1350/1439/1350 1351/1440/1351
f 1352/1441/1352 1348/1437/1348 1353/1442/1353
f 1354/1443/1354 1352/1441/1352 1353/1442/1353
f 1355/1444/1355 1356/1445/1356 1353/1442/1353
f 1353/1442/1353 1356/1445/1356 1357/1446/1357
f 1358/1447/1358 1355/1444/1355 1337/1426/1337
f 1353/1442/1353 1357/1446/1357 1359/1448/1359
f 1360/1449/1360 1356/1445/1356 1358/1447/1358
f 1356/1445/1356 1360/1449/1360 1361/1450/1361
f 1362/1451/1362 1361/1450/1361 1360/1449/1360
f 1358/1447/1358 1363/1452/1363 1360/1449/1360
f 1344/1433/1344 1333/1422/1333 1346/1435/1346
f 1344/1433/1344 1350/1439/1350 1364/1453/1364
f 1365/1454/1365 1344/1433/1344 1364/1453/1364
f 1344/1433/1344 1346/1435/1346 1350/1439/1350
f 1344/1433/1344 1366/1455/1366 1342/1431/1342
f 1344/1433/1344 1365/1454/1365 1366/1455/1366
f 1362/1451/1362 1360/1449/1360 1363/1452/1363
f 1345/1434/1345 1335/1424/1335 1349/1438/1349
f 1349/1438/1349 1353/1442/1353 1348/1437/1348
f 1358/1447/1358 1356/1445/1356 1355/1444/1355
f 1349/1438/1349 1355/1444/1355 1353/1442/1353
f 1357/1446/1357 1356/1445/1356 1361/1450/1361
f 1367/1456/1367 1368/1457/1368 1369/1458/1369
f 1370/1459/1370 1368/1457/1368 1367/1456/1367
f 1369/1458/1369 1371/1460/1371 1367/1456/1367
f 1372/1461/1372 1373/1462/1373 1374/1463/1374
f 1375/1464/1375 1376/1465/1376 1377/1466/1377
f 1378/1467/1378 1379/1468/1379 1380/1469/1380
f 1379/1468/1379 1378/1467/1378 1381/1470/1381
f 1381/1470/1381 1378/1467/1378 1382/1471/1382
f 1383/1472/1383 1384/1473/1384 1385/1474/1385
f 1385/1474/1385 1386/1475/1386 1380/1469/1380
f 1387/1476/1387 195/210/195 1383/1472/1383
f 1383/1472/1383 195/210/195 1384/1473/1384
f 1387/1476/1387 1383/1472/1383 1388/1477/1388
f 1389/1478/1389 1387/1476/1387 1388/1477/1388
f 1390/1479/1390 1383/1472/1383 1391/1480/1391
f 1385/1474/1385 1380/1469/1380 1383/1472/1383
f 1383/1472/1383 1380/1469/1380 1391/1480/1391
f 1392/1481/1392 1390/1479/1390 1391/1480/1391
f 1379/1468/1379 1391/1480/1391 1380/1469/1380
f 1392/1481/1392 1391/1480/1391 1393/1482/1393
f 1393/1482/1393 1391/1480/1391 1379/1468/1379
f 1393/1482/1393 1379/1468/1379 1394/1483/1394
f 1389/1478/1389 1388/1477/1388 1390/1479/1390
f 1395/1484/1395 1390/1479/1390 1392/1481/1392
f 1396/1485/1396 1395/1484/1395 1392/1481/1392
f 1397/1486/1397 1395/1484/1395 1396/1485/1396
f 1396/1485/1396 1392/1481/1392 1398/1487/1398
f 1376/1465/1376 1370/1459/1370 1382/1471/1382
f 1375/1464/1375 1399/1488/1399 1376/1465/1376
f 1370/1459/1370 1376/1465/1376 1399/1488/1399
f 1373/1462/1373 1400/1489/1400 1370/1459/1370
f 1382/1471/1382 1370/1459/1370 1400/1489/1400
f 1401/1490/1401 1394/1483/1394 1381/1470/1381
f 1402/1491/1402 1381/1470/1381 1382/1471/1382
f 1403/1492/1403 1381/1470/1381 1402/1491/1402
f 1382/1471/1382 1400/1489/1400 1404/1493/1404
f 1402/1491/1402 1382/1471/1382 1404/1493/1404
f 1400/1489/1400 1372/1461/1372 1404/1493/1404
f 1400/1489/1400 1373/1462/1373 1372/1461/1372
f 1372/1461/1372 1405/1494/1405 1404/1493/1404
f 1403/1492/1403 1402/1491/1402 1406/1495/1406
f 1407/1496/1407 1403/1492/1403 1408/1497/1408
f 1406/1495/1406 1402/1491/1402 1404/1493/1404
f 1403/1492/1403 1406/1495/1406 1408/1497/1408
f 1394/1483/1394 1398/1487/1398 1393/1482/1393
f 1409/1498/1409 1398/1487/1398 1394/1483/1394
f 1394/1483/1394 1401/1490/1401 1409/1498/1409
f 1410/1499/1410 1409/1498/1409 1401/1490/1401
f 1398/1487/1398 1409/1498/1409 1410/1499/1410
f 1410/1499/1410 1411/1500/1411 1412/1501/1412
f 1413/1502/1413 1412/1501/1412 1407/1496/1407
f 1412/1501/1412 1403/1492/1403 1407/1496/1407
f 1407/1496/1407 1408/1497/1408 1414/1503/1414
f 1370/1459/1370 1367/1456/1367 1373/1462/1373
f 1382/1471/1382 1378/1467/1378 1376/1465/1376
f 1390/1479/1390 1388/1477/1388 1383/1472/1383
f 1415/1504/1415 1389/1478/1389 1390/1479/1390
f 1395/1484/1395 1415/1504/1415 1390/1479/1390
f 1368/1457/1368 1370/1459/1370 1399/1488/1399
f 1394/1483/1394 1379/1468/1379 1381/1470/1381
f 1411/1500/1411 1401/1490/1401 1381/1470/1381
f 1411/1500/1411 1381/1470/1381 1403/1492/1403
f 1401/1490/1401 1411/1500/1411 1410/1499/1410
f 1411/1500/1411 1403/1492/1403 1412/1501/1412
f 1393/1482/1393 1398/1487/1398 1392/1481/1392
f 1371/1460/1371 1416/1505/1416 1417/1506/1417
f 1417/1506/1417 1416/1505/1416 1418/1507/1418
f 1417/1508/1417 1418/1509/1418 1419/1510/1419
f 1420/1511/1420 1421/1512/1421 1417/1508/1417
f 1422/1513/1422 1423/1514/1423 1424/1515/1424
f 1424/1515/1424 1423/1514/1423 1172/1254/1172
f 1425/1516/1425 1419/1510/1419 1426/1517/1426
f 1422/1513/1422 1424/1515/1424 1426/1517/1426
f 1426/1517/1426 1424/1515/1424 1427/1518/1427
f 1420/1511/1420 1417/1508/1417 1425/1516/1425
f 1420/1511/1420 1425/1516/1425 1428/1519/1428
f 1425/1516/1425 1417/1508/1417 1419/1510/1419
f 1428/1519/1428 1425/1516/1425 1429/1520/1429
f 1430/1521/1430 1428/1519/1428 1429/1520/1429
f 1431/1522/1431 1427/1518/1427 1424/1515/1424
f 1431/1522/1431 1424/1515/1424 1171/1253/1171
f 1431/1522/1431 1432/1523/1432 1433/1524/1433
f 1434/1525/1434 1429/1520/1429 1435/1526/1435
f 1435/1526/1435 1429/1520/1429 1427/1518/1427
f 1435/1526/1435 1427/1518/1427 1433/1524/1433
f 1435/1526/1435 1433/1524/1433 1436/1527/1436
f 1437/1528/1437 1420/1529/1420 1428/1530/1428
f 1437/1528/1437 1428/1530/1428 1438/1531/1438
f 1428/1530/1428 1439/1532/1439 1438/1531/1438
f 1428/1519/1428 1430/1521/1430 1439/1533/1439
f 1440/1534/1440 1441/1535/1441 1442/1536/1442
f 1430/1521/1430 1443/1537/1443 1444/1538/1444
f 1434/1525/1434 1443/1537/1443 1430/1521/1430
f 1439/1532/1439 1440/1534/1440 1442/1536/1442
f 1445/1539/1445 1440/1534/1440 1439/1532/1439
f 1445/1540/1445 1439/1533/1439 1444/1538/1444
f 1446/1541/1446 1445/1540/1445 1444/1538/1444
f 1446/1541/1446 1444/1538/1444 1447/1542/1447
f 1447/1542/1447 1444/1538/1444 1448/1543/1448
f 1448/1543/1448 1443/1537/1443 1449/1544/1449
f 1443/1537/1443 1434/1525/1434 1449/1544/1449
f 1449/1544/1449 1434/1525/1434 1435/1526/1435
f 1450/1545/1450 1449/1544/1449 1435/1526/1435
f 1432/1523/1432 1181/1263/1181 1433/1524/1433
f 1419/1510/1419 1418/1509/1418 1422/1513/1422
f 1419/1510/1419 1422/1513/1422 1426/1517/1426
f 1427/1518/1427 1425/1516/1425 1426/1517/1426
f 1430/1521/1430 1429/1520/1429 1434/1525/1434
f 1429/1520/1429 1425/1516/1425 1427/1518/1427
f 1427/1518/1427 1431/1522/1431 1433/1524/1433
f 1439/1533/1439 1430/1521/1430 1444/1538/1444
f 1448/1543/1448 1444/1538/1444 1443/1537/1443
f 1451/1546/1451 1452/1547/1452 1453/1548/1453
f 1454/1549/1454 1455/1550/1455 1453/1548/1453
f 1456/1551/1456 1455/1550/1455 1457/1552/1457
f 1457/1553/1457 1458/1554/1458 1459/1555/1459
f 1457/1553/1457 1459/1555/1459 1456/1556/1456
f 1459/1555/1459 1458/1554/1458 1460/1557/1460
f 1459/1555/1459 1460/1557/1460 1461/1558/1461
f 1456/1556/1456 1459/1555/1459 1461/1558/1461
f 1462/1559/1462 1456/1556/1456 1461/1558/1461
f 202/217/202 1415/1504/1415 1463/1560/1463
f 1464/1561/1464 1465/1562/1465 1466/1563/1466
f 1452/1547/1452 1451/1546/1451 1464/1561/1464
f 202/217/202 1467/1564/1467 1468/1565/1468
f 1467/1564/1467 1469/1566/1469 1468/1565/1468
f 1468/1565/1468 1469/1566/1469 1470/1567/1470
f 1471/1568/1471 1472/1569/1472 1473/1570/1473
f 1471/1568/1471 1468/1565/1468 1470/1567/1470
f 1470/1567/1470 1472/1569/1472 1471/1568/1471
f 1470/1567/1470 1469/1566/1469 1472/1569/1472
f 1474/1571/1474 1473/1570/1473 1475/1572/1475
f 1474/1571/1474 1476/1573/1476 1473/1570/1473
f 1474/1571/1474 1475/1572/1475 1466/1563/1466
f 1477/1574/1477 1476/1573/1476 1474/1571/1474
f 1478/1575/1478 1474/1571/1474 1466/1563/1466
f 1474/1571/1474 1478/1575/1478 1479/1576/1479
f 1465/1562/1465 1478/1575/1478 1466/1563/1466
f 1473/1570/1473 1476/1573/1476 1471/1568/1471
f 1476/1573/1476 1480/1577/1480 1471/1568/1471
f 1476/1573/1476 1477/1574/1477 1480/1577/1480
f 1480/1577/1480 1477/1574/1477 222/237/222
f 1481/1578/1481 1482/1579/1482 1483/1580/1483
f 1481/1578/1481 1483/1580/1483 1479/1576/1479
f 1478/1575/1478 1481/1578/1481 1479/1576/1479
f 1478/1575/1478 1465/1562/1465 1484/1581/1484
f 1485/1582/1485 1481/1578/1481 1484/1581/1484
f 1485/1583/1485 1486/1584/1486 1487/1585/1487
f 1464/1561/1464 1451/1546/1451 1453/1548/1453
f 1464/1561/1464 1453/1548/1453 1488/1586/1488
f 1453/1548/1453 1489/1587/1489 1488/1586/1488
f 1489/1587/1489 1453/1548/1453 1455/1550/1455
f 1484/1581/1484 1465/1562/1465 1464/1561/1464
f 1484/1581/1484 1464/1561/1464 1488/1586/1488
f 1484/1588/1484 1486/1584/1486 1485/1583/1485
f 1490/1589/1490 1489/1587/1489 1456/1551/1456
f 1486/1584/1486 1484/1588/1484 1490/1590/1490
f 1491/1591/1491 1487/1585/1487 1486/1584/1486
f 1492/1592/1492 1466/1563/1466 1475/1572/1475
f 1477/1574/1477 1474/1571/1474 1479/1576/1479
f 1481/1578/1481 1485/1582/1485 1482/1579/1482
f 1483/1580/1483 1477/1574/1477 1479/1576/1479
f 1478/1575/1478 1484/1581/1484 1481/1578/1481
f 1489/1587/1489 1455/1550/1455 1456/1551/1456
f 1484/1581/1484 1488/1586/1488 1490/1589/1490
f 1488/1586/1488 1489/1587/1489 1490/1589/1490
f 1493/1593/1493 1486/1584/1486 1490/1590/1490
f 1493/1593/1493 1490/1590/1490 1494/1594/1494
f 1491/1591/1491 1486/1584/1486 1493/1593/1493
f 1495/1595/1495 1496/1596/1496 1497/1597/1497
f 1498/1598/1498 1499/1599/1499 1500/1600/1500
f 1501/1601/1501 1502/1602/1502 1500/1600/1500
f 1503/1603/1503 1500/1600/1500 1502/1602/1502
f 1504/1604/1504 1503/1603/1503 1502/1602/1502
f 1505/1605/1505 1506/1606/1506 1507/1607/1507
f 1508/1608/1508 1504/1604/1504 1502/1602/1502
f 1505/1605/1505 1509/1609/1509 1508/1608/1508
f 1505/1605/1505 1507/1607/1507 1509/1609/1509
f 1508/1608/1508 1502/1602/1502 1505/1605/1505
f 1495/1595/1495 1510/1610/1510 1511/1611/1511
f 1496/1596/1496 1495/1595/1495 1511/1611/1511
f 1512/1612/1512 1513/1613/1513 1514/1614/1514
f 1514/1614/1514 1513/1613/1513 1515/1615/1515
f 1515/1615/1515 1513/1613/1513 1516/1616/1516
f 1496/1596/1496 1511/1611/1511 1517/1617/1517
f 1496/1596/1496 1517/1617/1517 1512/1612/1512
f 1512/1612/1512 1517/1617/1517 1518/1618/1518
f 1499/1599/1499 1518/1618/1518 1517/1617/1517
f 1513/1613/1513 1518/1618/1518 1516/1616/1516
f 1519/1619/1519 1516/1616/1516 1518/1618/1518
f 1518/1618/1518 1499/1599/1499 1519/1619/1519
f 1520/1620/1520 1515/1615/1515 1521/1621/1521
f 1521/1621/1521 1515/1615/1515 1516/1616/1516
f 1519/1619/1519 1522/1622/1522 1516/1616/1516
f 1522/1622/1522 1521/1621/1521 1516/1616/1516
f 1499/1599/1499 1498/1598/1498 1519/1619/1519
f 1519/1619/1519 1503/1603/1503 1522/1622/1522
f 1498/1598/1498 1503/1603/1503 1519/1619/1519
f 1498/1598/1498 1500/1600/1500 1503/1603/1503
f 1523/1623/1523 1503/1603/1503 1504/1604/1504
f 1522/1622/1522 1523/1623/1523 1524/1624/1524
f 1522/1622/1522 1524/1624/1524 1525/1625/1525
f 1524/1624/1524 1523/1623/1523 1526/1626/1526
f 1523/1623/1523 1504/1604/1504 1526/1626/1526
f 1508/1608/1508 1509/1609/1509 1527/1627/1527
f 1528/1628/1528 1527/1627/1527 1509/1609/1509
f 1529/1629/1529 1530/1630/1530 1508/1608/1508
f 1531/1631/1531 1529/1629/1529 1528/1628/1528
f 1530/1630/1530 1529/1629/1529 1531/1631/1531
f 1504/1604/1504 1532/1632/1532 1526/1626/1526
f 1526/1626/1526 1532/1632/1532 1533/1633/1533
f 1532/1632/1532 1534/1634/1534 1533/1633/1533
f 1530/1630/1530 1534/1634/1534 1532/1632/1532
f 1533/1633/1533 1534/1634/1534 1535/1635/1535
f 1534/1634/1534 1530/1630/1530 1531/1631/1531
f 1535/1635/1535 1534/1634/1534 1531/1631/1531
f 1536/1636/1536 1535/1635/1535 1531/1631/1531
f 1537/1637/1537 1536/1636/1536 1531/1631/1531
f 1531/1631/1531 1538/1638/1538 1539/1639/1539
f 1540/1640/1540 1535/1635/1535 1536/1636/1536
f 1541/1641/1541 1536/1636/1536 1537/1637/1537
f 1537/1637/1537 1542/1642/1542 1541/1641/1541
f 1543/1643/1543 1544/1644/1544 1537/1637/1537
f 1533/1633/1533 1524/1624/1524 1526/1626/1526
f 1524/1624/1524 1533/1633/1533 1545/1645/1545
f 1502/1602/1502 1506/1606/1506 1505/1605/1505
f 1512/1612/1512 1518/1618/1518 1513/1613/1513
f 1520/1620/1520 1514/1614/1514 1515/1615/1515
f 1514/1614/1514 1520/1620/1520 1546/1646/1546
f 1503/1603/1503 1523/1623/1523 1522/1622/1522
f 1531/1631/1531 1528/1628/1528 1547/1647/1547
f 1507/1607/1507 1548/1648/1548 1509/1609/1509
f 1527/1627/1527 1528/1628/1528 1529/1629/1529
f 1504/1604/1504 1508/1608/1508 1532/1632/1532
f 1527/1627/1527 1529/1629/1529 1508/1608/1508
f 1532/1632/1532 1508/1608/1508 1530/1630/1530
f 1533/1633/1533 1535/1635/1535 1540/1640/1540
f 1537/1637/1537 1531/1631/1531 1539/1639/1539
f 1543/1643/1543 1537/1637/1537 1538/1638/1538
f 1540/1640/1540 1536/1636/1536 1541/1641/1541
f 1537/1637/1537 1539/1639/1539 1538/1638/1538
f 1549/1649/1549 1550/1650/1550 1551/1651/1551
f 1549/1649/1549 1551/1651/1551 1552/1652/1552
f 1552/1652/1552 1551/1651/1551 1553/1653/1553
f 1554/1654/1554 1555/1655/1555 1556/1656/1556
f 1556/1656/1556 1557/1657/1557 1554/1654/1554
f 1556/1656/1556 1558/1658/1558 1557/1657/1557
f 1557/1657/1557 1558/1658/1558 1559/1659/1559
f 1559/1659/1559 1558/1658/1558 1560/1660/1560
f 1561/1661/1561 1562/1662/1562 1554/1654/1554
f 1561/1661/1561 1554/1654/1554 1557/1657/1557
f 1559/1659/1559 1561/1661/1561 1557/1657/1557
f 1561/1661/1561 1563/1663/1563 1562/1662/1562
f 1561/1661/1561 1559/1659/1559 1564/1664/1564
f 1549/1649/1549 1552/1652/1552 1565/1665/1565
f 1566/1666/1566 1553/1653/1553 1567/1667/1567
f 1566/1666/1566 1565/1665/1565 1552/1652/1552
f 1565/1665/1565 1566/1666/1566 1554/1654/1554
f 1566/1666/1566 1555/1655/1555 1554/1654/1554
f 1567/1667/1567 1555/1655/1555 1566/1666/1566
f 1556/1656/1556 1555/1655/1555 1567/1667/1567
f 1554/1654/1554 1568/1668/1568 1565/1665/1565
f 1569/1669/1569 1570/1670/1570 1568/1668/1568
f 1554/1654/1554 1571/1671/1571 1568/1668/1568
f 1572/1672/1572 1568/1668/1568 1571/1671/1571
f 1573/1673/1573 1568/1668/1568 1572/1672/1572
f 1550/1650/1550 1549/1649/1549 1565/1665/1565
f 1574/1674/1574 1575/1675/1575 1576/1676/1576
f 1575/1675/1575 1550/1650/1550 1565/1665/1565
f 1570/1670/1570 1565/1665/1565 1568/1668/1568
f 1565/1665/1565 1570/1670/1570 1577/1677/1577
f 1577/1677/1577 1570/1670/1570 1578/1678/1578
f 1569/1669/1569 1578/1678/1578 1570/1670/1570
f 1568/1668/1568 1573/1673/1573 1569/1669/1569
f 1579/1679/1579 1569/1669/1569 1573/1673/1573
f 1562/1662/1562 1580/1680/1580 1572/1672/1572
f 1580/1680/1580 1562/1662/1562 1581/1681/1581
f 1582/1682/1582 1580/1680/1580 1581/1681/1581
f 1583/1683/1583 1582/1682/1582 1584/1684/1584
f 1580/1680/1580 1582/1682/1582 1583/1683/1583
f 1585/1685/1585 1436/1527/1436 1586/1686/1586
f 1563/1663/1563 1564/1664/1564 1581/1681/1581
f 1581/1681/1581 1564/1664/1564 1587/1687/1587
f 1587/1687/1587 1585/1685/1585 1588/1688/1588
f 1587/1687/1587 1588/1688/1588 1582/1682/1582
f 1586/1686/1586 1186/1268/1186 1589/1689/1589
f 1573/1673/1573 1572/1672/1572 1579/1679/1579
f 1561/1661/1561 1564/1664/1564 1563/1663/1563
f 1564/1664/1564 1559/1659/1559 1560/1660/1560
f 1560/1660/1560 1585/1685/1585 1587/1687/1587
f 1553/1653/1553 1447/1542/1447 1567/1667/1567
f 1566/1666/1566 1552/1652/1552 1553/1653/1553
f 1571/1671/1571 1554/1654/1554 1562/1662/1562
f 1562/1662/1562 1572/1672/1572 1571/1671/1571
f 1575/1675/1575 1577/1677/1577 1576/1676/1576
f 1565/1665/1565 1577/1677/1577 1575/1675/1575
f 1564/1664/1564 1560/1660/1560 1587/1687/1587
f 1581/1681/1581 1562/1662/1562 1563/1663/1563
f 1581/1681/1581 1587/1687/1587 1582/1682/1582
f 1585/1685/1585 1586/1686/1586 1589/1689/1589
f 1584/1684/1584 1582/1682/1582 1588/1688/1588
f 1590/1690/1590 1591/1691/1591 1592/1692/1592
f 1591/1691/1591 1590/1690/1590 1593/1693/1593
f 1591/1691/1591 1593/1693/1593 1594/1694/1594
f 1591/1691/1591 1595/1695/1595 1592/1692/1592
f 1596/1696/1596 1595/1695/1595 1591/1691/1591
f 1597/1697/1597 1591/1691/1591 1594/1694/1594
f 1591/1691/1591 1597/1697/1597 1598/1698/1598
f 1599/1699/1599 1597/1697/1597 1594/1694/1594
f 1596/1696/1596 1591/1691/1591 1598/1698/1598
f 1600/1700/1600 1596/1696/1596 1601/1701/1601
f 1598/1698/1598 1601/1701/1601 1596/1696/1596
f 1601/1701/1601 1602/1702/1602 1600/1700/1600
f 1602/1702/1602 1603/1703/1603 1600/1700/1600
f 1604/1704/1604 1605/1705/1605 1606/1706/1606
f 1606/1706/1606 1607/1707/1607 1608/1708/1608
f 1604/1704/1604 1606/1706/1606 1608/1708/1608
f 1609/1709/1609 1610/1710/1610 1604/1704/1604
f 1609/1709/1609 1604/1704/1604 1611/1711/1611
f 1612/1712/1612 1605/1705/1605 1613/1713/1613
f 1548/1648/1548 1613/1713/1613 1605/1705/1605
f 1548/1648/1548 1605/1705/1605 1604/1704/1604
f 1578/1678/1578 1614/1714/1614 1615/1715/1615
f 1616/1716/1616 1615/1715/1615 1614/1714/1614
f 1616/1716/1616 1617/1717/1617 1615/1715/1615
f 1616/1716/1616 1618/1718/1618 1617/1717/1617
f 1605/1705/1605 1612/1712/1612 1619/1719/1619
f 1605/1705/1605 1619/1719/1619 1620/1720/1620
f 1620/1721/1620 1619/1722/1619 1615/1715/1615
f 1618/1718/1618 1616/1716/1616 1621/1723/1621
f 1618/1718/1618 1621/1723/1621 1595/1695/1595
f 1617/1717/1617 1618/1718/1618 1600/1700/1600
f 1622/1724/1622 1617/1717/1617 1600/1700/1600
f 1595/1695/1595 1596/1696/1596 1618/1718/1618
f 1620/1721/1620 1615/1715/1615 1617/1717/1617
f 1605/1705/1605 1620/1720/1620 1606/1706/1606
f 1606/1706/1606 1620/1720/1620 1607/1707/1607
f 1607/1725/1607 1620/1721/1620 1622/1724/1622
f 1620/1721/1620 1617/1717/1617 1622/1724/1622
f 1600/1700/1600 1623/1726/1623 1622/1724/1622
f 1623/1726/1623 1600/1700/1600 1603/1703/1603
f 1224/1306/1224 1623/1726/1623 1603/1703/1603
f 1624/1727/1624 1608/1708/1608 1625/1728/1625
f 1608/1708/1608 1607/1707/1607 1626/1729/1626
f 1626/1729/1626 1625/1728/1625 1608/1708/1608
f 1607/1725/1607 1627/1730/1627 1626/1731/1626
f 1627/1730/1627 1623/1726/1623 1628/1732/1628
f 1628/1732/1628 1626/1731/1626 1627/1730/1627
f 1226/1733/1226 1625/1728/1625 1626/1729/1626
f 1604/1704/1604 1624/1727/1624 1629/1734/1629
f 1630/1735/1630 1629/1734/1629 1624/1727/1624
f 1631/1736/1631 1624/1727/1624 1625/1728/1625
f 1624/1727/1624 1631/1736/1631 1630/1735/1630
f 1629/1734/1629 1630/1735/1630 1632/1737/1632
f 1633/1738/1633 1634/1739/1634 1635/1740/1635
f 1610/1710/1610 1548/1648/1548 1604/1704/1604
f 1619/1722/1619 1578/1678/1578 1615/1715/1615
f 1612/1712/1612 1636/1741/1636 1619/1719/1619
f 1618/1718/1618 1596/1696/1596 1600/1700/1600
f 1607/1725/1607 1622/1724/1622 1623/1726/1623
f 1627/1730/1627 1607/1725/1607 1623/1726/1623
f 1624/1727/1624 1604/1704/1604 1608/1708/1608
f 1631/1736/1631 1625/1728/1625 1226/1733/1226
f 1629/1734/1629 1632/1737/1632 1635/1740/1635
f 1637/1742/1637 578/618/578 1638/1743/1638
f 1638/1743/1638 578/618/578 1639/1744/1639
f 1638/1743/1638 1639/1744/1639 1640/1745/1640
f 1640/1745/1640 1639/1744/1639 1641/1746/1641
f 1641/1746/1641 1639/1744/1639 1642/1747/1642
f 1643/1748/1643 1640/1745/1640 1641/1746/1641
f 1641/1746/1641 1644/1749/1644 1643/1748/1643
f 1643/1748/1643 1645/1750/1645 1640/1745/1640
f 1646/1751/1646 1645/1750/1645 1647/1752/1647
f 1648/1753/1648 1649/1754/1649 1650/1755/1650
f 1643/1748/1643 1647/1752/1647 1645/1750/1645
f 1643/1748/1643 1651/1756/1651 1647/1752/1647
f 1650/1755/1650 1647/1752/1647 1651/1756/1651
f 1652/1757/1652 1653/1758/1653 1643/1748/1643
f 1649/1754/1649 1647/1752/1647 1650/1755/1650
f 1651/1756/1651 1643/1748/1643 1653/1758/1653
f 1307/1396/1307 480/509/480 1654/1759/1654
f 1655/1760/1655 1656/1761/1656 1657/1762/1657
f 1658/1763/1658 1656/1761/1656 1655/1760/1655
f 1655/1760/1655 1657/1762/1657 1659/1764/1659
f 1307/1396/1307 1654/1759/1654 1660/1765/1660
f 1660/1765/1660 1654/1759/1654 1661/1766/1661
f 1661/1766/1661 1654/1759/1654 1662/1767/1662
f 1662/1768/1662 1654/1769/1654 1658/1763/1658
f 1654/1769/1654 1656/1761/1656 1658/1763/1658
f 1662/1767/1662 1660/1765/1660 1661/1766/1661
f 1658/1763/1658 1655/1760/1655 1659/1764/1659
f 1658/1763/1658 1659/1764/1659 1663/1770/1663
f 1637/1742/1637 1663/1770/1663 1659/1764/1659
f 1662/1768/1662 1658/1763/1658 1664/1771/1664
f 1665/1772/1665 1662/1768/1662 1664/1771/1664
f 1664/1771/1664 1658/1763/1658 1663/1770/1663
f 1662/1773/1662 1666/1774/1666 1667/1775/1667
f 1666/1776/1666 1662/1768/1662 1665/1772/1665
f 1668/1777/1668 1667/1775/1667 1669/1778/1669
f 1669/1778/1669 1667/1775/1667 1666/1774/1666
f 1669/1778/1669 1666/1774/1666 1670/1779/1670
f 1663/1770/1663 1671/1780/1671 1664/1771/1664
f 1664/1771/1664 1671/1780/1671 1666/1776/1666
f 1670/1779/1670 1666/1774/1666 1672/1781/1672
f 1671/1780/1671 1672/1782/1672 1666/1776/1666
f 1669/1778/1669 1673/1783/1673 1668/1777/1668
f 1673/1783/1673 1669/1778/1669 1670/1779/1670
f 1664/1771/1664 1666/1776/1666 1665/1772/1665
f 1674/1784/1674 1670/1779/1670 1672/1781/1672
f 1675/1785/1675 1676/1786/1676 1677/1787/1677
f 1675/1785/1675 1648/1753/1648 1678/1788/1678
f 1676/1786/1676 1675/1785/1675 1678/1788/1678
f 1679/1789/1679 1674/1784/1674 1680/1790/1680
f 1679/1789/1679 1681/1791/1681 1682/1792/1682
f 1680/1790/1680 1676/1793/1676 1681/1791/1681
f 1683/1794/1683 1681/1791/1681 1676/1793/1676
f 1684/1795/1684 1681/1791/1681 1683/1794/1683
f 1681/1791/1681 1684/1795/1684 1682/1792/1682
f 1685/1796/1685 1686/1797/1686 1687/1798/1687
f 1312/1401/1312 1682/1792/1682 1140/1222/1140
f 1140/1222/1140 1682/1792/1682 1684/1795/1684
f 1688/1799/1688 1689/1800/1689 1678/1788/1678
f 1690/1801/1690 1687/1798/1687 1691/1802/1691
f 1687/1798/1687 1692/1803/1692 1691/1802/1691
f 1690/1801/1690 1691/1802/1691 1693/1804/1693
f 1689/1800/1689 1676/1786/1676 1678/1788/1678
f 1689/1805/1689 1683/1794/1683 1676/1793/1676
f 1683/1794/1683 1689/1805/1689 1687/1798/1687
f 1687/1798/1687 1689/1805/1689 1692/1803/1692
f 1676/1786/1676 1680/1806/1680 1677/1787/1677
f 1679/1789/1679 1680/1790/1680 1681/1791/1681
f 1685/1796/1685 1687/1798/1687 1690/1801/1690
f 1694/1807/1694 1695/1808/1695 1696/1809/1696
f 1697/1810/1697 1694/1807/1694 1696/1809/1696
f 1698/1811/1698 1694/1807/1694 1697/1810/1697
f 1699/1812/1699 1698/1811/1698 1700/1813/1700
f 1701/1814/1701 1699/1812/1699 1700/1813/1700
f 1693/1804/1693 1691/1802/1691 1701/1815/1701
f 1699/1816/1699 1701/1815/1701 1691/1802/1691
f 1701/1815/1701 1702/1817/1702 1693/1804/1693
f 1702/1818/1702 1701/1814/1701 1703/1819/1703
f 1703/1819/1703 1704/1820/1704 1702/1818/1702
f 1700/1813/1700 1697/1810/1697 1705/1821/1705
f 1701/1814/1701 1700/1813/1700 1703/1819/1703
f 1703/1819/1703 1700/1813/1700 1705/1821/1705
f 1705/1821/1705 1706/1822/1706 1707/1823/1707
f 1707/1823/1707 1708/1824/1708 1705/1821/1705
f 1709/1825/1709 1703/1819/1703 1705/1821/1705
f 1708/1824/1708 1709/1825/1709 1705/1821/1705
f 1709/1825/1709 1708/1824/1708 1710/1826/1710
f 1710/1826/1710 1711/1827/1711 1712/1828/1712
f 1709/1825/1709 1710/1826/1710 1712/1828/1712
f 1708/1824/1708 1713/1829/1713 1714/1830/1714
f 1710/1826/1710 1708/1824/1708 1714/1830/1714
f 1711/1827/1711 1710/1826/1710 1714/1830/1714
f 1698/1811/1698 1697/1810/1697 1700/1813/1700
f 1706/1822/1706 1705/1821/1705 1697/1810/1697
f 1703/1819/1703 1709/1825/1709 1704/1820/1704
f 1712/1828/1712 1704/1820/1704 1709/1825/1709
f 1708/1824/1708 1707/1823/1707 1713/1829/1713
f 1715/1831/1715 1716/1832/1716 1717/1833/1717
f 1715/1831/1715 1717/1833/1717 1696/1809/1696
f 1718/1834/1718 1719/1835/1719 1720/1836/1720
f 1718/1834/1718 1720/1836/1720 1721/1837/1721
f 1722/1838/1722 1721/1837/1721 1720/1836/1720
f 1717/1833/1717 1718/1834/1718 1723/1839/1723
f 1718/1834/1718 1724/1840/1724 1723/1839/1723
f 1718/1834/1718 1721/1837/1721 1724/1840/1724
f 1724/1840/1724 1721/1837/1721 1725/1841/1725
f 1696/1809/1696 1723/1839/1723 1726/1842/1726
f 1723/1839/1723 1724/1840/1724 1727/1843/1727
f 1706/1822/1706 1726/1842/1726 1728/1844/1728
f 1728/1844/1728 1726/1842/1726 1727/1843/1727
f 1727/1843/1727 1724/1840/1724 1729/1845/1729
f 1729/1845/1729 1728/1844/1728 1727/1843/1727
f 1713/1829/1713 1728/1844/1728 1729/1845/1729
f 1730/1846/1730 1725/1841/1725 1721/1837/1721
f 1730/1846/1730 1731/1847/1731 1725/1841/1725
f 1731/1847/1731 1732/1848/1732 1725/1841/1725
f 1725/1841/1725 1733/1849/1733 1734/1850/1734
f 1734/1850/1734 1729/1845/1729 1725/1841/1725
f 1723/1839/1723 1696/1809/1696 1717/1833/1717
f 1726/1842/1726 1723/1839/1723 1727/1843/1727
f 1725/1841/1725 1729/1845/1729 1724/1840/1724
f 1721/1837/1721 1722/1838/1722 1730/1846/1730
f 1642/1747/1642 620/667/620 1644/1749/1644
f 1644/1749/1644 620/667/620 1735/1851/1735
f 1644/1749/1644 1735/1851/1735 1652/1757/1652
f 616/661/616 1735/1851/1735 620/667/620
f 616/661/616 1736/1852/1736 1735/1851/1735
f 1735/1851/1735 1737/1853/1737 1652/1757/1652
f 1735/1851/1735 1736/1852/1736 1716/1832/1716
f 1719/1835/1719 1736/1852/1736 1720/1836/1720
f 619/664/619 1736/1852/1736 616/661/616
f 1738/1854/1738 1736/1852/1736 619/664/619
f 1738/1854/1738 1739/1855/1739 1740/1856/1740
f 1720/1836/1720 1738/1854/1738 1740/1856/1740
f 1741/1857/1741 1739/1855/1739 1742/1858/1742
f 1739/1855/1739 1741/1857/1741 1740/1856/1740
f 920/981/920 1743/1859/1743 1742/1858/1742
f 1744/1860/1744 1745/1861/1745 1743/1859/1743
f 1742/1858/1742 1743/1859/1743 1745/1861/1745
f 1744/1860/1744 1746/1862/1746 1747/1863/1747
f 1740/1856/1740 1741/1857/1741 1722/1838/1722
f 1722/1838/1722 1741/1857/1741 1748/1864/1748
f 944/1009/944 1749/1865/1749 1747/1863/1747
f 1750/1866/1750 1745/1861/1745 1744/1860/1744
f 1750/1866/1750 1744/1860/1744 1747/1863/1747
f 1741/1857/1741 1742/1858/1742 1748/1864/1748
f 1742/1858/1742 1745/1861/1745 1748/1864/1748
f 1745/1861/1745 1750/1866/1750 1748/1864/1748
f 1747/1863/1747 1749/1865/1749 1750/1866/1750
f 1749/1865/1749 1731/1847/1731 1750/1866/1750
f 944/1009/944 1747/1863/1747 1746/1862/1746
f 1736/1852/1736 1738/1854/1738 1720/1836/1720
f 1751/1867/1751 1739/1855/1739 619/664/619
f 1739/1855/1739 1738/1854/1738 619/664/619
f 1749/1865/1749 1752/1868/1752 1753/1869/1753
f 944/1009/944 1754/1870/1754 1752/1868/1752
f 1755/1871/1755 1756/1872/1756 1757/1873/1757
f 1757/1873/1757 1756/1872/1756 1758/1874/1758
f 1757/1873/1757 1758/1874/1758 1759/1875/1759
f 1102/1183/1102 1756/1872/1756 1755/1871/1755
f 1760/1876/1760 1044/1117/1044 1761/1877/1761
f 1762/1878/1762 1760/1876/1760 1761/1877/1761
f 1763/1879/1763 1764/1880/1764 1759/1875/1759
f 1765/1881/1765 1764/1880/1764 1766/1882/1766
f 1767/1883/1767 1765/1881/1765 1766/1882/1766
f 1766/1882/1766 1764/1880/1764 1763/1879/1763
f 1768/1884/1768 1766/1882/1766 1763/1879/1763
f 1769/1885/1769 1761/1877/1761 1767/1883/1767
f 1768/1884/1768 1767/1883/1767 1766/1882/1766
f 1770/1886/1770 1771/1887/1771 1768/1884/1768
f 1767/1883/1767 1768/1884/1768 1771/1887/1771
f 1769/1885/1769 1767/1883/1767 1771/1887/1771
f 1760/1876/1760 1762/1878/1762 1772/1888/1772
f 1772/1888/1772 1762/1878/1762 1773/1889/1773
f 1772/1888/1772 1754/1870/1754 1760/1876/1760
f 1752/1868/1752 1754/1870/1754 1772/1888/1772
f 1753/1869/1753 1752/1868/1752 1772/1888/1772
f 1757/1873/1757 1759/1875/1759 1774/1890/1774
f 1774/1890/1774 1759/1875/1759 1764/1880/1764
f 1775/1891/1775 1770/1886/1770 1776/1892/1776
f 1777/1893/1777 1775/1891/1775 1776/1892/1776
f 1775/1891/1775 1771/1887/1771 1770/1886/1770
f 1775/1891/1775 1777/1893/1777 1778/1894/1778
f 1779/1895/1779 1778/1894/1778 1780/1896/1780
f 1769/1885/1769 1771/1887/1771 1779/1895/1779
f 1778/1894/1778 1781/1897/1781 1780/1896/1780
f 1780/1896/1780 1782/1898/1782 1783/1899/1783
f 1749/1865/1749 944/1009/944 1752/1868/1752
f 1755/1871/1755 1784/1900/1784 1102/1183/1102
f 1761/1877/1761 1785/1901/1785 1767/1883/1767
f 1762/1878/1762 1761/1877/1761 1769/1885/1769
f 1763/1879/1763 1759/1875/1759 1770/1886/1770
f 1763/1879/1763 1770/1886/1770 1768/1884/1768
f 1771/1887/1771 1775/1891/1775 1779/1895/1779
f 1775/1891/1775 1778/1894/1778 1779/1895/1779
f 1786/1902/1786 1787/1903/1787 1788/1904/1788
f 1789/1905/1789 1790/1906/1790 1791/1907/1791
f 1791/1907/1791 1790/1906/1790 1734/1850/1734
f 1789/1905/1789 1791/1907/1791 1792/1908/1792
f 1793/1909/1793 1791/1907/1791 1733/1849/1733
f 1792/1908/1792 1794/1910/1794 1789/1905/1789
f 1795/1911/1795 1749/1865/1749 1753/1869/1753
f 1796/1912/1796 1797/1913/1797 1792/1908/1792
f 1796/1912/1796 1792/1908/1792 1793/1909/1793
f 1792/1908/1792 1791/1907/1791 1793/1909/1793
f 1753/1869/1753 1798/1914/1798 1796/1912/1796
f 1793/1909/1793 1753/1869/1753 1796/1912/1796
f 1794/1910/1794 1799/1915/1799 1787/1903/1787
f 1787/1903/1787 1789/1905/1789 1794/1910/1794
f 1786/1902/1786 1789/1905/1789 1787/1903/1787
f 1794/1910/1794 1792/1908/1792 1800/1916/1800
f 1799/1915/1799 1794/1910/1794 1801/1917/1801
f 1800/1916/1800 1802/1918/1802 1803/1919/1803
f 1802/1918/1802 1792/1908/1792 1797/1913/1797
f 1792/1908/1792 1802/1918/1802 1800/1916/1800
f 1804/1920/1804 1803/1919/1803 1802/1918/1802
f 1805/1921/1805 1800/1916/1800 1803/1919/1803
f 1733/1849/1733 1795/1911/1795 1793/1909/1793
f 1795/1911/1795 1753/1869/1753 1793/1909/1793
f 1806/1922/1806 1807/1923/1807 1808/1924/1808
f 1150/1232/1150 1807/1923/1807 1806/1922/1806
f 1702/1817/1702 1809/1925/1809 1806/1922/1806
f 1704/1820/1704 1810/1926/1810 1811/1927/1811
f 1812/1928/1812 1813/1929/1813 1814/1930/1814
f 1815/1931/1815 1816/1932/1816 1154/1236/1154
f 1816/1932/1816 1815/1931/1815 1817/1933/1817
f 1809/1925/1809 1818/1934/1818 1150/1232/1150
f 1150/1232/1150 1806/1922/1806 1809/1925/1809
f 1819/1935/1819 1820/1936/1820 1821/1937/1821
f 1819/1935/1819 1822/1938/1822 1820/1936/1820
f 1821/1937/1821 1820/1936/1820 1810/1939/1810
f 1811/1940/1811 1810/1939/1810 1820/1936/1820
f 1152/1234/1152 1818/1934/1818 1815/1931/1815
f 1815/1931/1815 1818/1934/1818 1822/1938/1822
f 1815/1931/1815 1822/1938/1822 1817/1933/1817
f 1819/1935/1819 1817/1933/1817 1822/1938/1822
f 1816/1932/1816 1817/1933/1817 1155/1237/1155
f 1155/1237/1155 1823/1941/1823 1824/1942/1824
f 1155/1237/1155 1817/1933/1817 1823/1941/1823
f 1823/1941/1823 1825/1943/1825 1824/1942/1824
f 1826/1944/1826 1827/1945/1827 1828/1946/1828
f 1823/1941/1823 1829/1947/1829 1827/1945/1827
f 1828/1946/1828 1827/1945/1827 1829/1947/1829
f 1823/1941/1823 1830/1948/1830 1825/1943/1825
f 1826/1944/1826 1830/1948/1830 1823/1941/1823
f 1823/1941/1823 1831/1949/1831 1829/1947/1829
f 1819/1935/1819 1831/1949/1831 1823/1941/1823
f 1829/1947/1829 1831/1949/1831 1821/1937/1821
f 1823/1941/1823 1827/1945/1827 1826/1944/1826
f 1832/1950/1832 1833/1951/1833 1828/1946/1828
f 1832/1950/1832 1828/1946/1828 1829/1947/1829
f 1829/1947/1829 1834/1952/1834 1832/1950/1832
f 1834/1952/1834 1829/1947/1829 1821/1937/1821
f 1835/1953/1835 1836/1954/1836 1834/1955/1834
f 1821/1937/1821 1810/1939/1810 1835/1956/1835
f 1810/1926/1810 1836/1954/1836 1835/1953/1835
f 1836/1954/1836 1810/1926/1810 1837/1957/1837
f 1838/1958/1838 1836/1954/1836 1837/1957/1837
f 1832/1959/1832 1839/1960/1839 1840/1961/1840
f 1834/1955/1834 1836/1954/1836 1832/1959/1832
f 1832/1959/1832 1836/1954/1836 1839/1960/1839
f 1838/1958/1838 1841/1962/1841 1839/1960/1839
f 1836/1954/1836 1838/1958/1838 1839/1960/1839
f 1842/1963/1842 1841/1962/1841 1813/1929/1813
f 1841/1962/1841 1838/1958/1838 1813/1929/1813
f 1839/1960/1839 1841/1962/1841 1843/1964/1843
f 1844/1965/1844 1813/1929/1813 1812/1928/1812
f 1704/1820/1704 1837/1957/1837 1810/1926/1810
f 1821/1937/1821 1831/1949/1831 1819/1935/1819
f 1817/1933/1817 1819/1935/1819 1823/1941/1823
f 1835/1956/1835 1834/1952/1834 1821/1937/1821
f 1840/1961/1840 1839/1960/1839 1843/1964/1843
f 1845/1966/1845 1846/1967/1846 1847/1968/1847
f 1847/1968/1847 1846/1967/1846 1848/1969/1848
f 1849/1970/1849 1848/1969/1848 1846/1967/1846
f 1849/1970/1849 1846/1967/1846 1850/1971/1850
f 1850/1971/1850 1851/1972/1851 1849/1970/1849
f 1852/1973/1852 1853/1974/1853 1854/1975/1854
f 1855/1976/1855 1856/1977/1856 1830/1948/1830
f 1853/1974/1853 1852/1973/1852 1855/1976/1855
f 1830/1948/1830 1167/1249/1167 1824/1942/1824
f 1857/1978/1857 1858/1979/1858 1859/1980/1859
f 1857/1978/1857 1860/1981/1860 1861/1982/1861
f 1854/1975/1854 1858/1979/1858 1852/1973/1852
f 1861/1982/1861 1856/1977/1856 1857/1978/1857
f 1858/1979/1858 1857/1978/1857 1852/1973/1852
f 1857/1978/1857 1856/1977/1856 1852/1973/1852
f 1862/1983/1862 1859/1980/1859 1863/1984/1863
f 1859/1980/1859 1862/1983/1862 1857/1978/1857
f 1864/1985/1864 1863/1986/1863 1859/1987/1859
f 1847/1968/1847 1864/1985/1864 1859/1987/1859
f 1848/1969/1848 1864/1985/1864 1847/1968/1847
f 1847/1968/1847 1859/1987/1859 1858/1988/1858
f 1865/1989/1865 1866/1990/1866 1860/1981/1860
f 1861/1982/1861 1860/1981/1860 1866/1990/1866
f 1867/1991/1867 1866/1990/1866 1865/1989/1865
f 1868/1992/1868 1869/1993/1869 1862/1983/1862
f 1862/1983/1862 1870/1994/1870 1868/1992/1868
f 1848/1969/1848 1871/1995/1871 1864/1985/1864
f 1872/1996/1872 1873/1997/1873 1870/1994/1870
f 1873/1997/1873 1868/1992/1868 1870/1994/1870
f 1864/1998/1864 1870/1994/1870 1862/1983/1862
f 1874/1999/1874 1875/2000/1875 1867/1991/1867
f 1876/2001/1876 1874/1999/1874 1865/1989/1865
f 1867/1991/1867 1865/1989/1865 1874/1999/1874
f 1877/2002/1877 1878/2003/1878 1879/2004/1879
f 1880/2005/1880 1879/2004/1879 1878/2003/1878
f 1875/2000/1875 1880/2005/1880 1878/2003/1878
f 1848/1969/1848 1881/2006/1881 1882/2007/1882
f 1883/2008/1883 1881/2006/1881 1848/1969/1848
f 1848/1969/1848 1849/1970/1849 1883/2008/1883
f 1884/2009/1884 1881/2006/1881 1883/2008/1883
f 1885/2010/1885 1884/2009/1884 1883/2008/1883
f 1849/1970/1849 1886/2011/1886 1883/2008/1883
f 1886/2011/1886 1849/1970/1849 1851/1972/1851
f 1885/2010/1885 1883/2008/1883 1886/2011/1886
f 1851/1972/1851 1887/2012/1887 1886/2011/1886
f 1847/1968/1847 1858/1988/1858 1845/1966/1845
f 1854/2013/1854 1845/1966/1845 1858/1988/1858
f 1855/1976/1855 1852/1973/1852 1856/1977/1856
f 1865/1989/1865 1862/1983/1862 1869/1993/1869
f 1865/1989/1865 1860/1981/1860 1862/1983/1862
f 1860/1981/1860 1857/1978/1857 1862/1983/1862
f 1856/1977/1856 1861/1982/1861 1866/1990/1866
f 1882/2007/1882 1871/1995/1871 1848/1969/1848
f 1876/2001/1876 1865/1989/1865 1869/1993/1869
f 1888/2014/1888 1801/1917/1801 1889/2015/1889
f 1805/1921/1805 1890/2016/1890 1889/2015/1889
f 1891/2017/1891 1892/2018/1892 1893/2019/1893
f 1893/2019/1893 1892/2018/1892 1894/2020/1894
f 1895/2021/1895 1896/2022/1896 1897/2023/1897
f 1896/2022/1896 1891/2017/1891 1897/2023/1897
f 1897/2023/1897 1891/2017/1891 1893/2019/1893
f 1898/2024/1898 1899/2025/1899 1782/1898/1782
f 1900/2026/1900 1901/2027/1901 1890/2016/1890
f 1902/2028/1902 1903/2029/1903 1904/2030/1904
f 1905/2031/1905 1906/2032/1906 1904/2030/1904
f 1812/1928/1812 1801/1917/1801 1888/2014/1888
f 1888/2014/1888 1844/1965/1844 1812/1928/1812
f 1907/2033/1907 1908/2034/1908 1909/2035/1909
f 1910/2036/1910 1907/2033/1907 1911/2037/1911
f 1911/2037/1911 1907/2033/1907 1912/2038/1912
f 1913/2039/1913 1910/2036/1910 1911/2037/1911
f 1912/2038/1912 1913/2039/1913 1911/2037/1911
f 1913/2039/1913 1889/2015/1889 1914/2040/1914
f 1888/2014/1888 1913/2039/1913 1912/2038/1912
f 1915/2041/1915 1916/2042/1916 1902/2028/1902
f 1917/2043/1917 1898/2024/1898 1916/2042/1916
f 1916/2042/1916 1915/2041/1915 1917/2043/1917
f 1898/2024/1898 1917/2043/1917 1901/2027/1901
f 1917/2043/1917 1915/2041/1915 1918/2044/1918
f 1906/2032/1906 1918/2044/1918 1915/2041/1915
f 1917/2043/1917 1918/2044/1918 1901/2027/1901
f 1918/2044/1918 1906/2032/1906 1919/2045/1919
f 1891/2017/1891 1920/2046/1920 1892/2018/1892
f 1920/2046/1920 1921/2047/1921 1922/2048/1922
f 1920/2046/1920 1922/2048/1922 1892/2018/1892
f 1923/2049/1923 1924/2050/1924 1902/2028/1902
f 1922/2048/1922 1921/2047/1921 1923/2049/1923
f 1921/2047/1921 1924/2050/1924 1923/2049/1923
f 1923/2049/1923 1902/2028/1902 1916/2042/1916
f 1925/2051/1925 1926/2052/1926 1927/2053/1927
f 1925/2051/1925 1927/2053/1927 1914/2040/1914
f 1890/2016/1890 1925/2051/1925 1914/2040/1914
f 1927/2053/1927 1928/2054/1928 1910/2036/1910
f 1914/2040/1914 1927/2053/1927 1910/2036/1910
f 1889/2015/1889 1890/2016/1890 1914/2040/1914
f 1918/2044/1918 1929/2055/1929 1926/2052/1926
f 1901/2027/1901 1918/2044/1918 1925/2051/1925
f 1918/2044/1918 1926/2052/1926 1925/2051/1925
f 1904/2030/1904 1906/2032/1906 1902/2028/1902
f 1930/2056/1930 1931/2057/1931 1932/2058/1932
f 1905/2031/1905 1930/2056/1930 1906/2032/1906
f 1933/2059/1933 1934/2060/1934 1932/2058/1932
f 1930/2056/1930 1919/2045/1919 1906/2032/1906
f 1930/2056/1930 1932/2058/1932 1919/2045/1919
f 1919/2045/1919 1932/2058/1932 1934/2060/1934
f 1929/2055/1929 1934/2060/1934 1933/2059/1933
f 1934/2060/1934 1929/2055/1929 1919/2045/1919
f 1935/2061/1935 1936/2062/1936 1929/2055/1929
f 1936/2062/1936 1937/2063/1937 1938/2064/1938
f 1939/2065/1939 1938/2064/1938 1937/2063/1937
f 1908/2034/1908 1928/2054/1928 1938/2064/1938
f 1928/2054/1928 1908/2034/1908 1910/2036/1910
f 1889/2015/1889 1913/2039/1913 1888/2014/1888
f 1898/2024/1898 1901/2027/1901 1899/2025/1899
f 1901/2027/1901 1925/2051/1925 1890/2016/1890
f 1909/2035/1909 1908/2034/1908 1939/2065/1939
f 1913/2039/1913 1914/2040/1914 1910/2036/1910
f 1926/2052/1926 1928/2054/1928 1927/2053/1927
f 1919/2045/1919 1929/2055/1929 1918/2044/1918
f 1902/2028/1902 1906/2032/1906 1915/2041/1915
f 1939/2065/1939 1908/2034/1908 1938/2064/1938
f 1910/2036/1910 1908/2034/1908 1907/2033/1907
f 1940/2066/1940 1941/2067/1941 1942/2068/1942
f 1942/2069/1942 1943/2070/1943 1940/2071/1940
f 1941/2067/1941 1944/2072/1944 1942/2068/1942
f 1945/2073/1945 1943/2070/1943 1942/2069/1942
f 1945/2073/1945 1942/2069/1942 1946/2074/1946
f 1944/2072/1944 1946/2075/1946 1942/2068/1942
f 1944/2076/1944 1947/2077/1947 1946/2078/1946
f 1948/2079/1948 1944/2072/1944 1949/2080/1949
f 1948/2081/1948 1950/2082/1950 1944/2076/1944
f 1951/2083/1951 1941/2067/1941 1952/2084/1952
f 1953/2085/1953 1941/2067/1941 1951/2083/1951
f 1954/2086/1954 1952/2084/1952 1941/2067/1941
f 1941/2067/1941 1940/2066/1940 1954/2086/1954
f 1949/2080/1949 1941/2067/1941 1953/2085/1953
f 1943/2070/1943 1954/2087/1954 1940/2071/1940
f 1955/2088/1955 1954/2087/1954 1943/2070/1943
f 1941/2067/1941 1949/2080/1949 1944/2072/1944
f 1956/2089/1956 1957/2090/1957 1949/2080/1949
f 1953/2085/1953 1956/2089/1956 1949/2080/1949
f 1949/2080/1949 1957/2090/1957 1958/2091/1958
f 1949/2080/1949 1958/2091/1958 1948/2079/1948
f 1958/2091/1958 1959/2092/1959 1960/2093/1960
f 1960/2093/1960 1948/2079/1948 1958/2091/1958
f 1961/2094/1961 1962/2095/1962 1963/2096/1963
f 1962/2095/1962 1961/2094/1961 1964/2097/1964
f 1965/2098/1965 1966/2099/1966 1964/2097/1964
f 1967/2100/1967 1968/2101/1968 1963/2096/1963
f 1956/2089/1956 1953/2085/1953 1969/2102/1969
f 1970/2103/1970 1969/2102/1969 1971/2104/1971
f 1957/2090/1957 1969/2102/1969 1970/2103/1970
f 1971/2104/1971 1972/2105/1972 1970/2103/1970
f 1953/2085/1953 1971/2104/1971 1969/2102/1969
f 1968/2101/1968 1971/2104/1971 1963/2096/1963
f 1972/2105/1972 1973/2106/1973 1974/2107/1974
f 1972/2105/1972 1968/2101/1968 1967/2100/1967
f 1975/2108/1975 1976/2109/1976 1977/2110/1977
f 1976/2109/1976 1978/2111/1978 1977/2110/1977
f 1977/2112/1977 1979/2113/1979 1980/2114/1980
f 1981/2115/1981 1982/2116/1982 1970/2103/1970
f 1983/2117/1983 1982/2116/1982 1981/2115/1981
f 1982/2116/1982 1957/2090/1957 1970/2103/1970
f 1983/2117/1983 1957/2090/1957 1982/2116/1982
f 1983/2117/1983 1981/2115/1981 1984/2118/1984
f 1958/2091/1958 1957/2090/1957 1983/2117/1983
f 1983/2117/1983 1984/2118/1984 1979/2113/1979
f 1979/2113/1979 1958/2091/1958 1983/2117/1983
f 1960/2093/1960 1979/2113/1979 1977/2112/1977
f 1977/2110/1977 1978/2111/1978 1960/2119/1960
f 1960/2093/1960 1959/2092/1959 1979/2113/1979
f 1985/2120/1985 1972/2105/1972 1974/2107/1974
f 1985/2120/1985 1974/2107/1974 1986/2121/1986
f 1970/2103/1970 1985/2120/1985 1981/2115/1981
f 1986/2121/1986 1981/2115/1981 1985/2120/1985
f 1987/2122/1987 1988/2123/1988 1943/2070/1943
f 1987/2122/1987 1945/2073/1945 1989/2124/1989
f 1988/2123/1988 1987/2122/1987 1989/2124/1989
f 1945/2073/1945 1882/2007/1882 1989/2124/1989
f 1990/2125/1990 1991/2126/1991 1992/2127/1992
f 1993/2128/1993 1990/2125/1990 1992/2127/1992
f 1992/2127/1992 1994/2129/1994 1993/2128/1993
f 1993/2128/1993 1994/2129/1994 1995/2130/1995
f 1996/2131/1996 1964/2132/1964 1997/2133/1997
f 1998/2134/1998 1999/2135/1999 1997/2133/1997
f 1997/2133/1997 1964/2132/1964 1955/2088/1955
f 1997/2133/1997 1955/2088/1955 2000/2136/2000
f 1998/2134/1998 1997/2133/1997 2000/2136/2000
f 2001/2137/2001 1999/2135/1999 1998/2134/1998
f 2002/2138/2002 1955/2088/1955 1943/2070/1943
f 1943/2070/1943 1988/2123/1988 2002/2138/2002
f 2002/2138/2002 1988/2123/1988 2003/2139/2003
f 2004/2140/2004 1965/2141/1965 1964/2132/1964
f 1964/2132/1964 1996/2131/1996 2004/2140/2004
f 2005/2142/2005 2006/2143/2006 2007/2144/2007
f 2006/2143/2006 2008/2145/2008 2007/2144/2007
f 1943/2070/1943 1945/2073/1945 1987/2122/1987
f 2009/2146/2009 1960/2119/1960 1978/2111/1978
f 1964/2132/1964 1954/2087/1954 1955/2088/1955
f 1963/2096/1963 1953/2085/1953 1951/2083/1951
f 1959/2092/1959 1958/2091/1958 1979/2113/1979
f 1948/2081/1948 1960/2119/1960 2009/2146/2009
f 1966/2099/1966 1962/2095/1962 1964/2097/1964
f 1963/2096/1963 1962/2095/1962 1967/2100/1967
f 1968/2101/1968 1972/2105/1972 1971/2104/1971
f 1956/2089/1956 1969/2102/1969 1957/2090/1957
f 1971/2104/1971 1953/2085/1953 1963/2096/1963
f 1970/2103/1970 1972/2105/1972 1985/2120/1985
f 1977/2112/1977 1980/2114/1980 2010/2147/2010
f 1984/2118/1984 1980/2114/1980 1979/2113/1979
f 1981/2115/1981 1986/2121/1986 1984/2118/1984
f 1989/2124/1989 1991/2126/1991 1988/2123/1988
f 2000/2136/2000 1955/2088/1955 2002/2138/2002
f 1998/2134/1998 2000/2136/2000 2002/2138/2002
f 2003/2139/2003 1988/2123/1988 2011/2148/2011
f 2011/2148/2011 1988/2123/1988 1991/2126/1991
f 1999/2135/1999 1996/2131/1996 1997/2133/1997
f 2012/2149/2012 2013/2150/2013 2014/2151/2014
f 2014/2151/2014 2015/2152/2015 2016/2153/2016
f 2017/2154/2017 2016/2153/2016 2018/2155/2018
f 2019/2156/2019 2017/2154/2017 2018/2155/2018
f 2019/2156/2019 2020/2157/2020 2017/2154/2017
f 2019/2156/2019 2018/2155/2018 2021/2158/2021
f 2019/2156/2019 2022/2159/2022 2020/2157/2020
f 2020/2157/2020 2022/2159/2022 2023/2160/2023
f 2024/2161/2024 2025/2162/2025 2017/2154/2017
f 2017/2154/2017 2025/2162/2025 2016/2153/2016
f 2024/2161/2024 2017/2154/2017 2026/2163/2026
f 2027/2164/2027 2026/2163/2026 2020/2157/2020
f 2028/2165/2028 2029/2166/2029 2030/2167/2030
f 2029/2166/2029 2027/2164/2027 2030/2167/2030
f 2027/2164/2027 2020/2157/2020 2031/2168/2031
f 2027/2164/2027 2031/2168/2031 2030/2167/2030
f 2030/2167/2030 2032/2169/2032 2028/2165/2028
f 2031/2168/2031 2033/2170/2033 2030/2167/2030
f 2032/2169/2032 2030/2167/2030 2033/2170/2033
f 2034/2171/2034 2032/2169/2032 2033/2170/2033
f 2035/2172/2035 2032/2169/2032 2036/2173/2036
f 2034/2171/2034 2036/2173/2036 2032/2169/2032
f 2037/2174/2037 2023/2160/2023 2022/2159/2022
f 2023/2160/2023 2031/2168/2031 2020/2157/2020
f 2031/2168/2031 2023/2160/2023 2038/2175/2038
f 2039/2176/2039 2040/2177/2040 2038/2175/2038
f 2040/2177/2040 2039/2176/2039 2041/2178/2041
f 2040/2177/2040 2031/2168/2031 2038/2175/2038
f 2041/2178/2041 2042/2179/2042 2033/2170/2033
f 2041/2178/2041 2043/2180/2043 2042/2179/2042
f 2034/2171/2034 2033/2170/2033 2042/2179/2042
f 2043/2180/2043 2044/2181/2044 2042/2179/2042
f 2045/2182/2045 2042/2179/2042 2044/2181/2044
f 2046/2183/2046 2047/2184/2047 2048/2185/2048
f 2049/2186/2049 2050/2187/2050 2048/2185/2048
f 2021/2158/2021 2018/2155/2018 2015/2152/2015
f 2050/2187/2050 2022/2159/2022 2021/2158/2021
f 2021/2158/2021 2046/2183/2046 2050/2187/2050
f 2050/2187/2050 2037/2174/2037 2022/2159/2022
f 2051/2188/2051 2037/2174/2037 2050/2187/2050
f 2037/2174/2037 2038/2175/2038 2023/2160/2023
f 2039/2176/2039 2038/2175/2038 2037/2174/2037
f 2049/2186/2049 2051/2188/2051 2050/2187/2050
f 2052/2189/2052 2015/2152/2015 2013/2150/2013
f 2013/2150/2013 2053/2190/2053 2052/2189/2052
f 2015/2152/2015 2052/2189/2052 2021/2158/2021
f 2046/2183/2046 2021/2158/2021 2052/2189/2052
f 2052/2189/2052 2054/2191/2054 2046/2183/2046
f 2051/2188/2051 2049/2186/2049 2055/2192/2055
f 2056/2193/2056 2055/2192/2055 2049/2186/2049
f 2056/2193/2056 2057/2194/2057 2055/2192/2055
f 2058/2195/2058 2057/2194/2057 2056/2193/2056
f 2058/2195/2058 2056/2193/2056 2059/2196/2059
f 2039/2176/2039 2060/2197/2060 2043/2180/2043
f 2039/2176/2039 2055/2192/2055 2060/2197/2060
f 2043/2180/2043 2060/2197/2060 2044/2181/2044
f 2055/2192/2055 2044/2181/2044 2060/2197/2060
f 2061/2198/2061 2044/2181/2044 2055/2192/2055
f 2062/2199/2062 2061/2198/2061 2055/2192/2055
f 2062/2199/2062 2055/2192/2055 2057/2194/2057
f 2012/2149/2012 2063/2200/2063 2013/2150/2013
f 2013/2150/2013 2063/2200/2063 2064/2201/2064
f 2064/2201/2064 2063/2200/2063 2065/2202/2065
f 2064/2201/2064 2053/2190/2053 2013/2150/2013
f 2025/2162/2025 2014/2151/2014 2016/2153/2016
f 2018/2155/2018 2016/2153/2016 2015/2152/2015
f 2017/2154/2017 2020/2157/2020 2026/2163/2026
f 2022/2159/2022 2019/2156/2019 2021/2158/2021
f 2031/2168/2031 2040/2177/2040 2033/2170/2033
f 2040/2177/2040 2041/2178/2041 2033/2170/2033
f 2039/2176/2039 2043/2180/2043 2041/2178/2041
f 2050/2187/2050 2046/2183/2046 2048/2185/2048
f 2039/2176/2039 2037/2174/2037 2051/2188/2051
f 2015/2152/2015 2014/2151/2014 2013/2150/2013
f 2051/2188/2051 2055/2192/2055 2039/2176/2039
f 2066/2203/2066 2067/2204/2067 2068/2205/2068
f 2068/2205/2068 2067/2204/2067 2069/2206/2069
f 2070/2207/2070 2071/2208/2071 2067/2204/2067
f 2069/2209/2069 2072/2210/2072 2068/2211/2068
f 2073/2212/2073 2074/2213/2074 2075/2214/2075
f 2076/2215/2076 2077/2216/2077 2078/2217/2078
f 2078/2217/2078 2079/2218/2079 2076/2215/2076
f 2078/2217/2078 2080/2219/2080 2081/2220/2081
f 2079/2218/2079 2078/2217/2078 2082/2221/2082
f 2081/2220/2081 2080/2219/2080 2083/2222/2083
f 2082/2221/2082 2078/2217/2078 2081/2220/2081
f 2079/2218/2079 2082/2221/2082 2084/2223/2084
f 2081/2220/2081 2083/2222/2083 2085/2224/2085
f 2086/2225/2086 2079/2218/2079 2084/2223/2084
f 2081/2220/2081 2085/2224/2085 2087/2226/2087
f 2086/2225/2086 2084/2223/2084 2088/2227/2088
f 2089/2228/2089 2090/2229/2090 2076/2215/2076
f 2091/2230/2091 2090/2229/2090 2089/2228/2089
f 2076/2215/2076 2079/2218/2079 2089/2228/2089
f 2091/2230/2091 2089/2228/2089 2092/2231/2092
f 2089/2228/2089 2093/2232/2093 2092/2231/2092
f 2079/2218/2079 2086/2225/2086 2093/2232/2093
f 2093/2232/2093 2089/2228/2089 2079/2218/2079
f 2092/2231/2092 2093/2232/2093 2088/2227/2088
f 2094/2233/2094 2095/2234/2095 2096/2235/2096
f 2094/2236/2094 2070/2207/2070 2066/2203/2066
f 2070/2207/2070 2094/2236/2094 2097/2237/2097
f 2096/2238/2096 2097/2237/2097 2094/2236/2094
f 2096/2238/2096 2091/2239/2091 2092/2240/2092
f 2098/2241/2098 2070/2207/2070 2097/2237/2097
f 2096/2238/2096 2092/2240/2092 2097/2237/2097
f 2097/2237/2097 2092/2240/2092 2099/2242/2099
f 2100/2243/2100 2098/2241/2098 2097/2237/2097
f 2097/2237/2097 2099/2242/2099 2101/2244/2101
f 2102/2245/2102 2101/2244/2101 2099/2242/2099
f 2080/2219/2080 2103/2246/2103 2104/2247/2104
f 2105/2248/2105 2106/2249/2106 2107/2250/2107
f 2108/2251/2108 2105/2248/2105 2107/2250/2107
f 2105/2248/2105 2109/2252/2109 2104/2247/2104
f 2109/2252/2109 2105/2248/2105 2108/2251/2108
f 2083/2222/2083 2104/2247/2104 2085/2224/2085
f 2104/2247/2104 2087/2226/2087 2085/2224/2085
f 2087/2226/2087 2110/2253/2110 2111/2254/2111
f 2112/2255/2112 2087/2226/2087 2104/2247/2104
f 2087/2226/2087 2112/2255/2112 2113/2256/2113
f 2110/2253/2110 2087/2226/2087 2113/2256/2113
f 2113/2256/2113 2114/2257/2114 2115/2258/2115
f 2074/2213/2074 2073/2212/2073 2108/2251/2108
f 2116/2259/2116 2117/2260/2117 2118/2261/2118
f 2116/2259/2116 2114/2257/2114 2119/2262/2119
f 2119/2262/2119 2108/2251/2108 2116/2259/2116
f 2117/2260/2117 2120/2263/2120 2118/2261/2118
f 2115/2258/2115 2118/2261/2118 2113/2256/2113
f 2114/2257/2114 2116/2259/2116 2115/2258/2115
f 2115/2258/2115 2116/2259/2116 2118/2261/2118
f 2121/2264/2121 2117/2260/2117 2073/2212/2073
f 2117/2260/2117 2122/2265/2122 2120/2263/2120
f 2123/2266/2123 2124/2267/2124 2125/2268/2125
f 2124/2267/2124 2118/2261/2118 2125/2268/2125
f 2125/2268/2125 2118/2261/2118 2120/2263/2120
f 2120/2263/2120 2122/2265/2122 2126/2269/2126
f 2126/2269/2126 2125/2268/2125 2120/2263/2120
f 2123/2266/2123 2125/2268/2125 2127/2270/2127
f 2125/2268/2125 2126/2269/2126 2128/2271/2128
f 2129/2272/2129 2123/2266/2123 2127/2270/2127
f 2127/2270/2127 2125/2268/2125 2128/2271/2128
f 2130/2273/2130 2129/2272/2129 2127/2270/2127
f 2084/2223/2084 2111/2254/2111 2131/2274/2131
f 2129/2272/2129 2102/2275/2102 2084/2223/2084
f 2129/2272/2129 2084/2223/2084 2131/2274/2131
f 2131/2274/2131 2123/2266/2123 2129/2272/2129
f 2130/2273/2130 2102/2275/2102 2129/2272/2129
f 2066/2276/2066 2068/2211/2068 2132/2277/2132
f 2067/2204/2067 2071/2208/2071 2069/2206/2069
f 2074/2213/2074 2108/2251/2108 2106/2249/2106
f 2106/2249/2106 2108/2251/2108 2107/2250/2107
f 2078/2217/2078 2077/2216/2077 2080/2219/2080
f 2111/2254/2111 2081/2220/2081 2087/2226/2087
f 2082/2221/2082 2081/2220/2081 2111/2254/2111
f 2111/2254/2111 2084/2223/2084 2082/2221/2082
f 2093/2232/2093 2086/2225/2086 2088/2227/2088
f 2084/2223/2084 2102/2275/2102 2088/2227/2088
f 2067/2204/2067 2066/2203/2066 2070/2207/2070
f 2071/2208/2071 2070/2207/2070 2098/2241/2098
f 2092/2231/2092 2088/2227/2088 2099/2278/2099
f 2083/2222/2083 2080/2219/2080 2104/2247/2104
f 2118/2261/2118 2124/2267/2124 2113/2256/2113
f 2099/2278/2099 2088/2227/2088 2102/2275/2102
f 2133/2279/2133 2054/2191/2054 2134/2280/2134
f 2133/2279/2133 2134/2280/2134 2135/2281/2135
f 2136/2282/2136 2137/2283/2137 2138/2284/2138
f 2139/2285/2139 2137/2283/2137 2140/2286/2140
f 2140/2286/2140 2136/2282/2136 2138/2284/2138
f 2140/2286/2140 2138/2284/2138 2141/2287/2141
f 2141/2287/2141 2138/2284/2138 2142/2288/2142
f 2141/2287/2141 2142/2288/2142 2143/2289/2143
f 2144/2290/2144 2145/2291/2145 2146/2292/2146
f 2146/2292/2146 2147/2293/2147 2144/2290/2144
f 2147/2293/2147 2146/2292/2146 2148/2294/2148
f 2145/2291/2145 2144/2290/2144 2147/2293/2147
f 2147/2293/2147 2148/2294/2148 2149/2295/2149
f 2145/2291/2145 2147/2293/2147 2150/2296/2150
f 2149/2295/2149 2150/2296/2150 2147/2293/2147
f 2149/2295/2149 2151/2297/2151 2150/2296/2150
f 2152/2298/2152 2151/2297/2151 2149/2295/2149
f 2151/2297/2151 2153/2299/2153 2154/2300/2154
f 2151/2297/2151 2152/2298/2152 2155/2301/2155
f 2156/2302/2156 2155/2301/2155 2157/2303/2157
f 2158/2304/2158 2159/2305/2159 2160/2306/2160
f 2158/2304/2158 2157/2303/2157 2155/2301/2155
f 2159/2305/2159 2158/2304/2158 2155/2301/2155
f 2134/2280/2134 2161/2307/2161 2157/2303/2157
f 2158/2304/2158 2134/2280/2134 2157/2303/2157
f 2162/2308/2162 2158/2304/2158 2163/2309/2163
f 2162/2308/2162 2134/2280/2134 2158/2304/2158
f 2164/2310/2164 2162/2308/2162 2165/2311/2165
f 2162/2308/2162 2164/2310/2164 2134/2280/2134
f 2164/2310/2164 2166/2312/2166 2167/2313/2167
f 2135/2281/2135 2164/2310/2164 2167/2313/2167
f 2168/2314/2168 2169/2315/2169 2170/2316/2170
f 2171/2317/2171 2172/2318/2172 2146/2292/2146
f 2146/2292/2146 2173/2319/2173 2174/2320/2174
f 2146/2292/2146 2174/2320/2174 2148/2294/2148
f 1540/1640/1540 2175/2321/2175 2176/2322/2176
f 2177/2323/2177 2175/2321/2175 1540/1640/1540
f 2175/2321/2175 2177/2323/2177 2160/2306/2160
f 2177/2323/2177 2178/2324/2178 2170/2316/2170
f 2179/2325/2179 2148/2294/2148 2174/2320/2174
f 2148/2294/2148 2179/2325/2179 2180/2326/2180
f 2180/2326/2180 2181/2327/2181 2148/2294/2148
f 2180/2326/2180 2176/2322/2176 2175/2321/2175
f 2149/2295/2149 2148/2294/2148 2181/2327/2181
f 2181/2327/2181 2180/2326/2180 2175/2321/2175
f 2181/2327/2181 2152/2298/2152 2149/2295/2149
f 2181/2327/2181 2175/2321/2175 2159/2305/2159
f 2159/2305/2159 2175/2321/2175 2160/2306/2160
f 2169/2315/2169 2163/2309/2163 2170/2316/2170
f 2177/2323/2177 2170/2316/2170 2163/2309/2163
f 2160/2306/2160 2163/2309/2163 2158/2304/2158
f 2182/2328/2182 2163/2309/2163 2169/2315/2169
f 2162/2308/2162 2163/2309/2163 2182/2328/2182
f 2169/2315/2169 2183/2329/2183 2182/2328/2182
f 2182/2328/2182 2184/2330/2184 2162/2308/2162
f 2162/2308/2162 2184/2330/2184 2165/2311/2165
f 2184/2330/2184 2164/2310/2164 2165/2311/2165
f 2166/2312/2166 2184/2330/2184 2185/2331/2185
f 2164/2310/2164 2184/2330/2184 2166/2312/2166
f 2184/2330/2184 2186/2332/2186 2185/2331/2185
f 2187/2333/2187 2166/2312/2166 2185/2331/2185
f 2135/2281/2135 2134/2280/2134 2164/2310/2164
f 2137/2283/2137 2136/2282/2136 2140/2286/2140
f 2188/2334/2188 2146/2292/2146 2145/2291/2145
f 2189/2335/2189 2188/2334/2188 2145/2291/2145
f 2156/2302/2156 2153/2299/2153 2151/2297/2151
f 2181/2327/2181 2155/2301/2155 2152/2298/2152
f 2155/2301/2155 2156/2302/2156 2151/2297/2151
f 2171/2317/2171 2188/2334/2188 2190/2336/2190
f 2188/2334/2188 2171/2317/2171 2146/2292/2146
f 2180/2326/2180 2191/2337/2191 2176/2322/2176
f 2163/2309/2163 2160/2306/2160 2177/2323/2177
f 2155/2301/2155 2181/2327/2181 2159/2305/2159
f 2186/2332/2186 2184/2330/2184 2182/2328/2182
f 2192/2338/2192 2193/2339/2193 2194/2340/2194
f 2195/2341/2195 2196/2342/2196 2197/2343/2197
f 2195/2341/2195 2198/2344/2198 2199/2345/2199
f 2200/2346/2200 2201/2347/2201 2202/2348/2202
f 2201/2347/2201 2200/2346/2200 2203/2349/2203
f 2202/2348/2202 2201/2347/2201 2204/2350/2204
f 2204/2350/2204 2205/2351/2205 2196/2342/2196
f 2206/2352/2206 2204/2350/2204 2196/2342/2196
f 2202/2348/2202 2204/2350/2204 2206/2352/2206
f 2206/2352/2206 2207/2353/2207 2202/2348/2202
f 2208/2354/2208 2209/2355/2209 2203/2349/2203
f 2210/2356/2210 2195/2341/2195 2199/2345/2199
f 2210/2356/2210 2211/2357/2211 2212/2358/2212
f 2210/2356/2210 2199/2345/2199 2211/2357/2211
f 2198/2344/2198 2213/2359/2213 2199/2345/2199
f 2211/2357/2211 2214/2360/2214 2212/2358/2212
f 2215/2361/2215 2214/2360/2214 2211/2357/2211
f 2215/2361/2215 2211/2357/2211 2216/2362/2216
f 2214/2360/2214 2215/2361/2215 2217/2363/2217
f 2207/2353/2207 2206/2352/2206 2218/2364/2218
f 2218/2364/2218 2206/2352/2206 2210/2356/2210
f 2207/2353/2207 2218/2364/2218 2219/2365/2219
f 2219/2365/2219 2218/2364/2218 2220/2366/2220
f 2221/2367/2221 2219/2365/2219 2220/2366/2220
f 2196/2342/2196 2195/2341/2195 2210/2356/2210
f 2218/2364/2218 2210/2356/2210 2222/2368/2222
f 2222/2368/2222 2210/2356/2210 2212/2358/2212
f 2218/2364/2218 2222/2368/2222 2214/2360/2214
f 2212/2358/2212 2214/2360/2214 2222/2368/2222
f 2220/2366/2220 2218/2364/2218 2214/2360/2214
f 2220/2366/2220 2217/2363/2217 2221/2367/2221
f 2213/2369/2213 2223/2370/2223 2224/2371/2224
f 2216/2362/2216 2199/2345/2199 1980/2114/1980
f 2194/2340/2194 2193/2339/2193 2225/2372/2225
f 2226/2373/2226 2227/2374/2227 2228/2375/2228
f 2229/2376/2229 2194/2340/2194 2227/2374/2227
f 2228/2375/2228 2230/2377/2230 2231/2378/2231
f 2231/2378/2231 2230/2377/2230 2219/2365/2219
f 2221/2367/2221 2231/2378/2231 2219/2365/2219
f 2232/2379/2232 2193/2339/2193 2233/2380/2233
f 2203/2349/2203 2234/2381/2234 2232/2379/2232
f 2235/2382/2235 2236/2383/2236 2237/2384/2237
f 2238/2385/2238 2239/2386/2239 2236/2383/2236
f 2235/2382/2235 2221/2367/2221 2240/2387/2240
f 2221/2367/2221 2241/2388/2241 2240/2387/2240
f 2235/2382/2235 2240/2387/2240 2238/2385/2238
f 2239/2386/2239 2240/2387/2240 2242/2389/2242
f 2239/2386/2239 2238/2385/2238 2240/2387/2240
f 2243/2390/2243 2239/2386/2239 2242/2389/2242
f 2243/2390/2243 2244/2391/2244 2239/2386/2239
f 2221/2367/2221 2217/2363/2217 2245/2392/2245
f 2215/2361/2215 2245/2392/2245 2217/2363/2217
f 2215/2361/2215 2246/2393/2246 2245/2392/2245
f 2241/2388/2241 2242/2389/2242 2240/2387/2240
f 2241/2388/2241 2245/2392/2245 2242/2389/2242
f 2205/2351/2205 2197/2343/2197 2196/2342/2196
f 2198/2344/2198 2223/2394/2223 2213/2359/2213
f 2210/2356/2210 2206/2352/2206 2196/2342/2196
f 2217/2363/2217 2220/2366/2220 2214/2360/2214
f 2211/2357/2211 2199/2345/2199 2216/2362/2216
f 2247/2395/2247 2192/2338/2192 2194/2340/2194
f 2194/2340/2194 2225/2372/2225 2227/2374/2227
f 2193/2339/2193 2192/2338/2192 2233/2380/2233
f 2219/2365/2219 2230/2377/2230 2207/2353/2207
f 2235/2382/2235 2231/2378/2231 2221/2367/2221
f 2245/2392/2245 2241/2388/2241 2221/2367/2221
f 2236/2383/2236 2235/2382/2235 2238/2385/2238
f 2242/2389/2242 2245/2392/2245 2246/2393/2246
f 2248/2396/2248 5/5/5 4/4/4
f 2249/2397/2249 2248/2396/2248 12/14/12
f 12/14/12 2248/2396/2248 4/4/4
f 21/24/21 2250/2398/2250 17/20/17
f 17/20/17 2250/2398/2250 18/21/18
f 436/460/436 435/459/435 176/191/176
f 436/460/436 175/190/175 2250/2398/2250
f 175/190/175 436/460/436 176/191/176
f 18/21/18 2250/2398/2250 175/190/175
f 1/1/1 5/2399/5 398/422/398
f 2/2/2 406/430/406 24/27/24
f 3/3/3 2/2/2 2251/2400/2251
f 2/2/2 43/46/43 2251/2400/2251
f 43/46/43 2/2/2 24/27/24
f 27/30/27 2251/2400/2251 43/46/43
f 3/3/3 2251/2400/2251 8/10/8
f 10/12/10 2251/2400/2251 27/30/27
f 2251/2400/2251 10/12/10 8/10/8
f 12/14/12 7/7/7 14/16/14
f 14/16/14 53/56/53 12/14/12
f 61/64/61 13/15/13 54/57/54
f 406/430/406 21/24/21 24/27/24
f 20/23/20 24/27/24 21/24/21
f 2252/2401/2252 18/21/18 175/190/175
f 2252/2401/2252 25/28/25 18/21/18
f 25/28/25 2252/2401/2252 33/36/33
f 33/36/33 2252/2401/2252 187/202/187
f 33/36/33 187/202/187 192/207/192
f 2253/2402/2253 26/29/26 33/36/33
f 26/29/26 2253/2402/2253 31/34/31
f 9/11/9 34/37/34 15/18/15
f 60/2403/60 16/19/16 15/18/15
f 34/37/34 9/11/9 11/13/11
f 16/19/16 60/2403/60 54/2404/54
f 15/18/15 34/37/34 60/2403/60
f 39/42/39 59/87/59 35/38/35
f 59/87/59 39/42/39 81/88/81
f 81/88/81 39/42/39 41/44/41
f 83/90/83 41/44/41 2254/2405/2254
f 42/45/42 2253/2402/2253 2255/2406/2255
f 2255/2406/2255 37/40/37 42/45/42
f 196/211/196 40/43/40 37/40/37
f 2254/2405/2254 40/43/40 199/214/199
f 54/2404/54 13/17/13 16/19/16
f 41/44/41 40/43/40 2254/2405/2254
f 31/34/31 2253/2402/2253 42/45/42
f 96/106/96 45/48/45 100/110/100
f 2249/2397/2249 46/49/46 538/575/538
f 538/575/538 46/49/46 45/48/45
f 12/14/12 46/49/46 2249/2397/2249
f 12/14/12 53/56/53 49/52/49
f 91/101/91 100/110/100 48/51/48
f 101/111/101 100/110/100 91/101/91
f 51/54/51 91/101/91 50/53/50
f 14/16/14 61/64/61 52/55/52
f 54/57/54 2256/2407/2256 66/69/66
f 54/57/54 60/63/60 55/58/55
f 56/59/56 2256/2407/2256 54/57/54
f 60/2403/60 34/37/34 59/87/59
f 2257/2408/2257 2256/2407/2256 56/59/56
f 35/38/35 59/87/59 34/37/34
f 71/74/71 56/59/56 57/60/57
f 76/80/76 57/60/57 58/61/58
f 66/69/66 2257/2408/2257 67/70/67
f 2257/2408/2257 71/74/71 68/71/68
f 76/80/76 58/61/58 80/86/80
f 80/92/80 58/76/58 72/75/72
f 75/79/75 70/73/70 69/72/69
f 77/81/77 75/79/75 74/78/74
f 77/84/77 79/83/79 140/153/140
f 63/66/63 70/73/70 2258/2409/2258
f 41/44/41 83/90/83 81/88/81
f 73/77/73 82/89/82 72/75/72
f 72/75/72 82/89/82 86/95/86
f 72/75/72 86/95/86 85/94/85
f 86/95/86 94/2410/94 85/94/85
f 140/153/140 79/83/79 87/96/87
f 78/93/78 85/94/85 94/2410/94
f 90/100/90 86/2411/86 84/98/84
f 94/104/94 86/2411/86 90/100/90
f 78/85/78 94/104/94 88/97/88
f 88/97/88 94/104/94 93/103/93
f 2254/2405/2254 92/102/92 83/90/83
f 2254/2405/2254 2259/2412/2259 92/102/92
f 92/102/92 2259/2412/2259 253/271/253
f 84/91/84 92/102/92 253/271/253
f 89/99/89 84/98/84 253/274/253
f 89/99/89 253/274/253 235/253/235
f 237/255/237 93/103/93 90/100/90
f 90/100/90 2260/2413/2260 237/255/237
f 93/103/93 237/255/237 2261/2414/2261
f 87/96/87 88/97/88 150/165/150
f 150/165/150 88/97/88 136/148/136
f 150/165/150 136/148/136 135/147/135
f 93/103/93 2261/2414/2261 88/97/88
f 88/97/88 2261/2414/2261 136/148/136
f 48/51/48 100/110/100 45/48/45
f 91/101/91 51/54/51 112/122/112
f 14/16/14 13/15/13 61/64/61
f 61/64/61 54/57/54 66/69/66
f 68/71/68 67/70/67 2257/2408/2257
f 56/59/56 71/74/71 2257/2408/2257
f 2257/2408/2257 66/69/66 2256/2407/2256
f 71/74/71 57/60/57 76/80/76
f 2258/2409/2258 64/67/64 63/66/63
f 140/153/140 87/96/87 150/165/150
f 646/693/646 527/564/527 643/690/643
f 102/112/102 643/690/643 527/564/527
f 527/564/527 526/563/526 99/109/99
f 99/109/99 532/569/532 96/106/96
f 101/111/101 91/101/91 112/122/112
f 99/109/99 102/112/102 527/564/527
f 106/116/106 103/113/103 109/119/109
f 110/120/110 108/118/108 2262/2415/2262
f 110/120/110 2262/2415/2262 670/717/670
f 670/717/670 2263/2416/2263 672/719/672
f 112/122/112 51/54/51 111/121/111
f 111/121/111 51/54/51 62/65/62
f 2262/2415/2262 108/118/108 115/125/115
f 117/127/117 2264/2417/2264 115/125/115
f 116/126/116 870/927/870 117/127/117
f 873/930/873 870/927/870 116/126/116
f 873/930/873 116/126/116 2265/2418/2265
f 875/932/875 873/930/873 2265/2418/2265
f 120/130/120 70/73/70 131/143/131
f 2258/2409/2258 119/129/119 64/67/64
f 2258/2409/2258 70/73/70 120/130/120
f 2258/2409/2258 120/130/120 119/129/119
f 96/106/96 95/105/95 99/109/99
f 110/120/110 670/717/670 105/115/105
f 2263/2416/2263 670/717/670 2262/2415/2262
f 2263/2416/2263 2262/2415/2262 115/125/115
f 2263/2416/2263 115/125/115 2264/2417/2264
f 120/130/120 131/143/131 133/145/133
f 122/132/122 2266/2419/2266 123/133/123
f 122/132/122 2267/2420/2267 2266/2419/2266
f 122/132/122 126/138/126 879/936/879
f 127/139/127 883/940/883 128/140/128
f 880/941/880 126/136/126 128/140/128
f 70/73/70 75/79/75 131/143/131
f 131/143/131 75/79/75 130/142/130
f 75/79/75 77/81/77 130/142/130
f 138/150/138 150/165/150 135/147/135
f 2261/2414/2261 2268/2421/2268 136/148/136
f 2268/2421/2268 137/149/137 136/148/136
f 243/261/243 137/149/137 2268/2421/2268
f 2268/2421/2268 2261/2414/2261 243/261/243
f 2269/2422/2269 139/151/139 137/149/137
f 137/149/137 243/261/243 2269/2422/2269
f 141/154/141 140/153/140 147/162/147
f 140/153/140 150/165/150 147/162/147
f 139/151/139 2269/2422/2269 154/169/154
f 168/183/168 158/173/158 152/167/152
f 152/167/152 2270/2423/2270 168/183/168
f 2270/2423/2270 152/167/152 154/169/154
f 2270/2423/2270 2271/2424/2271 169/184/169
f 169/184/169 2271/2424/2271 160/175/160
f 2272/2425/2272 159/174/159 160/175/160
f 2272/2425/2272 160/175/160 2273/2426/2273
f 160/175/160 2271/2424/2271 2273/2426/2273
f 166/181/166 161/176/161 162/177/162
f 166/181/166 167/182/167 884/942/884
f 2272/2425/2272 170/185/170 159/174/159
f 328/352/328 170/185/170 2272/2425/2272
f 2274/2427/2274 167/182/167 170/185/170
f 328/352/328 2274/2427/2274 170/185/170
f 2267/2420/2267 2265/2418/2265 2266/2419/2266
f 126/138/126 880/937/880 879/936/879
f 129/152/129 77/84/77 140/153/140
f 169/184/169 168/183/168 2270/2423/2270
f 433/457/433 1343/1432/1343 171/186/171
f 1343/1432/1343 1342/1431/1342 171/186/171
f 2275/2428/2275 171/186/171 1342/1431/1342
f 172/187/172 171/186/171 2275/2428/2275
f 180/195/180 172/187/172 195/210/195
f 176/191/176 435/459/435 434/458/434
f 175/190/175 174/189/174 2252/2401/2252
f 2253/2402/2253 33/36/33 192/207/192
f 192/207/192 2276/2429/2276 2253/2402/2253
f 2276/2429/2276 2255/2406/2255 2253/2402/2253
f 196/211/196 37/40/37 2255/2406/2255
f 176/191/176 432/456/432 178/193/178
f 182/197/182 191/206/191 183/198/183
f 191/206/191 2277/2430/2277 183/198/183
f 190/205/190 181/196/181 1387/1476/1387
f 1387/1476/1387 181/196/181 195/210/195
f 211/226/211 194/209/194 183/198/183
f 193/208/193 194/209/194 211/226/211
f 183/198/183 2277/2430/2277 211/226/211
f 232/250/232 211/226/211 2277/2430/2277
f 187/202/187 2252/2401/2252 174/189/174
f 173/188/173 178/193/178 432/456/432
f 187/202/187 189/204/189 192/207/192
f 196/211/196 2255/2406/2255 2276/2429/2276
f 40/43/40 196/211/196 199/214/199
f 196/211/196 2276/2429/2276 197/212/197
f 196/211/196 198/213/198 199/214/199
f 2254/2405/2254 199/214/199 200/215/200
f 200/215/200 2259/2412/2259 2254/2405/2254
f 2259/2412/2259 200/215/200 2278/2431/2278
f 216/231/216 2278/2431/2278 212/227/212
f 2277/2430/2277 203/218/203 232/250/232
f 191/206/191 201/216/201 203/218/203
f 201/216/201 190/205/190 202/217/202
f 192/207/192 206/221/206 2276/2429/2276
f 206/221/206 192/207/192 193/208/193
f 206/221/206 193/208/193 211/226/211
f 197/212/197 2276/2429/2276 206/221/206
f 211/226/211 204/219/204 206/221/206
f 203/218/203 202/217/202 219/234/219
f 208/223/208 212/227/212 2278/2431/2278
f 217/232/217 257/277/257 214/229/214
f 218/233/218 217/232/217 213/228/213
f 220/235/220 2279/2432/2279 221/236/221
f 2280/2433/2280 2279/2432/2279 2281/2434/2281
f 221/236/221 2279/2432/2279 2280/2433/2280
f 2280/2433/2280 2281/2434/2281 222/237/222
f 222/237/222 221/236/221 2280/2433/2280
f 224/239/224 222/237/222 2282/2435/2282
f 233/251/233 2282/2435/2282 226/241/226
f 223/238/223 233/251/233 226/241/226
f 229/246/229 2283/2436/2283 230/248/230
f 229/246/229 228/243/228 2284/2437/2284
f 229/246/229 2284/2437/2284 2283/2436/2283
f 231/300/231 227/247/227 230/248/230
f 191/206/191 203/218/203 2277/2430/2277
f 191/206/191 190/205/190 201/216/201
f 208/223/208 2278/2431/2278 200/215/200
f 2279/2432/2279 220/235/220 219/234/219
f 233/251/233 224/239/224 2282/2435/2282
f 230/248/230 2283/2436/2283 1546/1646/1546
f 2259/2412/2259 2278/2431/2278 254/272/254
f 2259/2412/2259 254/272/254 253/271/253
f 254/272/254 2278/2431/2278 216/231/216
f 2260/2413/2260 89/99/89 234/252/234
f 89/99/89 235/253/235 234/252/234
f 90/100/90 89/99/89 2260/2413/2260
f 2260/2413/2260 234/252/234 237/255/237
f 2261/2414/2261 237/255/237 243/261/243
f 243/261/243 237/255/237 238/256/238
f 2269/2422/2269 243/261/243 245/263/245
f 2285/2438/2285 2269/2422/2269 245/263/245
f 245/263/245 247/265/247 2285/2438/2285
f 247/265/247 332/356/332 2285/2438/2285
f 244/262/244 250/268/250 247/265/247
f 247/265/247 2286/2439/2286 332/356/332
f 250/268/250 249/267/249 247/265/247
f 2286/2439/2286 247/265/247 249/267/249
f 2286/2439/2286 249/267/249 2287/2440/2287
f 248/266/248 297/321/297 249/267/249
f 257/277/257 254/272/254 216/231/216
f 2285/2438/2285 154/169/154 2269/2422/2269
f 2270/2423/2270 154/169/154 2285/2438/2285
f 297/321/297 248/266/248 298/322/298
f 248/266/248 252/270/252 273/295/273
f 251/269/251 305/329/305 273/295/273
f 273/295/273 298/322/298 248/266/248
f 251/269/251 274/296/274 305/329/305
f 305/329/305 274/296/274 288/311/288
f 289/312/289 288/311/288 274/296/274
f 288/311/288 320/344/320 314/338/314
f 320/344/320 288/311/288 287/310/287
f 217/232/217 258/278/258 257/277/257
f 258/278/258 217/232/217 276/316/276
f 276/316/276 217/232/217 218/233/218
f 278/301/278 231/300/231 230/248/230
f 279/302/279 230/248/230 1546/1646/1546
f 2288/2441/2288 283/306/283 279/302/279
f 285/308/285 283/306/283 2288/2441/2288
f 1546/1646/1546 2288/2441/2288 279/302/279
f 2289/2442/2289 287/310/287 290/313/290
f 285/308/285 2290/2443/2290 2291/2444/2291
f 286/309/286 285/308/285 2291/2444/2291
f 290/313/290 286/309/286 2292/2445/2292
f 286/309/286 2291/2444/2291 2293/2446/2293
f 286/309/286 2293/2446/2293 2292/2445/2292
f 214/229/214 257/277/257 216/231/216
f 297/321/297 2287/2440/2287 249/267/249
f 231/249/231 276/316/276 218/233/218
f 279/302/279 278/301/278 230/248/230
f 290/313/290 292/315/292 2289/2442/2289
f 2292/2445/2292 291/314/291 290/313/290
f 291/314/291 2292/2445/2292 2190/2336/2190
f 332/356/332 2286/2439/2286 294/318/294
f 2286/2439/2286 2287/2440/2287 294/318/294
f 2270/2423/2270 332/356/332 2271/2424/2271
f 2271/2424/2271 332/356/332 302/326/302
f 293/317/293 302/326/302 332/356/332
f 295/319/295 294/318/294 2287/2440/2287
f 295/319/295 2287/2440/2287 297/321/297
f 303/327/303 293/317/293 333/357/333
f 2294/2447/2294 333/357/333 295/319/295
f 2294/2447/2294 326/350/326 333/357/333
f 2294/2447/2294 295/319/295 304/328/304
f 308/332/308 326/350/326 2294/2447/2294
f 304/328/304 308/332/308 2294/2447/2294
f 288/311/288 313/337/313 305/329/305
f 301/325/301 305/329/305 313/337/313
f 301/325/301 313/337/313 312/336/312
f 313/337/313 288/311/288 314/338/314
f 306/330/306 308/332/308 304/328/304
f 304/328/304 309/333/309 306/330/306
f 304/328/304 300/324/300 309/333/309
f 311/335/311 309/333/309 316/340/316
f 2295/2448/2295 307/331/307 310/334/310
f 317/341/317 310/334/310 316/340/316
f 310/334/310 311/335/311 316/340/316
f 2295/2448/2295 2296/2449/2296 723/770/723
f 310/334/310 330/354/330 2295/2448/2295
f 320/344/320 287/310/287 318/342/318
f 2297/2450/2297 319/343/319 318/342/318
f 2297/2450/2297 2298/2451/2298 319/343/319
f 2271/2424/2271 302/326/302 303/327/303
f 2273/2426/2273 2271/2424/2271 303/327/303
f 325/349/325 2272/2425/2272 2273/2426/2273
f 2272/2425/2272 325/349/325 328/352/328
f 325/349/325 2273/2426/2273 303/327/303
f 303/327/303 333/357/333 325/349/325
f 2299/2452/2299 2274/2427/2274 327/351/327
f 329/353/329 2300/2453/2300 327/351/327
f 2300/2453/2300 329/353/329 307/331/307
f 2300/2453/2300 307/331/307 2295/2448/2295
f 2295/2448/2295 2301/2454/2301 2300/2453/2300
f 813/870/813 327/351/327 2300/2453/2300
f 292/315/292 318/342/318 2289/2442/2289
f 292/315/292 291/314/291 2302/2455/2302
f 292/315/292 2297/2450/2297 318/342/318
f 2302/2455/2302 2298/2451/2298 292/315/292
f 2295/2448/2295 330/354/330 2296/2449/2296
f 2303/2456/2303 2296/2449/2296 330/354/330
f 330/354/330 331/355/331 2303/2456/2303
f 742/789/742 741/788/741 322/346/322
f 331/355/331 322/346/322 741/788/741
f 322/346/322 323/347/323 742/789/742
f 319/343/319 2298/2451/2298 2304/2457/2304
f 319/343/319 2304/2457/2304 2189/2335/2189
f 323/347/323 319/343/319 2305/2458/2305
f 742/789/742 323/347/323 2305/2458/2305
f 2305/2458/2305 319/343/319 2189/2335/2189
f 2297/2450/2297 292/315/292 2298/2451/2298
f 2285/2438/2285 332/356/332 2270/2423/2270
f 333/357/333 326/350/326 325/349/325
f 310/334/310 317/341/317 330/354/330
f 318/342/318 287/310/287 2289/2442/2289
f 327/351/327 2274/2427/2274 328/352/328
f 813/870/813 2299/2452/2299 327/351/327
f 342/366/342 341/365/341 444/468/444
f 342/366/342 444/468/444 2306/2459/2306
f 342/366/342 368/392/368 343/367/343
f 343/367/343 368/392/368 366/390/366
f 334/358/334 336/360/336 340/364/340
f 334/358/334 340/364/340 337/361/337
f 338/362/338 335/359/335 334/358/334
f 346/370/346 356/380/356 2307/2460/2307
f 340/364/340 346/370/346 2307/2460/2307
f 340/364/340 2307/2460/2307 341/365/341
f 347/371/347 348/372/348 378/402/378
f 350/374/350 351/375/351 382/406/382
f 353/377/353 409/433/409 351/375/351
f 2308/2461/2308 409/433/409 353/377/353
f 353/377/353 354/378/354 2308/2461/2308
f 344/368/344 357/381/357 355/379/355
f 355/379/355 354/378/354 352/376/352
f 385/409/385 2309/2462/2309 345/369/345
f 347/371/347 385/409/385 345/369/345
f 342/366/342 2306/2459/2306 368/392/368
f 2307/2460/2307 443/467/443 341/365/341
f 444/468/444 341/365/341 443/467/443
f 340/364/340 339/363/339 337/361/337
f 372/396/372 2308/2461/2308 354/378/354
f 361/385/361 354/378/354 355/379/355
f 363/387/363 362/386/362 1232/1314/1232
f 1232/1314/1232 362/386/362 364/388/364
f 344/368/344 343/367/343 366/390/366
f 344/368/344 365/389/365 358/382/358
f 365/389/365 344/368/344 366/390/366
f 367/391/367 368/392/368 469/496/469
f 368/392/368 467/494/467 469/496/469
f 367/391/367 469/496/469 369/393/369
f 369/393/369 1280/1364/1280 364/388/364
f 1280/1364/1280 369/393/369 1281/1365/1281
f 376/400/376 1331/1420/1331 373/397/373
f 371/395/371 2308/2461/2308 372/396/372
f 376/400/376 374/398/374 375/399/375
f 372/396/372 354/378/354 361/385/361
f 349/373/349 350/374/350 377/401/377
f 382/406/382 377/401/377 350/374/350
f 380/404/380 379/403/379 410/434/410
f 379/403/379 382/406/382 410/434/410
f 347/371/347 378/402/378 385/409/385
f 385/409/385 387/411/387 2309/2462/2309
f 386/410/386 384/408/384 391/415/391
f 539/2463/539 395/419/395 398/422/398
f 539/2463/539 398/422/398 5/2399/5
f 381/405/381 400/424/400 401/425/401
f 21/24/21 408/432/408 404/428/404
f 21/24/21 407/431/407 408/432/408
f 399/423/399 2/2/2 1/1/1
f 2/2/2 399/423/399 406/430/406
f 404/428/404 2250/2398/2250 21/24/21
f 399/423/399 1/1/1 398/422/398
f 407/431/407 21/24/21 406/430/406
f 373/397/373 411/435/411 371/395/371
f 1331/1420/1331 412/436/412 373/397/373
f 412/436/412 1329/1418/1329 427/451/427
f 416/440/416 423/447/423 2308/2461/2308
f 416/440/416 371/395/371 411/435/411
f 371/395/371 416/440/416 2308/2461/2308
f 410/434/410 422/446/422 380/404/380
f 433/457/433 430/454/430 1343/1432/1343
f 1343/1432/1343 430/454/430 428/452/428
f 433/457/433 171/186/171 432/456/432
f 435/459/435 402/426/402 401/425/401
f 425/449/425 176/191/176 426/450/426
f 176/191/176 434/458/434 426/450/426
f 436/460/436 2250/2398/2250 404/428/404
f 409/433/409 382/406/382 351/375/351
f 2308/2461/2308 423/447/423 409/433/409
f 171/186/171 173/188/173 432/456/432
f 401/425/401 400/424/400 435/459/435
f 425/449/425 432/456/432 176/191/176
f 404/428/404 402/426/402 435/459/435
f 443/467/443 488/519/488 440/464/440
f 437/461/437 440/464/440 488/519/488
f 444/468/444 443/467/443 442/466/442
f 2306/2459/2306 444/468/444 459/486/459
f 448/472/448 468/495/468 459/486/459
f 2307/2460/2307 488/519/488 443/467/443
f 437/461/437 450/474/450 438/462/438
f 539/576/539 5/5/5 2248/2396/2248
f 471/498/471 453/478/453 455/481/455
f 447/471/447 453/478/453 465/492/465
f 465/492/465 453/478/453 471/498/471
f 471/498/471 455/481/455 461/488/461
f 450/474/450 500/543/500 449/473/449
f 502/535/502 449/477/449 500/532/500
f 449/477/449 502/535/502 451/475/451
f 451/475/451 502/535/502 677/724/677
f 461/488/461 456/482/456 472/499/472
f 472/507/472 456/483/456 457/484/457
f 2307/2460/2307 356/380/356 488/519/488
f 458/485/458 454/479/454 460/487/460
f 369/393/369 462/489/462 1281/1365/1281
f 447/471/447 465/492/465 448/472/448
f 467/494/467 448/472/448 465/492/465
f 464/491/464 467/494/467 465/492/465
f 478/505/478 562/599/562 563/600/563
f 473/506/473 478/505/478 563/600/563
f 462/489/462 463/490/463 479/508/479
f 479/508/479 476/503/476 480/509/480
f 479/508/479 480/509/480 462/489/462
f 562/599/562 478/505/478 472/507/472
f 473/2464/473 563/608/563 570/607/570
f 477/2465/477 473/2464/473 570/607/570
f 477/2465/477 570/607/570 1656/1761/1656
f 368/392/368 2306/2459/2306 459/486/459
f 368/392/368 459/486/459 468/495/468
f 356/380/356 486/517/486 488/519/488
f 2309/2462/2309 511/545/511 482/511/482
f 490/521/490 497/529/497 489/520/489
f 623/670/623 504/537/504 507/540/507
f 505/538/505 504/537/504 674/721/674
f 482/511/482 345/369/345 2309/2462/2309
f 345/369/345 482/511/482 356/380/356
f 495/526/495 509/542/509 506/539/506
f 509/542/509 625/672/625 506/539/506
f 508/541/508 496/527/496 524/561/524
f 524/561/524 625/672/625 509/542/509
f 625/672/625 524/561/524 2310/2466/2310
f 437/461/437 488/519/488 487/518/487
f 497/529/497 482/528/482 511/550/511
f 505/538/505 674/721/674 503/536/503
f 524/561/524 509/542/509 508/541/508
f 489/520/489 497/529/497 514/549/514
f 510/544/510 489/520/489 514/549/514
f 493/524/493 489/520/489 510/544/510
f 512/546/512 386/548/386 391/2467/391
f 517/553/517 512/546/512 391/2467/391
f 391/2467/391 395/555/395 517/553/517
f 524/561/524 496/527/496 520/557/520
f 2310/2466/2310 524/561/524 523/560/523
f 528/565/528 527/564/527 646/693/646
f 99/109/99 536/573/536 534/571/534
f 537/574/537 99/109/99 526/563/526
f 532/569/532 99/109/99 534/571/534
f 96/106/96 533/570/533 45/48/45
f 533/570/533 96/106/96 532/569/532
f 538/575/538 539/576/539 2249/2397/2249
f 2248/2396/2248 2249/2397/2249 539/576/539
f 387/411/387 511/545/511 2309/2462/2309
f 497/529/497 511/550/511 514/549/514
f 519/556/519 395/555/395 539/576/539
f 523/560/523 528/565/528 2310/2466/2310
f 536/573/536 99/109/99 537/574/537
f 538/575/538 45/48/45 533/570/533
f 543/580/543 2311/2468/2311 458/485/458
f 547/584/547 2311/2468/2311 543/580/543
f 457/484/457 2311/2468/2311 562/599/562
f 2311/2468/2311 547/584/547 562/599/562
f 548/585/548 697/744/697 559/596/559
f 559/596/559 588/631/588 549/586/549
f 678/725/678 551/588/551 541/578/541
f 545/582/545 554/591/554 553/590/553
f 553/590/553 555/592/555 545/582/545
f 557/594/557 545/582/545 555/592/555
f 555/592/555 561/598/561 560/597/560
f 557/594/557 558/595/558 569/606/569
f 552/589/552 549/586/549 583/626/583
f 556/593/556 552/589/552 583/626/583
f 572/611/572 558/595/558 560/597/560
f 572/611/572 560/597/560 561/598/561
f 546/583/546 564/601/564 547/584/547
f 546/583/546 544/581/544 564/601/564
f 564/601/564 544/581/544 569/606/569
f 544/581/544 557/594/557 569/606/569
f 540/577/540 543/580/543 458/485/458
f 548/585/548 551/588/551 684/731/684
f 457/484/457 562/599/562 472/507/472
f 573/612/573 572/611/572 606/649/606
f 568/605/568 558/595/558 572/611/572
f 573/612/573 581/624/581 571/610/571
f 576/615/576 567/604/567 574/613/574
f 576/616/576 575/619/575 578/618/578
f 579/620/579 575/619/575 582/623/582
f 582/623/582 581/622/581 608/651/608
f 1656/1761/1656 570/607/570 1657/1762/1657
f 573/612/573 607/650/607 581/624/581
f 574/613/574 567/604/567 566/603/566
f 1657/1762/1657 570/607/570 577/617/577
f 569/606/569 558/595/558 568/605/568
f 1637/1742/1637 1657/1762/1657 577/617/577
f 559/596/559 2312/2469/2312 588/631/588
f 2312/2469/2312 589/632/589 588/631/588
f 2312/2469/2312 701/748/701 589/632/589
f 561/598/561 556/593/556 584/627/584
f 586/629/586 602/645/602 584/627/584
f 589/632/589 701/748/701 590/633/590
f 2313/2470/2313 948/1014/948 2314/2471/2314
f 601/644/601 600/643/600 2314/2471/2314
f 584/627/584 602/645/602 606/649/606
f 606/649/606 602/645/602 605/648/605
f 586/629/586 596/639/596 603/646/603
f 602/645/602 586/629/586 603/646/603
f 561/598/561 606/649/606 572/611/572
f 573/612/573 606/649/606 607/650/607
f 2315/2472/2315 618/663/618 614/666/614
f 582/623/582 608/651/608 620/667/620
f 615/660/615 616/661/616 620/667/620
f 1751/1867/1751 618/663/618 2315/2472/2315
f 619/664/619 618/663/618 1751/1867/1751
f 612/657/612 599/642/599 598/641/598
f 598/641/598 601/644/601 622/669/622
f 614/666/614 622/992/622 929/991/929
f 608/651/608 581/622/581 607/652/607
f 628/675/628 624/671/624 625/672/625
f 675/722/675 623/670/623 626/673/626
f 626/673/626 627/674/627 688/735/688
f 628/675/628 625/672/625 2310/2466/2310
f 628/675/628 2310/2466/2310 528/565/528
f 645/692/645 630/677/630 631/678/631
f 631/678/631 640/687/640 645/692/645
f 640/687/640 648/695/648 645/692/645
f 635/682/635 645/692/645 651/698/651
f 632/679/632 638/685/638 2316/2473/2316
f 695/742/695 632/679/632 2316/2473/2316
f 627/674/627 633/680/633 688/735/688
f 643/690/643 641/688/641 646/693/646
f 639/686/639 646/693/646 641/688/641
f 640/687/640 642/689/642 648/695/648
f 639/686/639 640/687/640 631/678/631
f 647/694/647 645/692/645 648/695/648
f 635/682/635 656/703/656 658/705/658
f 645/692/645 647/694/647 651/698/651
f 658/705/658 637/684/637 636/683/636
f 638/685/638 637/684/637 658/705/658
f 638/685/638 658/705/658 653/700/653
f 2316/2473/2316 652/699/652 663/710/663
f 659/706/659 657/704/657 662/709/662
f 664/711/664 818/875/818 819/876/819
f 703/750/703 664/711/664 819/876/819
f 703/750/703 819/876/819 820/877/820
f 655/702/655 660/707/660 665/712/665
f 660/707/660 2317/2474/2317 665/712/665
f 654/701/654 665/712/665 664/711/664
f 103/113/103 666/713/666 643/690/643
f 643/690/643 666/713/666 644/691/644
f 644/691/644 667/714/667 642/689/642
f 666/713/666 667/714/667 644/691/644
f 105/115/105 670/717/670 669/716/669
f 666/713/666 105/115/105 669/716/669
f 673/720/673 671/718/671 2318/2475/2318
f 672/719/672 2263/2416/2263 2319/2476/2319
f 2319/2476/2319 2263/2416/2263 2264/2417/2264
f 671/718/671 672/719/672 2318/2475/2318
f 2264/2417/2264 117/127/117 2318/2475/2318
f 672/719/672 2319/2476/2319 2318/2475/2318
f 658/705/658 636/683/636 635/682/635
f 667/714/667 648/695/648 642/689/642
f 656/703/656 635/682/635 651/698/651
f 2316/2473/2316 638/685/638 652/699/652
f 664/711/664 665/712/665 818/875/818
f 659/706/659 662/709/662 660/707/660
f 643/690/643 102/112/102 103/113/103
f 503/536/503 674/721/674 501/534/501
f 682/729/682 501/534/501 674/721/674
f 675/722/675 674/721/674 504/537/504
f 460/487/460 451/475/451 677/724/677
f 460/487/460 677/724/677 679/726/679
f 679/726/679 540/577/540 460/487/460
f 540/577/540 458/485/458 460/487/460
f 457/484/457 458/485/458 2311/2468/2311
f 502/535/502 681/728/681 677/724/677
f 682/729/682 681/728/681 502/535/502
f 686/733/686 676/723/676 685/732/685
f 687/734/687 698/745/698 697/744/697
f 697/744/697 684/731/684 687/734/687
f 548/585/548 684/731/684 697/744/697
f 683/730/683 551/588/551 678/725/678
f 688/735/688 685/732/685 626/673/626
f 633/680/633 689/736/689 688/735/688
f 689/736/689 633/680/633 2320/2477/2320
f 689/736/689 2320/2477/2320 692/739/692
f 689/736/689 691/738/691 690/737/690
f 504/537/504 623/670/623 675/722/675
f 501/534/501 682/729/682 502/535/502
f 691/738/691 698/745/698 687/734/687
f 541/578/541 540/577/540 678/725/678
f 626/673/626 685/732/685 675/722/675
f 691/738/691 689/736/689 692/739/692
f 691/738/691 693/740/693 698/745/698
f 692/739/692 2320/2477/2320 694/741/694
f 694/741/694 633/680/633 632/679/632
f 697/744/697 693/740/693 559/596/559
f 559/596/559 699/746/699 2312/2469/2312
f 695/742/695 663/710/663 702/749/702
f 702/749/702 663/710/663 664/711/664
f 704/751/704 703/750/703 820/877/820
f 820/877/820 829/886/829 704/751/704
f 2320/2477/2320 633/680/633 694/741/694
f 2312/2469/2312 699/746/699 701/748/701
f 695/742/695 2316/2473/2316 663/710/663
f 2301/2454/2301 2295/2448/2295 723/770/723
f 731/778/731 2301/2454/2301 723/770/723
f 711/758/711 708/755/708 709/756/709
f 708/755/708 711/758/711 706/753/706
f 711/758/711 810/2478/810 706/753/706
f 810/2478/810 711/758/711 710/757/710
f 2321/2479/2321 733/780/733 727/774/727
f 727/774/727 2322/2480/2322 2321/2479/2321
f 707/754/707 713/760/713 729/776/729
f 713/760/713 727/774/727 729/776/729
f 713/760/713 2322/2480/2322 727/774/727
f 730/777/730 737/784/737 715/762/715
f 715/762/715 737/784/737 718/765/718
f 716/763/716 708/755/708 715/762/715
f 722/769/722 721/768/721 720/767/720
f 721/768/721 1060/1135/1060 712/759/712
f 710/757/710 712/759/712 1060/1135/1060
f 728/775/728 731/778/731 723/770/723
f 2296/2449/2296 724/771/724 723/770/723
f 733/780/733 2323/2481/2323 732/779/732
f 761/809/761 2301/2454/2301 731/778/731
f 2323/2481/2323 761/809/761 731/778/731
f 737/784/737 739/786/739 718/765/718
f 724/771/724 2296/2449/2296 734/781/734
f 2303/2456/2303 734/781/734 2296/2449/2296
f 734/781/734 2303/2456/2303 738/785/738
f 2303/2456/2303 331/355/331 738/785/738
f 741/788/741 743/790/743 2324/2482/2324
f 741/788/741 2324/2482/2324 740/787/740
f 738/785/738 740/787/740 2324/2482/2324
f 2027/2164/2027 744/791/744 2024/2161/2024
f 2325/2483/2325 744/791/744 2027/2164/2027
f 2325/2483/2325 719/766/719 744/791/744
f 2325/2483/2325 722/769/722 719/766/719
f 743/790/743 742/789/742 2305/2458/2305
f 2305/2458/2305 2063/2200/2063 743/790/743
f 2323/2481/2323 731/778/731 732/779/732
f 744/791/744 739/786/739 2024/2161/2024
f 2326/2484/2326 764/812/764 745/792/745
f 764/812/764 763/811/763 745/792/745
f 745/2485/745 2327/2486/2327 2326/2487/2326
f 2327/2486/2327 745/2485/745 748/795/748
f 748/795/748 745/2485/745 747/801/747
f 749/796/749 748/795/748 747/801/747
f 752/799/752 748/795/748 750/797/750
f 2328/2488/2328 884/942/884 167/182/167
f 2328/2488/2328 167/182/167 2274/2427/2274
f 2328/2488/2328 757/805/757 910/970/910
f 757/805/757 764/812/764 910/970/910
f 764/812/764 757/805/757 756/804/756
f 2274/2427/2274 2299/2452/2299 757/805/757
f 757/805/757 2299/2452/2299 813/870/813
f 813/870/813 2300/2453/2300 760/808/760
f 760/808/760 2300/2453/2300 2301/2454/2301
f 760/808/760 2301/2454/2301 761/809/761
f 762/810/762 761/809/761 2323/2481/2323
f 2329/2489/2329 2330/2490/2330 2331/2491/2331
f 2330/2490/2330 2329/2489/2329 2332/2492/2332
f 864/921/864 2330/2490/2330 2332/2492/2332
f 769/818/769 2331/2491/2331 866/923/866
f 913/973/913 914/974/914 772/821/772
f 772/821/772 914/974/914 773/822/773
f 814/871/814 776/825/776 775/824/775
f 777/826/777 810/865/810 778/827/778
f 814/871/814 782/831/782 776/825/776
f 805/858/805 804/857/804 782/831/782
f 814/871/814 770/819/770 782/831/782
f 770/819/770 814/871/814 780/829/780
f 780/829/780 785/834/785 783/832/783
f 767/816/767 783/832/783 2329/2489/2329
f 815/872/815 791/843/791 790/842/790
f 915/975/915 791/843/791 815/872/815
f 915/975/915 815/872/815 914/974/914
f 788/840/788 909/969/909 753/800/753
f 754/814/754 812/869/812 796/849/796
f 805/858/805 802/855/802 804/857/804
f 809/864/809 808/863/808 706/753/706
f 809/864/809 810/2478/810 807/862/807
f 778/839/778 1059/1134/1059 787/838/787
f 808/863/808 795/848/795 2322/2480/2322
f 810/2478/810 809/864/809 706/753/706
f 810/2478/810 1059/1134/1059 778/839/778
f 1059/1134/1059 810/2478/810 710/757/710
f 796/849/796 2321/2479/2321 2322/2480/2322
f 808/863/808 2322/2480/2322 713/760/713
f 2323/2481/2323 796/849/796 812/869/812
f 2323/2481/2323 733/780/733 796/849/796
f 765/813/765 762/810/762 2323/2481/2323
f 812/869/812 765/813/765 2323/2481/2323
f 2328/2488/2328 2274/2427/2274 757/805/757
f 2329/2489/2329 2331/2491/2331 769/818/769
f 866/923/866 774/823/774 769/818/769
f 769/818/769 767/816/767 2329/2489/2329
f 769/818/769 774/823/774 768/817/768
f 804/857/804 776/825/776 782/831/782
f 895/953/895 909/969/909 788/840/788
f 895/953/895 788/840/788 791/843/791
f 914/974/914 815/872/815 773/822/773
f 795/848/795 796/849/796 2322/2480/2322
f 706/753/706 808/863/808 713/760/713
f 2321/2479/2321 796/849/796 733/780/733
f 818/875/818 665/712/665 817/874/817
f 2317/2474/2317 839/896/839 816/873/816
f 665/712/665 2317/2474/2317 816/873/816
f 816/873/816 839/896/839 822/879/822
f 704/751/704 829/886/829 705/752/705
f 2313/2470/2313 2333/2493/2333 2334/2494/2334
f 2333/2493/2333 850/907/850 2334/2494/2334
f 949/1015/949 2334/2494/2334 950/1016/950
f 2334/2494/2334 850/907/850 950/1016/950
f 2335/2495/2335 846/903/846 845/902/845
f 2335/2495/2335 845/902/845 2336/2496/2336
f 845/902/845 2337/2497/2337 2336/2496/2336
f 2335/2495/2335 848/905/848 846/903/846
f 850/907/850 2333/2493/2333 826/883/826
f 850/907/850 849/906/849 964/1030/964
f 964/1030/964 849/906/849 847/904/847
f 852/909/852 2338/2498/2338 855/912/855
f 855/912/855 2338/2498/2338 894/952/894
f 894/952/894 896/954/896 855/912/855
f 855/912/855 896/954/896 860/917/860
f 861/918/861 896/954/896 913/973/913
f 860/917/860 896/954/896 861/918/861
f 864/921/864 2337/2497/2337 845/902/845
f 864/921/864 2336/2496/2336 2337/2497/2337
f 2336/2496/2336 864/921/864 991/1061/991
f 863/920/863 859/916/859 865/922/865
f 865/922/865 2331/2491/2331 2330/2490/2330
f 864/921/864 865/922/865 2330/2490/2330
f 774/823/774 913/973/913 772/821/772
f 839/896/839 891/949/891 852/909/852
f 891/949/891 2338/2498/2338 852/909/852
f 894/952/894 2338/2498/2338 891/949/891
f 850/907/850 833/890/833 849/906/849
f 861/918/861 913/973/913 774/823/774
f 859/916/859 866/923/866 865/922/865
f 2331/2491/2331 865/922/865 866/923/866
f 660/707/660 662/709/662 885/943/885
f 660/707/660 885/943/885 2317/2474/2317
f 885/943/885 839/896/839 2317/2474/2317
f 2319/2476/2319 2264/2417/2264 2318/2475/2318
f 868/925/868 2318/2475/2318 117/127/117
f 673/720/673 867/924/867 661/708/661
f 673/720/673 2318/2475/2318 868/925/868
f 2265/2418/2265 2267/2420/2267 875/932/875
f 874/931/874 873/930/873 875/932/875
f 875/932/875 2267/2420/2267 879/936/879
f 875/932/875 879/936/879 876/933/876
f 883/940/883 127/139/127 881/938/881
f 128/140/128 883/940/883 880/941/880
f 839/896/839 885/943/885 891/949/891
f 891/949/891 892/950/892 894/952/894
f 764/812/764 902/962/902 903/963/903
f 904/964/904 916/977/916 2326/2487/2326
f 764/812/764 903/963/903 910/970/910
f 2326/2484/2326 902/962/902 764/812/764
f 916/976/916 902/962/902 2326/2484/2326
f 904/964/904 748/795/748 907/967/907
f 907/967/907 748/795/748 752/799/752
f 907/967/907 752/799/752 909/969/909
f 752/799/752 753/800/753 909/969/909
f 161/176/161 166/181/166 884/942/884
f 910/970/910 884/942/884 2328/2488/2328
f 896/954/896 893/951/893 912/972/912
f 896/954/896 911/971/911 913/973/913
f 915/975/915 914/974/914 911/971/911
f 2267/2420/2267 122/132/122 879/936/879
f 881/938/881 161/176/161 884/942/884
f 904/964/904 2326/2487/2326 2327/2486/2327
f 904/964/904 2327/2486/2327 748/795/748
f 881/938/881 127/139/127 161/176/161
f 791/843/791 915/975/915 895/953/895
f 929/991/929 917/978/917 614/666/614
f 2315/2472/2315 614/666/614 917/978/917
f 919/980/919 1751/1867/1751 2315/2472/2315
f 920/981/920 921/982/921 924/985/924
f 1743/1859/1743 924/985/924 923/984/923
f 601/644/601 2314/2471/2314 927/988/927
f 601/644/601 927/988/927 622/669/622
f 622/669/622 927/988/927 926/987/926
f 928/994/928 935/999/935 2339/2499/2339
f 2339/2499/2339 935/999/935 934/998/934
f 928/994/928 2339/2499/2339 931/995/931
f 933/997/933 946/1011/946 934/998/934
f 931/995/931 2339/2499/2339 942/1007/942
f 2339/2499/2339 934/998/934 942/1007/942
f 936/1001/936 972/1038/972 937/1002/937
f 937/1002/937 2340/2500/2340 939/1004/939
f 933/997/933 939/1004/939 941/1006/941
f 945/1010/945 941/1006/941 1044/1117/1044
f 943/1008/943 923/984/923 922/983/922
f 943/1008/943 1746/1862/1746 923/984/923
f 1746/1862/1746 946/1011/946 944/1009/944
f 925/986/925 961/1027/961 938/1012/938
f 961/1039/961 936/1001/936 938/1003/938
f 972/1038/972 2340/2500/2340 937/1002/937
f 939/1004/939 2340/2500/2340 979/1046/979
f 939/1004/939 979/1046/979 941/1006/941
f 2315/2472/2315 917/978/917 919/980/919
f 946/1011/946 933/997/933 940/1005/940
f 934/998/934 946/1011/946 942/1007/942
f 942/1007/942 946/1011/946 943/1008/943
f 1746/1862/1746 943/1008/943 946/1011/946
f 2334/2494/2334 948/1014/948 2313/2470/2313
f 949/1015/949 948/1014/948 2334/2494/2334
f 948/1014/948 947/1013/947 2314/2471/2314
f 927/988/927 2314/2471/2314 947/1013/947
f 850/907/850 962/1028/962 950/1016/950
f 850/907/850 964/1030/964 963/1029/963
f 962/1028/962 850/907/850 963/1029/963
f 967/1033/967 848/905/848 965/1031/965
f 848/905/848 967/1033/967 952/1018/952
f 964/1030/964 847/904/847 952/1018/952
f 970/2501/970 959/1025/959 960/1026/960
f 959/1025/959 970/2501/970 971/1037/971
f 971/1037/971 970/2501/970 961/1027/961
f 972/1038/972 973/1040/973 970/1036/970
f 961/1039/961 974/1041/974 936/1001/936
f 2340/2500/2340 972/1038/972 975/1042/975
f 974/1041/974 972/1038/972 936/1001/936
f 978/1045/978 979/1046/979 2340/2500/2340
f 978/1045/978 2340/2500/2340 975/1042/975
f 980/1052/980 984/1053/984 997/1067/997
f 998/1068/998 980/1052/980 997/1067/997
f 998/2502/998 2341/2503/2341 980/1047/980
f 981/1048/981 980/1047/980 2341/2503/2341
f 983/1050/983 981/1048/981 2341/2503/2341
f 985/1055/985 983/1050/983 2342/2504/2342
f 2342/2504/2342 1001/1071/1001 2343/2505/2343
f 2343/2505/2343 2344/2506/2344 986/1056/986
f 986/1056/986 2342/2504/2342 2343/2505/2343
f 1005/1075/1005 986/1056/986 2344/2506/2344
f 987/1057/987 986/1056/986 1005/1075/1005
f 985/1055/985 2342/2504/2342 986/1056/986
f 989/1059/989 987/1057/987 1007/1077/1007
f 1009/1079/1009 1010/1080/1010 941/1006/941
f 927/988/927 947/1013/947 925/986/925
f 848/905/848 952/1018/952 847/904/847
f 973/1040/973 961/1039/961 970/1036/970
f 984/1053/984 966/1032/966 995/1065/995
f 983/1050/983 2341/2503/2341 2342/2504/2342
f 960/1026/960 958/1024/958 970/2501/970
f 990/1060/990 1009/1079/1009 941/1006/941
f 2335/2495/2335 2336/2496/2336 965/1031/965
f 965/1031/965 2336/2496/2336 991/1061/991
f 965/1031/965 992/1062/992 966/1032/966
f 945/1010/945 1044/1117/1044 1754/1870/1754
f 995/1065/995 966/1032/966 992/1062/992
f 984/1053/984 995/1065/995 997/1067/997
f 997/1067/997 995/1065/995 996/1066/996
f 998/2502/998 2345/2507/2345 2341/2503/2341
f 1002/1072/1002 2343/2505/2343 1001/1071/1001
f 998/2502/998 1026/2508/1026 2345/2507/2345
f 2345/2507/2345 1000/1070/1000 999/1069/999
f 999/1069/999 2346/2509/2346 2345/2507/2345
f 2341/2503/2341 2346/2509/2346 999/1069/999
f 1003/1073/1003 2344/2506/2344 1002/1072/1002
f 2343/2505/2343 1002/1072/1002 2344/2506/2344
f 1005/1075/1005 2344/2506/2344 1003/1073/1003
f 987/1057/987 1005/1075/1005 1007/1077/1007
f 989/1059/989 1007/1077/1007 990/1060/990
f 990/1060/990 1007/1077/1007 1009/1079/1009
f 1009/1079/1009 1008/1078/1008 1010/1080/1010
f 864/921/864 2332/2492/2332 991/1061/991
f 991/1061/991 2332/2492/2332 1012/1082/1012
f 1013/1083/1013 1012/1082/1012 2332/2492/2332
f 783/832/783 785/834/785 1019/1089/1019
f 2329/2489/2329 783/832/783 1013/1083/1013
f 1019/1089/1019 785/834/785 784/833/784
f 784/833/784 1052/1127/1052 1019/1089/1019
f 1052/1127/1052 1022/1092/1022 1019/1089/1019
f 1021/1091/1021 1020/1090/1020 2347/2510/2347
f 1020/1090/1020 1049/1122/1049 2347/2510/2347
f 2347/2510/2347 1024/1094/1024 1021/1091/1021
f 1024/1094/1024 2347/2510/2347 1048/1121/1048
f 1052/1127/1052 1054/1129/1054 1022/1092/1022
f 1054/1129/1054 1020/1090/1020 1022/1092/1022
f 1020/1090/1020 1054/1129/1054 1049/1122/1049
f 1030/1103/1030 1033/1106/1033 1046/1119/1046
f 1036/1109/1036 1030/1103/1030 1046/1119/1046
f 2348/2511/2348 1038/1111/1038 1035/1108/1035
f 1046/1119/1046 1075/1151/1075 1078/1154/1078
f 1029/1102/1029 1037/2512/1037 1045/1118/1045
f 1080/1156/1080 1037/1110/1037 1038/1111/1038
f 1037/2512/1037 1079/1186/1079 1045/1118/1045
f 1039/1112/1039 1084/1160/1084 1040/1113/1040
f 1043/1116/1043 1031/1104/1031 1045/1118/1045
f 1006/1076/1006 1043/1116/1043 1082/1158/1082
f 1042/1115/1042 1041/1114/1041 1765/1881/1765
f 1042/1115/1042 1765/1881/1765 1785/1901/1785
f 1042/1115/1042 1785/1901/1785 1761/1877/1761
f 1044/1117/1044 1042/1115/1042 1761/1877/1761
f 1041/1114/1041 2349/2513/2349 1765/1881/1765
f 848/905/848 2335/2495/2335 965/1031/965
f 2341/2503/2341 2345/2507/2345 2346/2509/2346
f 1000/1070/1000 2345/2507/2345 1026/2508/1026
f 1001/1071/1001 2342/2504/2342 999/1069/999
f 2341/2503/2341 999/1069/999 2342/2504/2342
f 941/1006/941 1010/1080/1010 1044/1117/1044
f 2329/2489/2329 1013/1083/1013 2332/2492/2332
f 1035/1108/1035 1036/1109/1036 1046/1119/1046
f 1046/1119/1046 1024/1094/1024 1075/1151/1075
f 1035/1108/1035 1046/1119/1046 1078/1154/1078
f 1038/1111/1038 2348/2511/2348 1080/1156/1080
f 1006/1076/1006 1082/1158/1082 1039/1112/1039
f 787/838/787 1059/1134/1059 1056/1131/1056
f 1048/1121/1048 2347/2510/2347 1049/1122/1049
f 1053/1126/1053 786/835/786 1056/1131/1056
f 787/838/787 1056/1131/1056 786/835/786
f 1060/1135/1060 1059/1134/1059 710/757/710
f 1061/1136/1061 721/768/721 1066/1142/1066
f 722/769/722 1067/1143/1067 721/768/721
f 1066/1142/1066 721/768/721 1067/1143/1067
f 1070/1146/1070 1104/1185/1104 1071/1147/1071
f 1077/1153/1077 2348/2511/2348 1035/1108/1035
f 1076/1152/1076 1080/1156/1080 1077/1153/1077
f 1078/1154/1078 1077/1153/1077 1035/1108/1035
f 1080/1156/1080 1079/1155/1079 1037/1110/1037
f 1088/1164/1088 1045/1118/1045 1079/1186/1079
f 1082/1158/1082 1084/1160/1084 1039/1112/1039
f 1040/1113/1040 1084/1160/1084 1087/1163/1087
f 1041/1114/1041 1040/1113/1040 1087/1163/1087
f 1087/1163/1087 2349/2513/2349 1041/1114/1041
f 2349/2513/2349 1087/1163/1087 1757/1873/1757
f 1045/1118/1045 1088/1164/1088 1043/1116/1043
f 1088/1164/1088 1082/1158/1082 1043/1116/1043
f 1065/1141/1065 1057/1132/1057 1076/1152/1076
f 1057/1170/1057 1081/1172/1081 1076/2514/1076
f 1099/1180/1099 1073/1149/1073 1071/1147/1071
f 1099/1180/1099 1071/1147/1071 2350/2515/2350
f 1104/1185/1104 2350/2515/2350 1071/1147/1071
f 1099/1180/1099 2350/2515/2350 1100/1181/1100
f 2351/2516/2351 1100/1181/1100 2350/2515/2350
f 1100/1181/1100 2351/2516/2351 2352/2517/2352
f 1101/1182/1101 1100/1181/1100 2352/2517/2352
f 1101/1182/1101 2352/2517/2352 2072/2210/2072
f 1101/1182/1101 2072/2210/2072 1096/1176/1096
f 1085/1161/1085 1102/1183/1102 1086/1162/1086
f 1086/1162/1086 1102/1183/1102 1784/1900/1784
f 1102/1183/1102 1096/1177/1096 2353/2518/2353
f 722/769/722 2325/2483/2325 2028/2165/2028
f 1067/1143/1067 722/769/722 2028/2165/2028
f 2028/2165/2028 2325/2483/2325 2029/2166/2029
f 1104/1185/1104 1103/1184/1103 2035/2172/2035
f 1104/1185/1104 2035/2172/2035 2354/2519/2354
f 786/835/786 1053/1126/1053 784/836/784
f 1052/1125/1052 784/836/784 1053/1126/1053
f 1054/1129/1054 1047/1120/1047 1049/1122/1049
f 1060/1135/1060 721/768/721 1061/1136/1061
f 1024/1094/1024 1048/1121/1048 1075/1151/1075
f 1080/1156/1080 2348/2511/2348 1077/1153/1077
f 1096/1176/1096 2072/2210/2072 2353/2520/2353
f 1103/1184/1103 1067/1143/1067 2028/2165/2028
f 1103/1184/1103 1068/1144/1068 1067/1143/1067
f 1107/1189/1107 1106/1188/1106 1323/1412/1323
f 1115/1197/1115 1106/1188/1106 1105/1187/1105
f 1121/1203/1121 1113/1195/1113 1114/1196/1114
f 1131/1213/1131 1137/1219/1137 2355/2521/2355
f 2355/2521/2355 1128/1210/1128 1131/1213/1131
f 1137/1219/1137 1130/1212/1130 2355/2521/2355
f 1130/1212/1130 1124/1206/1124 2355/2521/2355
f 1124/1206/1124 1128/1210/1128 2355/2521/2355
f 1110/1192/1110 1108/1190/1108 1146/1228/1146
f 1146/1228/1146 1126/1208/1126 1110/1192/1110
f 1161/1243/1161 1126/1208/1126 1146/1228/1146
f 1161/1243/1161 1127/1209/1127 1126/1208/1126
f 1134/1216/1134 1127/1209/1127 1162/1244/1162
f 1135/1217/1135 2356/2522/2356 1136/1218/1136
f 1194/1276/1194 1133/1215/1133 1136/1218/1136
f 1144/1226/1144 1108/1190/1108 1109/1191/1109
f 1138/1220/1138 2357/2523/2357 1142/1224/1142
f 1144/1226/1144 1109/1191/1109 1141/1223/1141
f 1108/1190/1108 1144/1226/1144 1143/1225/1143
f 1143/1225/1143 1146/1228/1146 1108/1190/1108
f 1142/1224/1142 2357/2523/2357 1147/1229/1147
f 1150/1232/1150 1152/1234/1152 1149/1231/1149
f 1162/1244/1162 1127/1209/1127 1161/1243/1161
f 1135/1217/1135 1156/1238/1156 2356/2522/2356
f 1194/1276/1194 1136/1218/1136 1170/1252/1170
f 1136/1218/1136 1157/1239/1157 1170/1252/1170
f 1136/1218/1136 2356/2522/2356 1156/1238/1156
f 1170/1252/1170 1217/1299/1217 1194/1276/1194
f 1169/1251/1169 1217/1299/1217 1170/1252/1170
f 1169/1251/1169 1170/1252/1170 1164/1246/1164
f 1168/1250/1168 2358/2524/2358 2359/2525/2359
f 1160/1242/1160 1155/1237/1155 1824/1942/1824
f 1167/1249/1167 1160/1242/1160 1824/1942/1824
f 1169/1251/1169 1168/1250/1168 1218/1300/1218
f 1218/1300/1218 1168/1250/1168 2359/2525/2359
f 1173/1255/1173 1272/1356/1272 1174/1256/1174
f 1174/1256/1174 1175/1257/1175 1113/1195/1113
f 1177/1259/1177 1174/1256/1174 1113/1195/1113
f 1176/1258/1176 1121/1203/1121 1180/1262/1180
f 1187/1269/1187 1180/1262/1180 1121/1203/1121
f 1187/1269/1187 1121/1203/1121 1120/1202/1120
f 1432/1523/1432 1171/1253/1171 1181/1263/1181
f 2360/2526/2360 1181/1263/1181 1182/1264/1182
f 1185/1267/1185 2360/2526/2360 1182/1264/1182
f 1187/1269/1187 1120/1202/1120 1130/1212/1130
f 1190/1272/1190 1187/1269/1187 1130/1212/1130
f 1188/1270/1188 1183/1265/1183 1190/1272/1190
f 1187/1269/1187 1190/1272/1190 1183/1265/1183
f 1184/1266/1184 1203/1285/1203 1186/1268/1186
f 1203/1285/1203 1184/1266/1184 1188/1270/1188
f 1208/1290/1208 1186/1268/1186 1203/1285/1203
f 1132/1214/1132 1189/1271/1189 1137/1219/1137
f 1193/1275/1193 1189/1271/1189 1132/1214/1132
f 1194/1276/1194 1132/1214/1132 1133/1215/1133
f 1597/1697/1597 1229/1311/1229 1204/1286/1204
f 1599/1699/1599 1229/1311/1229 1597/1697/1597
f 1204/1286/1204 1229/1311/1229 1205/1287/1205
f 1597/1697/1597 1204/1286/1204 1207/1289/1207
f 2361/2527/2361 1597/1697/1597 1207/1289/1207
f 1207/1289/1207 1212/1294/1212 2361/2527/2361
f 1212/1294/1212 1602/1702/1602 2361/2527/2361
f 1603/1703/1603 1212/1294/1212 1214/1296/1214
f 1213/1295/1213 1214/1296/1214 1212/1294/1212
f 1877/2002/1877 1223/1305/1223 1222/1304/1222
f 1222/1304/1222 1218/1300/1218 1877/2002/1877
f 1218/1300/1218 2359/2525/2359 1877/2002/1877
f 1214/1296/1214 1224/1306/1224 1603/1703/1603
f 1225/1307/1225 1226/1308/1226 1626/1731/1626
f 2223/2370/2223 1226/1308/1226 1227/1309/1227
f 1223/1305/1223 1877/2002/1877 1228/1310/1228
f 1130/1212/1130 1137/1219/1137 1190/1272/1190
f 1603/1703/1603 1602/1702/1602 1212/1294/1212
f 1224/1306/1224 1214/1296/1214 1216/1298/1216
f 1199/1281/1199 1194/1276/1194 1217/1299/1217
f 1231/1313/1231 1233/1315/1233 359/383/359
f 1230/1312/1230 1232/1314/1232 1283/1367/1283
f 1237/1319/1237 1326/1415/1326 1234/1316/1234
f 1328/1417/1328 1237/1319/1237 1239/1321/1239
f 1230/1312/1230 1283/1367/1283 1240/1322/1240
f 1252/1336/1252 1247/1329/1247 1258/1342/1258
f 1260/2528/1260 1256/1340/1256 1254/1338/1254
f 2362/2529/2362 1256/1340/1256 1260/2528/1260
f 1234/1316/1234 1326/1415/1326 1233/1315/1233
f 363/387/363 1231/1313/1231 359/383/359
f 1241/1323/1241 1299/1385/1299 1246/1328/1246
f 1245/1330/1245 1246/1387/1246 1248/1331/1248
f 1256/1340/1256 1341/1430/1341 1255/1339/1255
f 1260/2528/1260 1254/1338/1254 1257/1341/1257
f 1257/2530/1257 1250/1334/1250 1251/1335/1251
f 1274/1358/1274 1266/1350/1266 1258/1342/1258
f 1260/2528/1260 1259/2531/1259 2362/2529/2362
f 1262/1346/1262 1257/2530/1257 1265/1349/1265
f 1265/1349/1265 1257/2530/1257 1251/1335/1251
f 1260/1344/1260 1257/2530/1257 1262/1346/1262
f 1264/1348/1264 1251/1335/1251 1252/1336/1252
f 1266/1350/1266 1264/1348/1264 1252/1336/1252
f 1363/1452/1363 2362/2529/2362 1259/2531/1259
f 1363/2532/1363 1259/1343/1259 1271/1355/1271
f 1271/1355/1271 1173/1255/1173 1423/1514/1423
f 1173/1255/1173 1172/1254/1172 1423/1514/1423
f 1174/1256/1174 1272/1356/1272 1175/1257/1175
f 1115/1197/1115 1279/1363/1279 1278/1362/1278
f 1115/1197/1115 1278/1362/1278 1106/1188/1106
f 1175/1257/1175 1270/1354/1270 1111/1193/1111
f 1112/1194/1112 1111/1193/1111 1115/1197/1115
f 1266/1350/1266 1252/1336/1252 1258/1342/1258
f 1423/1514/1423 1363/2532/1363 1271/1355/1271
f 1111/1193/1111 1279/1363/1279 1115/1197/1115
f 1232/1314/1232 1284/1368/1284 1283/1367/1283
f 1280/1364/1280 1284/1368/1284 364/388/364
f 462/489/462 1288/1372/1288 1281/1365/1281
f 1289/1373/1289 1288/1372/1288 1307/1396/1307
f 1289/1373/1289 1307/1396/1307 1660/1765/1660
f 1288/1372/1288 462/489/462 480/509/480
f 1240/1322/1240 1285/1369/1285 1299/1385/1299
f 1289/1373/1289 1660/1765/1660 1302/1390/1302
f 2363/2533/2363 1298/1384/1298 1302/1391/1302
f 1304/1393/1304 1298/1384/1298 1305/1394/1305
f 1305/1394/1305 1298/1384/1298 2363/2533/2363
f 2363/2533/2363 2364/2534/2364 1305/1394/1305
f 2364/2534/2364 2363/2533/2363 2365/2535/2365
f 1305/1394/1305 2364/2534/2364 1303/1392/1303
f 1241/1323/1241 1240/1322/1240 1299/1385/1299
f 1248/1331/1248 1246/1387/1246 1300/1386/1300
f 1310/1399/1310 1248/1331/1248 1300/1386/1300
f 1301/1389/1301 1308/1397/1308 1310/1399/1310
f 1301/1389/1301 1296/1380/1296 1309/1398/1309
f 1258/1342/1258 1249/1332/1249 1310/1399/1310
f 2365/2535/2365 1668/1777/1668 1673/1783/1673
f 1306/1395/1306 2366/2536/2366 1297/1381/1297
f 2366/2536/2366 1309/1398/1309 1297/1381/1297
f 1274/1358/1274 1311/1400/1311 1316/1405/1316
f 1315/1404/1315 1273/1357/1273 1274/1358/1274
f 1277/1361/1277 1273/1357/1273 1323/1412/1323
f 1321/1410/1321 1141/1223/1141 1109/1191/1109
f 1323/1412/1323 1318/1407/1318 1107/1189/1107
f 1278/1362/1278 1277/1361/1277 1106/1188/1106
f 1107/1189/1107 1319/1408/1319 1109/1191/1109
f 1310/1399/1310 1300/1386/1300 1301/1389/1301
f 1311/1400/1311 1274/1358/1274 1258/1342/1258
f 1309/1398/1309 1296/1380/1296 1297/1381/1297
f 360/384/360 359/383/359 1233/1315/1233
f 360/384/360 1233/1315/1233 1326/1415/1326
f 1325/1414/1325 376/400/376 375/399/375
f 1326/1415/1326 1237/1319/1237 1328/1417/1328
f 412/436/412 1331/1420/1331 1329/1418/1329
f 1333/1422/1333 1330/1419/1330 1335/1424/1335
f 1335/1424/1335 1330/1419/1330 1336/1425/1336
f 427/451/427 1333/1422/1333 428/452/428
f 1239/1321/1239 1255/1339/1255 1328/1417/1328
f 1341/1430/1341 1340/1429/1340 1255/1339/1255
f 1337/1426/1337 1341/1430/1341 2362/2529/2362
f 2362/2529/2362 1341/1430/1341 1256/1340/1256
f 360/384/360 1326/1415/1326 375/399/375
f 1346/1435/1346 1333/1422/1333 1335/1424/1335
f 1337/1426/1337 1355/1444/1355 1335/1424/1335
f 1333/1422/1333 1344/1433/1344 428/452/428
f 1358/1447/1358 1337/1426/1337 2362/2529/2362
f 2367/2537/2367 1352/1441/1352 2368/2538/2368
f 1352/1441/1352 1354/1443/1354 2368/2538/2368
f 1354/1443/1354 1353/1442/1353 1359/1448/1359
f 1358/1447/1358 2362/2529/2362 1363/1452/1363
f 1386/1475/1386 1385/1474/1385 1366/1455/1366
f 1364/1453/1364 1350/1439/1350 1377/1466/1377
f 1377/1466/1377 1350/1439/1350 2367/2537/2367
f 2369/2539/2369 2275/2428/2275 1342/1431/1342
f 2369/2539/2369 1342/1431/1342 1385/1474/1385
f 172/187/172 2275/2428/2275 2369/2539/2369
f 195/210/195 172/187/172 2369/2539/2369
f 1362/1451/1362 1363/1452/1363 1423/2540/1423
f 1349/1438/1349 1335/1424/1335 1355/1444/1355
f 1350/1439/1350 1352/1441/1352 2367/2537/2367
f 1342/1431/1342 1366/1455/1366 1385/1474/1385
f 1375/1464/1375 2368/2538/2368 1399/1488/1399
f 2368/2538/2368 1368/1457/1368 1399/1488/1399
f 1359/1448/1359 1416/1505/1416 1368/1457/1368
f 1416/1505/1416 1359/1448/1359 1357/1446/1357
f 1416/1505/1416 1371/1460/1371 1369/1458/1369
f 1373/1462/1373 1367/1456/1367 1374/1463/1374
f 1367/1456/1367 1421/2541/1421 1374/1463/1374
f 1378/1467/1378 1364/1453/1364 1377/1466/1377
f 1377/1466/1377 2367/2537/2367 1375/1464/1375
f 1378/1467/1378 1377/1466/1377 1376/1465/1376
f 1375/1464/1375 2367/2537/2367 2368/2538/2368
f 1366/1455/1366 1380/1469/1380 1386/1475/1386
f 1380/1469/1380 1366/1455/1366 1378/1467/1378
f 1366/1455/1366 1365/1454/1365 1378/1467/1378
f 1364/1453/1364 1378/1467/1378 1365/1454/1365
f 2369/2539/2369 1385/1474/1385 1384/1473/1384
f 195/210/195 2369/2539/2369 1384/1473/1384
f 1395/1484/1395 2370/2542/2370 1415/1504/1415
f 1395/1484/1395 1397/1486/1397 2370/2542/2370
f 1372/1461/1372 2371/2543/2371 1405/1494/1405
f 1398/1487/1398 2372/2544/2372 1396/1485/1396
f 2372/2544/2372 1398/1487/1398 2373/2545/2373
f 2373/2545/2373 1398/1487/1398 1410/1499/1410
f 1454/1549/1454 1412/1501/1412 1413/1502/1413
f 2374/2546/2374 1413/1502/1413 1407/1496/1407
f 1410/1499/1410 1412/1501/1412 1454/1549/1454
f 1408/1497/1408 1406/1495/1406 1441/1535/1441
f 1404/1493/1404 1405/1494/1405 1441/1535/1441
f 1442/1536/1442 1441/1535/1441 1405/1494/1405
f 1405/1494/1405 2371/2543/2371 1442/1536/1442
f 1414/2547/1414 2375/2548/2375 2376/2549/2376
f 1414/1503/1414 1408/1497/1408 2375/2550/2375
f 2376/2549/2376 2375/2548/2375 1553/1653/1553
f 1458/2551/1458 2374/2546/2374 1407/1496/1407
f 1458/2551/1458 1407/1496/1407 1414/1503/1414
f 1354/1443/1354 1368/1457/1368 2368/2538/2368
f 1416/1505/1416 1369/1458/1369 1368/1457/1368
f 1368/1457/1368 1354/1443/1354 1359/1448/1359
f 1367/1456/1367 1371/1460/1371 1421/2541/1421
f 1397/1486/1397 1396/1485/1396 2372/2544/2372
f 1441/1535/1441 1406/1495/1406 1404/1493/1404
f 1452/1547/1452 1410/1499/1410 1454/1549/1454
f 190/205/190 1387/1476/1387 1389/1478/1389
f 1422/2552/1422 1418/1507/1418 1361/1450/1361
f 1362/1451/1362 1422/2552/1422 1361/1450/1361
f 1357/1446/1357 1418/1507/1418 1416/1505/1416
f 1418/1507/1418 1357/1446/1357 1361/1450/1361
f 1374/1463/1374 1421/2541/1421 1437/1528/1437
f 1437/1528/1437 1421/2541/1421 1420/1529/1420
f 1372/1461/1372 1374/1463/1374 1437/1528/1437
f 1372/1461/1372 1437/1528/1437 2371/2543/2371
f 1423/2540/1423 1422/2552/1422 1362/1451/1362
f 1171/1253/1171 1432/1523/1432 1431/1522/1431
f 1437/1528/1437 1438/1531/1438 2371/2543/2371
f 2371/2543/2371 1438/1531/1438 1439/1532/1439
f 1442/1536/1442 2371/2543/2371 1439/1532/1439
f 1408/1497/1408 1441/1535/1441 1445/1539/1445
f 2375/2548/2375 1445/1540/1445 1446/1541/1446
f 1446/1541/1446 1447/1542/1447 2375/2548/2375
f 2377/2553/2377 1449/1544/1449 1450/1545/1450
f 1450/1545/1450 1435/1526/1435 1436/1527/1436
f 1436/1527/1436 1433/1524/1433 2378/2554/2378
f 1181/1263/1181 2378/2554/2378 1433/1524/1433
f 1421/2541/1421 1371/1460/1371 1417/1506/1417
f 1171/1253/1171 1424/1515/1424 1172/1254/1172
f 2375/2550/2375 1408/1497/1408 1445/1539/1445
f 1441/1535/1441 1440/1534/1440 1445/1539/1445
f 1448/1543/1448 1449/1544/1449 2377/2553/2377
f 2378/2554/2378 1181/1263/1181 2360/2526/2360
f 1452/1547/1452 2373/2545/2373 1410/1499/1410
f 1453/1548/1453 1452/1547/1452 1454/1549/1454
f 1455/1550/1455 1454/1549/1454 2374/2546/2374
f 1413/1502/1413 2374/2546/2374 1454/1549/1454
f 1455/1550/1455 2374/2546/2374 1457/1552/1457
f 2374/2546/2374 1458/2551/1458 1457/1552/1457
f 1458/1554/1458 2376/2549/2376 1460/1557/1460
f 1461/1558/1461 1460/1557/1460 2376/2549/2376
f 2379/2555/2379 1462/1559/1462 1461/1558/1461
f 2379/2555/2379 1461/1558/1461 1550/1650/1550
f 2379/2555/2379 1574/1674/1574 1462/1559/1462
f 1389/1478/1389 1415/1504/1415 190/205/190
f 190/205/190 1415/1504/1415 202/217/202
f 1472/1569/1472 1469/1566/1469 1475/1572/1475
f 1473/1570/1473 1472/1569/1472 1475/1572/1475
f 219/234/219 202/217/202 1468/1565/1468
f 219/234/219 1468/1565/1468 2279/2432/2279
f 1471/1568/1471 1480/1577/1480 2279/2432/2279
f 2281/2434/2281 1480/1577/1480 222/237/222
f 2282/2435/2282 222/237/222 1483/1580/1483
f 226/241/226 2282/2435/2282 1483/1580/1483
f 1482/1579/1482 226/241/226 1483/1580/1483
f 1487/1585/1487 1510/1610/1510 1485/1583/1485
f 1510/1610/1510 1487/1585/1487 1511/1611/1511
f 1456/1556/1456 1462/1559/1462 1490/2556/1490
f 1490/2556/1490 1462/1559/1462 1576/1676/1576
f 1576/2557/1576 1494/1594/1494 1490/1590/1490
f 1506/1606/1506 1493/1593/1493 1494/1594/1494
f 1506/1606/1506 1494/1594/1494 2380/2558/2380
f 1506/1606/1506 2380/2558/2380 1507/1607/1507
f 1507/1607/1507 2380/2558/2380 1613/1713/1613
f 1493/1593/1493 2381/2559/2381 1491/1591/1491
f 2382/2560/2382 2381/2559/2381 1493/1593/1493
f 1414/2547/1414 2376/2549/2376 1458/1554/1458
f 1471/1568/1471 2279/2432/2279 1468/1565/1468
f 1480/1577/1480 2281/2434/2281 2279/2432/2279
f 222/237/222 1477/1574/1477 1483/1580/1483
f 2380/2558/2380 1494/1594/1494 1636/1741/1636
f 2382/2560/2382 1493/1593/1493 1506/1606/1506
f 1497/1597/1497 226/245/226 1482/2561/1482
f 1485/1583/1485 1510/1610/1510 1482/2561/1482
f 1613/1713/1613 1548/1648/1548 1507/1607/1507
f 1487/1585/1487 1491/1591/1491 1500/1600/1500
f 2381/2559/2381 1500/1600/1500 1491/1591/1491
f 2381/2559/2381 2382/2560/2382 1501/1601/1501
f 1501/1601/1501 2382/2560/2382 1502/1602/1502
f 1499/1599/1499 1487/1585/1487 1500/1600/1500
f 1502/1602/1502 2382/2560/2382 1506/1606/1506
f 1497/1597/1497 1482/2561/1482 1510/1610/1510
f 1496/1596/1496 226/245/226 1497/1597/1497
f 1496/1596/1496 228/243/228 226/245/226
f 1497/1597/1497 1510/1610/1510 1495/1595/1495
f 2284/2437/2284 228/243/228 1496/1596/1496
f 1514/1614/1514 2284/2437/2284 1512/1612/1512
f 2284/2437/2284 1496/1596/1496 1512/1612/1512
f 2383/2562/2383 2288/2441/2288 1546/1646/1546
f 285/308/285 2288/2441/2288 2383/2562/2383
f 1520/1620/1520 2383/2562/2383 1546/1646/1546
f 2291/2444/2291 2290/2443/2290 2293/2446/2293
f 2292/2445/2292 2293/2446/2293 2384/2563/2384
f 2384/2563/2384 2293/2446/2293 2171/2317/2171
f 2383/2562/2383 1520/1620/1520 1521/1621/1521
f 1522/1622/1522 1525/1625/1525 1521/1621/1521
f 1521/1621/1521 2293/2446/2293 2383/2562/2383
f 2293/2446/2293 1521/1621/1521 1525/1625/1525
f 2171/2317/2171 2293/2446/2293 1525/1625/1525
f 2172/2318/2172 2171/2317/2171 1525/1625/1525
f 2172/2318/2172 1525/1625/1525 1524/1624/1524
f 1528/1628/1528 1509/1609/1509 1609/1709/1609
f 1609/1709/1609 1547/1647/1547 1528/1628/1528
f 1538/1638/1538 1531/1631/1531 1547/1647/1547
f 1543/1643/1543 1538/1638/1538 1547/1647/1547
f 1543/1643/1543 1547/1647/1547 1634/1739/1634
f 1544/1644/1544 1543/1643/1543 1634/1739/1634
f 2168/2314/2168 1542/1642/1542 1537/1637/1537
f 1537/1637/1537 2385/2564/2385 2168/2314/2168
f 2178/2324/2178 1542/1642/1542 2168/2314/2168
f 2386/2565/2386 1537/1637/1537 1544/1644/1544
f 2386/2565/2386 2168/2314/2168 2385/2564/2385
f 2385/2564/2385 1537/1637/1537 2386/2565/2386
f 1545/1645/1545 1533/1633/1533 2191/2337/2191
f 1540/1640/1540 2191/2337/2191 1533/1633/1533
f 1524/1624/1524 2174/2320/2174 2172/2318/2172
f 1633/1738/1633 1544/1644/1544 1634/1739/1634
f 1500/1600/1500 2381/2559/2381 1501/1601/1501
f 1487/1585/1487 1517/1617/1517 1511/1611/1511
f 1514/1614/1514 2283/2436/2283 2284/2437/2284
f 1514/1614/1514 1546/1646/1546 2283/2436/2283
f 1517/1617/1517 1487/1585/1487 1499/1599/1499
f 2383/2562/2383 2290/2443/2290 285/308/285
f 2290/2443/2290 2383/2562/2383 2293/2446/2293
f 1540/1640/1540 1541/1641/1541 1542/1642/1542
f 1633/1738/1633 2183/2329/2183 1544/1644/1544
f 1553/1653/1553 2375/2548/2375 1447/1542/1447
f 1551/1651/1551 1550/1650/1550 1461/1558/1461
f 1560/1660/1560 1448/1543/1448 2377/2553/2377
f 1558/1658/1558 1448/1543/1448 1560/1660/1560
f 2377/2553/2377 1585/1685/1585 1560/1660/1560
f 1567/1667/1567 1447/1542/1447 1448/1543/1448
f 1575/1675/1575 1574/1674/1574 2379/2555/2379
f 2379/2555/2379 1550/1650/1550 1575/1675/1575
f 1577/1677/1577 1578/1678/1578 1619/1722/1619
f 1462/1559/1462 1574/1674/1574 1576/1676/1576
f 1494/1594/1494 1576/2557/1576 1636/1741/1636
f 1636/1741/1636 1576/2557/1576 1619/1719/1619
f 1577/1677/1577 1619/1722/1619 1576/1676/1576
f 1586/1686/1586 2378/2554/2378 2360/2526/2360
f 1586/1686/1586 1436/1527/1436 2378/2554/2378
f 1586/1686/1586 2360/2526/2360 1185/1267/1185
f 1186/1268/1186 1586/1686/1586 1185/1267/1185
f 1579/1679/1579 1572/1672/1572 1616/1716/1616
f 1616/1716/1616 1572/1672/1572 2387/2566/2387
f 2387/2566/2387 1572/1672/1572 1580/1680/1580
f 1580/1680/1580 1583/1683/1583 2388/2567/2388
f 2387/2566/2387 1580/1680/1580 2388/2567/2388
f 2387/2566/2387 2388/2567/2388 1592/1692/1592
f 1584/1684/1584 1590/1690/1590 1583/1683/1583
f 1588/1688/1588 1589/1689/1589 1584/1684/1584
f 1585/1685/1585 1589/1689/1589 1588/1688/1588
f 1208/1290/1208 1589/1689/1589 1186/1268/1186
f 2376/2549/2376 1553/1653/1553 1551/1651/1551
f 1461/1558/1461 2376/2549/2376 1551/1651/1551
f 1556/1656/1556 1448/1543/1448 1558/1658/1558
f 2377/2553/2377 1450/1545/1450 1585/1685/1585
f 1585/1685/1585 1450/1545/1450 1436/1527/1436
f 1556/1656/1556 1567/1667/1567 1448/1543/1448
f 2388/2567/2388 1583/1683/1583 1590/1690/1590
f 1593/1693/1593 1584/1684/1584 1589/1689/1589
f 1590/1690/1590 1584/1684/1584 1593/1693/1593
f 1229/1311/1229 1599/1699/1599 1208/1290/1208
f 1599/1699/1599 1594/1694/1594 1589/1689/1589
f 1599/1699/1599 1589/1689/1589 1208/1290/1208
f 1598/1698/1598 1597/1697/1597 2361/2527/2361
f 1601/1701/1601 1598/1698/1598 2361/2527/2361
f 1602/1702/1602 1601/1701/1601 2361/2527/2361
f 1611/1711/1611 1547/1647/1547 1609/1709/1609
f 1509/1609/1509 1548/1648/1548 1610/1710/1610
f 1509/1609/1509 1610/1710/1610 1609/1709/1609
f 1578/1678/1578 1569/1669/1569 1579/1679/1579
f 1614/1714/1614 1578/1678/1578 1579/1679/1579
f 1616/1716/1616 1614/1714/1614 1579/1679/1579
f 1626/1731/1626 1628/1732/1628 1224/1306/1224
f 1224/1306/1224 1225/1307/1225 1626/1731/1626
f 1631/1736/1631 1226/1733/1226 2223/2394/2223
f 1611/1711/1611 1604/1704/1604 1629/1734/1629
f 1630/1735/1630 1631/1736/1631 2223/2394/2223
f 2389/2568/2389 1630/1735/1630 2223/2394/2223
f 2223/2394/2223 2198/2344/2198 2389/2568/2389
f 2390/2569/2390 1630/1735/1630 2389/2568/2389
f 2391/2570/2391 1633/1738/1633 1635/1740/1635
f 1612/1712/1612 2380/2558/2380 1636/1741/1636
f 1612/1712/1612 1613/1713/1613 2380/2558/2380
f 1592/1692/1592 1595/1695/1595 2387/2566/2387
f 1592/1692/1592 2388/2567/2388 1590/1690/1590
f 1594/1694/1594 1593/1693/1593 1589/1689/1589
f 2387/2566/2387 1595/1695/1595 1621/1723/1621
f 1547/1647/1547 1611/1711/1611 1629/1734/1629
f 2387/2566/2387 1621/1723/1621 1616/1716/1616
f 1628/1732/1628 1623/1726/1623 1224/1306/1224
f 1632/1737/1632 1630/1735/1630 2390/2569/2390
f 1547/1647/1547 1629/1734/1629 1634/1739/1634
f 1634/1739/1634 1629/1734/1629 1635/1740/1635
f 1637/1742/1637 577/617/577 576/616/576
f 1637/1742/1637 576/616/576 578/618/578
f 1639/1744/1639 578/618/578 1642/1747/1642
f 579/620/579 1642/1747/1642 578/618/578
f 1652/1757/1652 1643/1748/1643 1644/1749/1644
f 1638/1743/1638 2392/2571/2392 1637/1742/1637
f 1638/1743/1638 1640/1745/1640 2392/2571/2392
f 2392/2571/2392 1640/1745/1640 1645/1750/1645
f 2392/2571/2392 1645/1750/1645 1646/1751/1646
f 1647/1752/1647 2393/2572/2393 1646/1751/1646
f 1650/1755/1650 1651/1756/1651 1653/1758/1653
f 1649/1754/1649 2393/2572/2393 1647/1752/1647
f 1648/1753/1648 1650/1755/1650 1678/1788/1678
f 1654/1769/1654 477/2465/477 1656/1761/1656
f 1302/1390/1302 1660/1765/1660 1662/1767/1662
f 1302/1391/1302 1662/1773/1662 1667/1775/1667
f 1637/1742/1637 1659/1764/1659 1657/1762/1657
f 1663/1770/1663 1637/1742/1637 2392/2571/2392
f 2392/2571/2392 1671/1780/1671 1663/1770/1663
f 1646/1751/1646 1671/1780/1671 2392/2571/2392
f 1646/1751/1646 2393/2572/2393 1671/1780/1671
f 1671/1780/1671 2393/2572/2393 1672/1782/1672
f 1680/1790/1680 1674/1784/1674 1672/1781/1672
f 1672/1782/1672 2393/2572/2393 1680/1806/1680
f 2393/2572/2393 1649/1754/1649 1680/1806/1680
f 1673/1783/1673 1674/1784/1674 1679/1789/1679
f 1667/1775/1667 2363/2533/2363 1302/1391/1302
f 2363/2533/2363 1667/1775/1667 1668/1777/1668
f 2363/2533/2363 1668/1777/1668 2365/2535/2365
f 477/504/477 1654/1759/1654 480/509/480
f 1673/1783/1673 1670/1779/1670 1674/1784/1674
f 1680/1806/1680 1649/1754/1649 1677/1787/1677
f 1677/1787/1677 1649/1754/1649 1675/1785/1675
f 1649/1754/1649 1648/1753/1648 1675/1785/1675
f 1313/1402/1313 2394/2573/2394 1679/1789/1679
f 1313/1402/1313 1679/1789/1679 1682/1792/1682
f 1687/1798/1687 1686/1797/1686 1684/1795/1684
f 1140/1222/1140 1684/1795/1684 1686/1797/1686
f 1140/1222/1140 1686/1797/1686 1685/1796/1685
f 1688/1799/1688 1650/1755/1650 1653/1758/1653
f 1650/1755/1650 1688/1799/1688 1678/1788/1678
f 1689/1800/1689 1688/1799/1688 1694/1807/1694
f 1693/1804/1693 1808/1924/1808 1690/1801/1690
f 1679/1789/1679 2394/2573/2394 1673/1783/1673
f 1312/1401/1312 1313/1402/1313 1682/1792/1682
f 1140/1222/1140 1139/1221/1139 1312/1401/1312
f 1684/1795/1684 1683/1794/1683 1687/1798/1687
f 1695/1808/1695 1688/1799/1688 1653/1758/1653
f 1653/1758/1653 1715/1831/1715 1695/1808/1695
f 1688/1799/1688 1695/1808/1695 1694/1807/1694
f 1689/1800/1689 1694/1807/1694 1698/1811/1698
f 1695/1808/1695 1715/1831/1715 1696/1809/1696
f 1689/1805/1689 1699/1816/1699 1692/1803/1692
f 1692/1803/1692 1699/1816/1699 1691/1802/1691
f 1808/1924/1808 1693/1804/1693 1702/1817/1702
f 1712/1828/1712 1711/1827/1711 2395/2574/2395
f 1713/1829/1713 1788/1904/1788 1714/1830/1714
f 2395/2574/2395 1711/1827/1711 1714/1830/1714
f 1788/1904/1788 2395/2574/2395 1714/1830/1714
f 2395/2574/2395 1788/1904/1788 1814/1930/1814
f 1699/1812/1699 1689/1800/1689 1698/1811/1698
f 1737/1853/1737 1653/1758/1653 1652/1757/1652
f 1737/1853/1737 1715/1831/1715 1653/1758/1653
f 1715/1831/1715 1737/1853/1737 1716/1832/1716
f 1696/1809/1696 1726/1842/1726 1697/1810/1697
f 1706/1822/1706 1697/1810/1697 1726/1842/1726
f 1706/1822/1706 1728/1844/1728 1707/1823/1707
f 1790/1906/1790 1729/1845/1729 1734/1850/1734
f 1729/1845/1729 1790/1906/1790 1713/1829/1713
f 1707/1823/1707 1728/1844/1728 1713/1829/1713
f 1733/1849/1733 1725/1841/1725 1732/1848/1732
f 1719/1835/1719 1718/1834/1718 1716/1832/1716
f 1718/1834/1718 1717/1833/1717 1716/1832/1716
f 1790/1906/1790 1786/1902/1786 1713/1829/1713
f 1641/1746/1641 1642/1747/1642 1644/1749/1644
f 1642/1747/1642 582/623/582 620/667/620
f 1737/1853/1737 1735/1851/1735 1716/1832/1716
f 1716/1832/1716 1736/1852/1736 1719/1835/1719
f 1751/1867/1751 919/980/919 1742/1858/1742
f 1739/1855/1739 1751/1867/1751 1742/1858/1742
f 920/981/920 924/985/924 1743/1859/1743
f 1743/1859/1743 923/984/923 1744/1860/1744
f 923/984/923 1746/1862/1746 1744/1860/1744
f 1720/1836/1720 1740/1856/1740 1722/1838/1722
f 1748/1864/1748 1730/1846/1730 1722/1838/1722
f 1748/1864/1748 1731/1847/1731 1730/1846/1730
f 1750/1866/1750 1731/1847/1731 1748/1864/1748
f 579/620/579 582/623/582 1642/1747/1642
f 616/661/616 617/662/617 619/664/619
f 1742/1858/1742 919/980/919 920/981/920
f 2396/2575/2396 1900/2026/1900 2397/2576/2397
f 1754/1870/1754 944/1009/944 945/1010/945
f 2349/2513/2349 1757/1873/1757 1774/1890/1774
f 1086/1162/1086 1784/1900/1784 1087/1163/1087
f 1784/1900/1784 1755/1871/1755 1087/1163/1087
f 1757/1873/1757 1087/1163/1087 1755/1871/1755
f 1102/1183/1102 2353/2518/2353 1756/1872/1756
f 1756/1872/1756 2069/2206/2069 1758/1874/1758
f 2349/2513/2349 1774/1890/1774 1764/1880/1764
f 2349/2513/2349 1764/1880/1764 1765/1881/1765
f 1753/1869/1753 1772/1888/1772 2398/2577/2398
f 2398/2577/2398 1772/1888/1772 1798/1914/1798
f 1777/1893/1777 1897/2023/1897 1893/2019/1893
f 1777/1893/1777 1893/2019/1893 1894/2020/1894
f 1776/1892/1776 1897/2023/1897 1777/1893/1777
f 1781/1897/1781 1782/1898/1782 1780/1896/1780
f 1783/1899/1783 1782/1898/1782 1899/2025/1899
f 1044/1117/1044 1760/1876/1760 1754/1870/1754
f 1767/1883/1767 1785/1901/1785 1765/1881/1765
f 1759/1875/1759 1758/1874/1758 1897/2023/1897
f 1770/1886/1770 1759/1875/1759 1897/2023/1897
f 1776/1892/1776 1770/1886/1770 1897/2023/1897
f 1777/1893/1777 1894/2020/1894 1778/1894/1778
f 1778/1894/1778 1894/2020/1894 1781/1897/1781
f 1789/1905/1789 1786/1902/1786 1790/1906/1790
f 1713/1829/1713 1786/1902/1786 1788/1904/1788
f 1787/1903/1787 1799/1915/1799 1814/1930/1814
f 1814/1930/1814 1788/1904/1788 1787/1903/1787
f 1731/1847/1731 1795/1911/1795 1732/1848/1732
f 1795/1911/1795 1733/1849/1733 1732/1848/1732
f 1733/1849/1733 1791/1907/1791 1734/1850/1734
f 1805/1921/1805 1801/1917/1801 1800/1916/1800
f 1800/1916/1800 1801/1917/1801 1794/1910/1794
f 1804/1920/1804 2397/2576/2397 2399/2578/2399
f 2399/2578/2399 1803/1919/1803 1804/1920/1804
f 1805/1921/1805 1803/1919/1803 2399/2578/2399
f 1753/1869/1753 2398/2577/2398 1798/1914/1798
f 1795/1911/1795 1731/1847/1731 1749/1865/1749
f 1138/1220/1138 1140/1222/1140 2357/2523/2357
f 1140/1222/1140 1685/1796/1685 2357/2523/2357
f 1807/1923/1807 2357/2523/2357 1685/1796/1685
f 1690/1801/1690 1807/1923/1807 1685/1796/1685
f 1808/1924/1808 1807/1923/1807 1690/1801/1690
f 1702/1817/1702 1806/1922/1806 1808/1924/1808
f 1809/1925/1809 1702/1817/1702 1811/1940/1811
f 1704/1820/1704 1811/1927/1811 1702/1818/1702
f 1712/1828/1712 1837/1957/1837 1704/1820/1704
f 1712/1828/1712 1838/1958/1838 1837/1957/1837
f 1838/1958/1838 1712/1828/1712 2395/2574/2395
f 1838/1958/1838 2395/2574/2395 1813/1929/1813
f 1814/1930/1814 1813/1929/1813 2395/2574/2395
f 1814/1930/1814 1799/1915/1799 1812/1928/1812
f 1150/1232/1150 1818/1934/1818 1152/1234/1152
f 1148/1230/1148 1147/1229/1147 1807/1923/1807
f 1148/1230/1148 1807/1923/1807 1150/1232/1150
f 1815/1931/1815 1154/1236/1154 1152/1234/1152
f 1154/1236/1154 1816/1932/1816 1155/1237/1155
f 1818/1934/1818 1809/1925/1809 1822/1938/1822
f 1820/1936/1820 1809/1925/1809 1811/1940/1811
f 1820/1936/1820 1822/1938/1822 1809/1925/1809
f 1833/1951/1833 1853/1974/1853 1828/1946/1828
f 1843/1964/1843 1845/1966/1845 1840/1961/1840
f 1842/1963/1842 1851/1972/1851 1841/1962/1841
f 1826/1944/1826 1828/1946/1828 2400/2579/2400
f 1844/1965/1844 1887/2012/1887 1813/1929/1813
f 1842/1963/1842 1813/1929/1813 1887/2012/1887
f 1147/1229/1147 2357/2523/2357 1807/1923/1807
f 1833/2580/1833 1832/1959/1832 1840/1961/1840
f 1841/1962/1841 1851/1972/1851 1843/1964/1843
f 1828/1946/1828 1853/1974/1853 2400/2579/2400
f 1877/2002/1877 2359/2525/2359 1878/2003/1878
f 1878/2003/1878 2359/2525/2359 2358/2524/2358
f 1854/1975/1854 1853/1974/1853 1833/1951/1833
f 1845/1966/1845 1854/2013/1854 1833/2580/1833
f 1845/1966/1845 1833/2580/1833 1840/1961/1840
f 1845/1966/1845 1843/1964/1843 1846/1967/1846
f 1850/1971/1850 1846/1967/1846 1843/1964/1843
f 1843/1964/1843 1851/1972/1851 1850/1971/1850
f 1825/1943/1825 1830/1948/1830 1824/1942/1824
f 1826/1944/1826 1855/1976/1855 1830/1948/1830
f 1826/1944/1826 2400/2579/2400 1853/1974/1853
f 1855/1976/1855 1826/1944/1826 1853/1974/1853
f 1873/1997/1873 1871/2581/1871 2401/2582/2401
f 1946/2074/1946 2401/2583/2401 1871/1995/1871
f 1946/2074/1946 1871/1995/1871 1882/2007/1882
f 1947/2077/1947 1868/1992/1868 1873/1997/1873
f 1862/1983/1862 1863/1984/1863 1864/1998/1864
f 1873/1997/1873 1872/1996/1872 1871/2581/1871
f 1864/1998/1864 1871/2581/1871 1872/1996/1872
f 1870/1994/1870 1864/1998/1864 1872/1996/1872
f 2402/2584/2402 1869/1993/1869 1868/1992/1868
f 1876/2001/1876 2402/2584/2402 1874/1999/1874
f 2402/2584/2402 1876/2001/1876 1869/1993/1869
f 1950/2082/1950 1874/1999/1874 2402/2584/2402
f 1228/1310/1228 1879/2004/1879 2403/2585/2403
f 1874/1999/1874 1976/2109/1976 1875/2000/1875
f 1989/2124/1989 1882/2007/1882 1881/2006/1881
f 1995/2130/1995 1885/2010/1885 1887/2012/1887
f 1887/2012/1887 1885/2010/1885 1886/2011/1886
f 1995/2130/1995 1887/2012/1887 2404/2586/2404
f 1842/1963/1842 1887/2012/1887 1851/1972/1851
f 2401/2582/2401 1947/2077/1947 1873/1997/1873
f 1950/2082/1950 2402/2584/2402 1868/1992/1868
f 1947/2077/1947 1950/2082/1950 1868/1992/1868
f 1228/1310/1228 1877/2002/1877 1879/2004/1879
f 1880/2005/1880 2403/2585/2403 1879/2004/1879
f 1801/1917/1801 1812/1928/1812 1799/1915/1799
f 1801/1917/1801 1805/1921/1805 1889/2015/1889
f 1900/2026/1900 1890/2016/1890 2397/2576/2397
f 2399/2578/2399 2397/2576/2397 1890/2016/1890
f 1890/2016/1890 1805/1921/1805 2399/2578/2399
f 2405/2587/2405 1758/1874/1758 2069/2206/2069
f 2405/2587/2405 2071/2208/2071 1895/2021/1895
f 1895/2021/1895 2071/2208/2071 1896/2022/1896
f 1922/2048/1922 1894/2020/1894 1892/2018/1892
f 1894/2020/1894 1922/2048/1922 1781/1897/1781
f 2405/2587/2405 1895/2021/1895 1897/2023/1897
f 2405/2587/2405 1897/2023/1897 1758/1874/1758
f 1781/1897/1781 1898/2024/1898 1782/1898/1782
f 1900/2026/1900 1899/2025/1899 1901/2027/1901
f 1783/1899/1783 1899/2025/1899 1900/2026/1900
f 2100/2243/2100 2101/2244/2101 1921/2047/1921
f 1891/2017/1891 2100/2243/2100 1920/2046/1920
f 1921/2047/1921 1920/2046/1920 2100/2243/2100
f 2406/2588/2406 1931/2057/1931 2130/2589/2130
f 2130/2589/2130 1931/2057/1931 1930/2056/1930
f 1905/2031/1905 2130/2589/2130 1930/2056/1930
f 2130/2589/2130 1905/2031/1905 1903/2029/1903
f 1903/2029/1903 1905/2031/1905 1904/2030/1904
f 1924/2050/1924 1903/2029/1903 1902/2028/1902
f 1844/1965/1844 1888/2014/1888 2404/2586/2404
f 1907/2033/1907 1909/2035/1909 2011/2148/2011
f 2011/2148/2011 2407/2590/2407 1907/2033/1907
f 1907/2033/1907 2407/2590/2407 1912/2038/1912
f 2404/2586/2404 1912/2038/1912 1995/2130/1995
f 2404/2586/2404 1888/2014/1888 1912/2038/1912
f 1922/2048/1922 1916/2042/1916 1898/2024/1898
f 1922/2048/1922 1923/2049/1923 1916/2042/1916
f 1926/2052/1926 1938/2064/1938 1928/2054/1928
f 2408/2591/2408 2007/2144/2007 1933/2059/1933
f 2408/2591/2408 1932/2058/1932 1931/2057/1931
f 1932/2058/1932 2408/2591/2408 1933/2059/1933
f 2409/2592/2409 2410/2593/2410 1935/2061/1935
f 2409/2592/2409 1935/2061/1935 1933/2059/1933
f 1933/2059/1933 1935/2061/1935 1929/2055/1929
f 2410/2593/2410 1936/2062/1936 1935/2061/1935
f 2410/2593/2410 1937/2063/1937 1936/2062/1936
f 1929/2055/1929 1936/2062/1936 1938/2064/1938
f 1781/1897/1781 1922/2048/1922 1898/2024/1898
f 1896/2022/1896 2071/2208/2071 1891/2017/1891
f 2101/2244/2101 1924/2050/1924 1921/2047/1921
f 1909/2035/1909 1939/2065/1939 2411/2594/2411
f 1933/2059/1933 2007/2144/2007 2409/2592/2409
f 1926/2052/1926 1929/2055/1929 1938/2064/1938
f 1946/2074/1946 1947/2595/1947 2401/2583/2401
f 1950/2082/1950 1947/2077/1947 1944/2076/1944
f 1948/2081/1948 2009/2146/2009 1874/1999/1874
f 1874/1999/1874 1950/2082/1950 1948/2081/1948
f 2412/2596/2412 1228/1310/1228 2403/2585/2403
f 2403/2585/2403 1880/2005/1880 1975/2108/1975
f 1976/2109/1976 1880/2005/1880 1875/2000/1875
f 1963/2096/1963 1952/2084/1952 1961/2094/1961
f 1952/2084/1952 1963/2096/1963 1951/2083/1951
f 1964/2097/1964 1961/2094/1961 1952/2084/1952
f 2413/2597/2413 2414/2598/2414 2415/2599/2415
f 2414/2598/2414 2236/2383/2236 2416/2600/2416
f 1962/2095/1962 1966/2099/1966 2417/2601/2417
f 2415/2599/2415 2414/2598/2414 2417/2601/2417
f 2417/2601/2417 2414/2598/2414 1967/2100/1967
f 2414/2598/2414 2416/2600/2416 1972/2105/1972
f 1972/2105/1972 2416/2600/2416 1973/2106/1973
f 1962/2095/1962 2417/2601/2417 1967/2100/1967
f 1967/2100/1967 2414/2598/2414 1972/2105/1972
f 2213/2369/2213 1975/2108/1975 1977/2110/1977
f 2010/2147/2010 2213/2359/2213 1977/2112/1977
f 1980/2114/1980 1986/2121/1986 2246/2393/2246
f 1973/2106/1973 2418/2602/2418 1974/2107/1974
f 1986/2121/1986 1974/2107/1974 2418/2602/2418
f 1986/2121/1986 1980/2114/1980 1984/2118/1984
f 2419/2603/2419 2420/2604/2420 2421/2605/2421
f 2422/2606/2422 2420/2607/2420 2413/2597/2413
f 2420/2604/2420 2422/2608/2422 2004/2140/2004
f 2420/2607/2420 2122/2265/2122 2413/2597/2413
f 2421/2605/2421 2420/2604/2420 2004/2140/2004
f 2420/2604/2420 2419/2603/2419 2423/2609/2423
f 2415/2599/2415 2422/2606/2422 2413/2597/2413
f 2417/2610/2417 1965/2141/1965 2422/2608/2422
f 2406/2588/2406 2424/2611/2424 2423/2609/2423
f 2422/2608/2422 1965/2141/1965 2004/2140/2004
f 2415/2599/2415 2417/2601/2417 2422/2606/2422
f 2406/2588/2406 2423/2609/2423 1931/2057/1931
f 2406/2612/2406 2130/2273/2130 2128/2271/2128
f 1881/2006/1881 1884/2009/1884 1989/2124/1989
f 1885/2010/1885 1992/2127/1992 1884/2009/1884
f 1995/2130/1995 1994/2129/1994 1885/2010/1885
f 1992/2127/1992 1885/2010/1885 1994/2129/1994
f 1995/2130/1995 1912/2038/1912 1993/2128/1993
f 1887/2012/1887 1844/1965/1844 2404/2586/2404
f 1939/2065/1939 2001/2137/2001 1998/2134/1998
f 1998/2134/1998 2002/2138/2002 1939/2065/1939
f 1939/2065/1939 2002/2138/2002 2003/2139/2003
f 2003/2139/2003 2411/2594/2411 1939/2065/1939
f 2003/2139/2003 1909/2035/1909 2411/2594/2411
f 1909/2035/1909 2003/2139/2003 2011/2148/2011
f 2407/2590/2407 2011/2148/2011 1991/2126/1991
f 1912/2038/1912 2407/2590/2407 1991/2126/1991
f 1990/2125/1990 1912/2038/1912 1991/2126/1991
f 1993/2128/1993 1912/2038/1912 1990/2125/1990
f 2419/2603/2419 2421/2605/2421 2005/2142/2005
f 2408/2591/2408 2419/2603/2419 2005/2142/2005
f 2421/2605/2421 2425/2613/2425 2005/2142/2005
f 1931/2057/1931 2423/2609/2423 2408/2591/2408
f 2425/2613/2425 2004/2140/2004 1996/2131/1996
f 2425/2613/2425 1996/2131/1996 1999/2135/1999
f 2426/2614/2426 2005/2142/2005 2425/2613/2425
f 2408/2591/2408 2005/2142/2005 2007/2144/2007
f 2006/2143/2006 2005/2142/2005 2426/2614/2426
f 2425/2613/2425 1999/2135/1999 2426/2614/2426
f 2409/2592/2409 2007/2144/2007 2008/2145/2008
f 2426/2614/2426 2008/2145/2008 2006/2143/2006
f 2410/2593/2410 2008/2145/2008 2426/2614/2426
f 2008/2145/2008 2410/2593/2410 2409/2592/2409
f 2426/2614/2426 2001/2137/2001 2410/2593/2410
f 2426/2614/2426 1999/2135/1999 2001/2137/2001
f 2001/2137/2001 1937/2063/1937 2410/2593/2410
f 2001/2137/2001 1939/2065/1939 1937/2063/1937
f 1946/2074/1946 1882/2007/1882 1945/2073/1945
f 2009/2146/2009 1978/2111/1978 1976/2109/1976
f 1976/2109/1976 1975/2108/1975 1880/2005/1880
f 2009/2146/2009 1976/2109/1976 1874/1999/1874
f 1952/2084/1952 1954/2086/1954 1964/2097/1964
f 2412/2596/2412 2403/2585/2403 1975/2108/1975
f 2122/2265/2122 2121/2264/2121 2413/2597/2413
f 2420/2604/2420 2423/2609/2423 2122/2615/2122
f 2421/2605/2421 2004/2140/2004 2425/2613/2425
f 1989/2124/1989 1884/2009/1884 1991/2126/1991
f 1991/2126/1991 1884/2009/1884 1992/2127/1992
f 2417/2601/2417 1966/2099/1966 1965/2098/1965
f 2423/2609/2423 2419/2603/2419 2408/2591/2408
f 1104/1185/1104 2354/2519/2354 2350/2515/2350
f 2324/2482/2324 2012/2149/2012 2014/2151/2014
f 738/785/738 2014/2151/2014 2025/2162/2025
f 739/786/739 738/785/738 2025/2162/2025
f 739/786/739 2025/2162/2025 2024/2161/2024
f 2027/2164/2027 2024/2161/2024 2026/2163/2026
f 2027/2164/2027 2029/2166/2029 2325/2483/2325
f 1103/1184/1103 2028/2165/2028 2032/2169/2032
f 2035/2172/2035 1103/1184/1103 2032/2169/2032
f 2036/2173/2036 2354/2519/2354 2035/2172/2035
f 2036/2173/2036 2034/2171/2034 2354/2519/2354
f 2042/2179/2042 2427/2616/2427 2034/2171/2034
f 2047/2184/2047 2046/2183/2046 2133/2279/2133
f 2133/2279/2133 2046/2183/2046 2054/2191/2054
f 2428/2617/2428 2429/2618/2429 2047/2184/2047
f 2430/2619/2430 2053/2190/2053 2156/2302/2156
f 2052/2189/2052 2053/2190/2053 2430/2619/2430
f 2049/2186/2049 2048/2185/2048 2431/2620/2431
f 2431/2620/2431 2056/2193/2056 2049/2186/2049
f 2137/2283/2137 2431/2620/2431 2429/2618/2429
f 2056/2193/2056 2431/2620/2431 2139/2285/2139
f 2139/2285/2139 2059/2196/2059 2056/2193/2056
f 2059/2196/2059 2432/2621/2432 2247/2395/2247
f 2305/2458/2305 2189/2335/2189 2433/2622/2433
f 2305/2458/2305 2433/2622/2433 2063/2200/2063
f 2434/2623/2434 2065/2202/2065 2433/2622/2433
f 2063/2200/2063 2433/2622/2433 2065/2202/2065
f 2012/2149/2012 743/790/743 2063/2200/2063
f 2065/2202/2065 2435/2624/2435 2064/2201/2064
f 2053/2190/2053 2064/2201/2064 2153/2299/2153
f 2156/2302/2156 2053/2190/2053 2153/2299/2153
f 2064/2201/2064 2435/2624/2435 2154/2300/2154
f 2436/2625/2436 2057/2194/2057 2103/2246/2103
f 2427/2616/2427 2042/2179/2042 2437/2626/2437
f 2061/2198/2061 2437/2626/2437 2045/2182/2045
f 2090/2229/2090 2437/2626/2437 2061/2198/2061
f 2354/2519/2354 2438/2627/2438 2351/2516/2351
f 2351/2516/2351 2350/2515/2350 2354/2519/2354
f 743/790/743 2012/2149/2012 2324/2482/2324
f 2014/2151/2014 738/785/738 2324/2482/2324
f 2034/2171/2034 2438/2627/2438 2354/2519/2354
f 2427/2616/2427 2438/2627/2438 2034/2171/2034
f 2061/2198/2061 2045/2182/2045 2044/2181/2044
f 2431/2620/2431 2048/2185/2048 2047/2184/2047
f 2054/2191/2054 2052/2189/2052 2161/2307/2161
f 2161/2307/2161 2052/2189/2052 2430/2619/2430
f 2429/2618/2429 2431/2620/2431 2047/2184/2047
f 2064/2201/2064 2154/2300/2154 2153/2299/2153
f 2103/2246/2103 2058/2195/2058 2059/2196/2059
f 2103/2246/2103 2057/2194/2057 2058/2195/2058
f 2437/2626/2437 2042/2179/2042 2045/2182/2045
f 2352/2517/2352 2351/2516/2351 2132/2277/2132
f 2068/2211/2068 2352/2517/2352 2132/2277/2132
f 2132/2277/2132 2351/2516/2351 2439/2628/2439
f 2132/2277/2132 2439/2628/2439 2066/2276/2066
f 2072/2210/2072 2069/2209/2069 2353/2520/2353
f 2353/2518/2353 2069/2206/2069 1756/1872/1756
f 2069/2206/2069 2071/2208/2071 2405/2587/2405
f 2414/2598/2414 2413/2597/2413 2236/2383/2236
f 2106/2249/2106 2059/2196/2059 2440/2629/2440
f 2106/2249/2106 2440/2629/2440 2074/2213/2074
f 2074/2213/2074 2440/2629/2440 2075/2214/2075
f 2073/2212/2073 2075/2214/2075 2441/2630/2441
f 2073/2212/2073 2236/2383/2236 2121/2264/2121
f 2061/2198/2061 2062/2199/2062 2077/2216/2077
f 2442/2631/2442 2062/2199/2062 2057/2194/2057
f 2057/2194/2057 2436/2625/2436 2077/2216/2077
f 2436/2625/2436 2103/2246/2103 2080/2219/2080
f 2442/2631/2442 2057/2194/2057 2077/2216/2077
f 2077/2216/2077 2062/2199/2062 2442/2631/2442
f 2080/2219/2080 2077/2216/2077 2436/2625/2436
f 2437/2626/2437 2090/2229/2090 2091/2230/2091
f 2076/2215/2076 2090/2229/2090 2061/2198/2061
f 2076/2215/2076 2061/2198/2061 2077/2216/2077
f 2437/2626/2437 2091/2230/2091 2096/2235/2096
f 2351/2516/2351 2438/2627/2438 2439/2628/2439
f 2439/2628/2439 2438/2627/2438 2095/2234/2095
f 2438/2627/2438 2427/2616/2427 2095/2234/2095
f 2439/2628/2439 2094/2233/2094 2066/2276/2066
f 2439/2628/2439 2095/2234/2095 2094/2233/2094
f 1891/2017/1891 2098/2241/2098 2100/2243/2100
f 2071/2208/2071 2098/2241/2098 1891/2017/1891
f 2104/2247/2104 2103/2246/2103 2105/2248/2105
f 2109/2252/2109 2108/2251/2108 2119/2262/2119
f 2109/2252/2109 2112/2255/2112 2104/2247/2104
f 2131/2274/2131 2111/2254/2111 2110/2253/2110
f 2113/2256/2113 2112/2255/2112 2114/2257/2114
f 2109/2252/2109 2114/2257/2114 2112/2255/2112
f 2108/2251/2108 2073/2212/2073 2116/2259/2116
f 2073/2212/2073 2117/2260/2117 2116/2259/2116
f 2117/2260/2117 2121/2264/2121 2122/2265/2122
f 2122/2265/2122 2424/2632/2424 2126/2269/2126
f 2128/2271/2128 2126/2269/2126 2424/2632/2424
f 2128/2271/2128 2424/2632/2424 2406/2612/2406
f 2127/2270/2127 2128/2271/2128 2130/2273/2130
f 2131/2274/2131 2124/2267/2124 2123/2266/2123
f 2131/2274/2131 2110/2253/2110 2113/2256/2113
f 2131/2274/2131 2113/2256/2113 2124/2267/2124
f 1903/2029/1903 2101/2244/2101 2102/2245/2102
f 2072/2210/2072 2352/2517/2352 2068/2211/2068
f 2413/2597/2413 2121/2264/2121 2236/2383/2236
f 2095/2234/2095 2427/2616/2427 2437/2626/2437
f 2095/2234/2095 2437/2626/2437 2096/2235/2096
f 2097/2237/2097 2101/2244/2101 2100/2243/2100
f 1924/2050/1924 2101/2244/2101 1903/2029/1903
f 2059/2196/2059 2105/2248/2105 2103/2246/2103
f 2106/2249/2106 2105/2248/2105 2059/2196/2059
f 2109/2252/2109 2119/2262/2119 2114/2257/2114
f 2122/2615/2122 2423/2609/2423 2424/2611/2424
f 1903/2029/1903 2102/2245/2102 2130/2589/2130
f 2302/2455/2302 291/314/291 2190/2336/2190
f 2292/2445/2292 2384/2563/2384 2190/2336/2190
f 2190/2336/2190 2384/2563/2384 2171/2317/2171
f 2054/2191/2054 2161/2307/2161 2134/2280/2134
f 2047/2184/2047 2133/2279/2133 2428/2617/2428
f 2428/2617/2428 2133/2279/2133 2135/2281/2135
f 2428/2617/2428 2135/2281/2135 2167/2313/2167
f 2429/2618/2429 2428/2617/2428 2167/2313/2167
f 2167/2313/2167 2166/2312/2166 2138/2284/2138
f 2138/2284/2138 2137/2283/2137 2429/2618/2429
f 2431/2620/2431 2137/2283/2137 2139/2285/2139
f 2432/2621/2432 2059/2196/2059 2139/2285/2139
f 2432/2621/2432 2139/2285/2139 2192/2338/2192
f 2138/2284/2138 2429/2618/2429 2167/2313/2167
f 2141/2287/2141 2143/2289/2143 2140/2286/2140
f 2208/2354/2208 2143/2289/2143 2142/2288/2142
f 2140/2286/2140 2143/2289/2143 2443/2633/2443
f 2189/2335/2189 2434/2623/2434 2433/2622/2433
f 2190/2336/2190 2188/2334/2188 2302/2455/2302
f 2302/2455/2302 2188/2334/2188 2298/2451/2298
f 2188/2334/2188 2304/2457/2304 2298/2451/2298
f 2304/2457/2304 2188/2334/2188 2189/2335/2189
f 2434/2623/2434 2189/2335/2189 2145/2291/2145
f 2434/2623/2434 2145/2291/2145 2150/2296/2150
f 2065/2202/2065 2150/2296/2150 2151/2297/2151
f 2065/2202/2065 2151/2297/2151 2435/2624/2435
f 2435/2624/2435 2151/2297/2151 2154/2300/2154
f 2157/2303/2157 2430/2619/2430 2156/2302/2156
f 2161/2307/2161 2430/2619/2430 2157/2303/2157
f 2166/2312/2166 2187/2333/2187 2138/2284/2138
f 2138/2284/2138 2187/2333/2187 2142/2288/2142
f 2178/2324/2178 2168/2314/2168 2170/2316/2170
f 2168/2314/2168 2386/2565/2386 2169/2315/2169
f 2173/2319/2173 2146/2292/2146 2172/2318/2172
f 2173/2319/2173 2172/2318/2172 2174/2320/2174
f 2191/2337/2191 1540/1640/1540 2176/2322/2176
f 1540/1640/1540 1542/1642/1542 2177/2323/2177
f 2177/2323/2177 1542/1642/1542 2178/2324/2178
f 2169/2315/2169 2386/2565/2386 2183/2329/2183
f 1544/1644/1544 2183/2329/2183 2386/2565/2386
f 2182/2328/2182 2183/2329/2183 2186/2332/2186
f 2186/2332/2186 2183/2329/2183 1633/1738/1633
f 2444/2634/2444 2142/2288/2142 2187/2333/2187
f 2142/2288/2142 2444/2634/2444 2208/2354/2208
f 2140/2286/2140 2443/2633/2443 2139/2285/2139
f 2139/2285/2139 2443/2633/2443 2192/2338/2192
f 2150/2296/2150 2065/2202/2065 2434/2623/2434
f 2174/2320/2174 1524/1624/1524 2179/2325/2179
f 2179/2325/2179 1524/1624/1524 1545/1645/1545
f 2179/2325/2179 1545/1645/1545 2180/2326/2180
f 1545/1645/1545 2191/2337/2191 2180/2326/2180
f 2432/2621/2432 2192/2338/2192 2247/2395/2247
f 2445/2635/2445 2143/2289/2143 2208/2354/2208
f 2203/2349/2203 2445/2635/2445 2208/2354/2208
f 2195/2341/2195 2390/2569/2390 2389/2568/2389
f 2195/2341/2195 2197/2343/2197 2390/2569/2390
f 2195/2341/2195 2389/2568/2389 2198/2344/2198
f 1632/1737/1632 2391/2570/2391 1635/1740/1635
f 2197/2343/2197 1632/1737/1632 2390/2569/2390
f 2200/2346/2200 2202/2348/2202 2207/2353/2207
f 2444/2634/2444 2209/2355/2209 2208/2354/2208
f 2200/2346/2200 2446/2636/2446 2203/2349/2203
f 2207/2353/2207 2446/2636/2446 2200/2346/2200
f 2223/2370/2223 1227/1309/1227 2224/2371/2224
f 1221/1303/1221 2224/2371/2224 1227/1309/1227
f 2224/2371/2224 1221/1303/1221 2412/2596/2412
f 1975/2108/1975 2224/2371/2224 2412/2596/2412
f 2224/2371/2224 1975/2108/1975 2213/2369/2213
f 2010/2147/2010 1980/2114/1980 2199/2345/2199
f 2010/2147/2010 2199/2345/2199 2213/2359/2213
f 2440/2629/2440 2247/2395/2247 2194/2340/2194
f 2440/2629/2440 2194/2340/2194 2229/2376/2229
f 2228/2375/2228 2231/2378/2231 2226/2373/2226
f 2227/2374/2227 2226/2373/2226 2229/2376/2229
f 2440/2629/2440 2229/2376/2229 2075/2214/2075
f 2226/2373/2226 2441/2630/2441 2229/2376/2229
f 2237/2384/2237 2441/2630/2441 2226/2373/2226
f 2228/2375/2228 2227/2374/2227 2447/2637/2447
f 2230/2377/2230 2228/2375/2228 2447/2637/2447
f 2447/2637/2447 2225/2372/2225 2234/2381/2234
f 2227/2374/2227 2225/2372/2225 2447/2637/2447
f 2143/2289/2143 2233/2380/2233 2443/2633/2443
f 2445/2635/2445 2203/2349/2203 2232/2379/2232
f 2233/2380/2233 2143/2289/2143 2445/2635/2445
f 2232/2379/2232 2233/2380/2233 2445/2635/2445
f 2446/2636/2446 2207/2353/2207 2230/2377/2230
f 2203/2349/2203 2446/2636/2446 2234/2381/2234
f 2446/2636/2446 2230/2377/2230 2234/2381/2234
f 2075/2214/2075 2229/2376/2229 2441/2630/2441
f 2441/2630/2441 2237/2384/2237 2236/2383/2236
f 2236/2383/2236 2073/2212/2073 2441/2630/2441
f 2416/2600/2416 2236/2383/2236 2239/2386/2239
f 2244/2391/2244 2416/2600/2416 2239/2386/2239
f 2215/2361/2215 2216/2362/2216 1980/2114/1980
f 2215/2361/2215 1980/2114/1980 2246/2393/2246
f 2243/2390/2243 2242/2389/2242 2244/2391/2244
f 1973/2106/1973 2416/2600/2416 2244/2391/2244
f 2244/2391/2244 2242/2389/2242 2418/2602/2418
f 2418/2602/2418 1973/2106/1973 2244/2391/2244
f 2246/2393/2246 1986/2121/1986 2242/2389/2242
f 2418/2602/2418 2242/2389/2242 1986/2121/1986
f 1221/1303/1221 1228/1310/1228 2412/2596/2412
f 2059/2196/2059 2247/2395/2247 2440/2629/2440
f 2192/2338/2192 2443/2633/2443 2233/2380/2233
f 2226/2373/2226 2231/2378/2231 2235/2382/2235
f 2225/2372/2225 2232/2379/2232 2234/2381/2234
f 2230/2377/2230 2447/2637/2447 2234/2381/2234
f 2232/2379/2232 2225/2372/2225 2193/2339/2193
f 2237/2384/2237 2226/2373/2226 2235/2382/2235
f 2448/2638/2448 121/131/121 2449/2639/2449
f 121/131/121 2448/2638/2448 2450/2640/2450
f 2448/2638/2448 2451/2641/2451 2450/2640/2450
f 2450/2640/2450 118/128/118 121/131/121
f 2452/2642/2452 2450/2640/2450 2451/2641/2451
f 2453/2643/2453 2452/2642/2452 2451/2641/2451
f 118/128/118 2450/2640/2450 2452/2642/2452
f 2452/2642/2452 116/126/116 118/128/118
f 116/126/116 2452/2642/2452 2265/2418/2265
f 2265/2418/2265 2452/2642/2452 2453/2643/2453
f 134/146/134 2449/2639/2449 133/145/133
f 2454/2644/2454 134/146/134 142/157/142
f 142/157/142 123/133/123 2454/2644/2454
f 2455/2645/2455 597/640/597 590/633/590
f 597/640/597 2456/2646/2456 2457/2647/2457
f 597/640/597 2457/2647/2457 595/638/595
f 595/638/595 2458/2648/2458 600/643/600
f 2457/2647/2457 2458/2648/2458 595/638/595
f 700/747/700 2459/2649/2459 701/748/701
f 701/748/701 2459/2649/2459 590/633/590
f 702/749/702 2460/2650/2460 696/743/696
f 696/743/696 2460/2650/2460 2459/2649/2459
f 2460/2650/2460 702/749/702 2461/2651/2461
f 590/633/590 2459/2649/2459 2455/2645/2455
f 2459/2649/2459 2462/2652/2462 2455/2645/2455
f 2462/2652/2462 2460/2650/2460 2461/2651/2461
f 2459/2649/2459 2460/2650/2460 2462/2652/2462
f 2462/2652/2462 2461/2651/2461 2463/2653/2463
f 2461/2651/2461 702/749/702 705/752/705
f 2459/2649/2459 700/747/700 696/743/696
f 2463/2653/2463 2461/2651/2461 2333/2493/2333
f 1168/1250/1168 1166/1248/1166 2464/2654/2464
f 1166/1248/1166 1165/1247/1165 2465/2655/2465
f 2466/2656/2466 2467/2657/2467 2468/2658/2468
f 2469/2659/2469 1673/1783/1673 2394/2573/2394
f 2366/2536/2366 1306/1395/1306 2470/2660/2470
f 2470/2660/2470 2471/2661/2471 2366/2536/2366
f 2471/2661/2471 2470/2660/2470 2467/2657/2467
f 2467/2657/2467 2470/2660/2470 2469/2659/2469
f 2364/2534/2364 2365/2535/2365 2470/2660/2470
f 2469/2659/2469 2470/2660/2470 2365/2535/2365
f 2469/2659/2469 2365/2535/2365 1673/1783/1673
f 2471/2661/2471 2472/2662/2472 1314/1403/1314
f 2472/2662/2472 2471/2661/2471 2467/2657/2467
f 1314/1403/1314 1309/1398/1309 2471/2661/2471
f 1309/1398/1309 2366/2536/2366 2471/2661/2471
f 1316/1405/1316 2472/2662/2472 2473/2663/2473
f 1317/1406/1317 1316/1405/1316 2473/2663/2473
f 1316/1405/1316 1314/1403/1314 2472/2662/2472
f 2467/2657/2467 2473/2663/2473 2472/2662/2472
f 2473/2663/2473 2467/2657/2467 2474/2664/2474
f 1317/1406/1317 2473/2663/2473 1318/1407/1318
f 1318/1407/1318 2473/2663/2473 1322/1411/1322
f 2474/2664/2474 2467/2657/2467 2466/2656/2466
f 2474/2664/2474 2466/2656/2466 1141/1223/1141
f 2474/2664/2474 1321/1410/1321 1322/1411/1322
f 2469/2659/2469 2394/2573/2394 1313/1402/1313
f 2467/2657/2467 2469/2659/2469 2468/2658/2468
f 2468/2658/2468 2469/2659/2469 1313/1402/1313
f 2473/2663/2473 2474/2664/2474 1322/1411/1322
f 2475/2665/2475 1463/1560/1463 2476/2666/2476
f 2477/2667/2477 2476/2666/2476 2478/2668/2478
f 2475/2665/2475 202/217/202 1463/1560/1463
f 1467/1564/1467 2475/2665/2475 1469/1566/1469
f 1469/1566/1469 2475/2665/2475 2479/2669/2479
f 2475/2665/2475 2477/2667/2477 2479/2669/2479
f 2477/2667/2477 2478/2668/2478 2480/2670/2480
f 2479/2669/2479 2477/2667/2477 2480/2670/2480
f 2479/2669/2479 2480/2670/2480 1492/1592/1492
f 1492/1592/1492 1475/1572/1475 2479/2669/2479
f 2480/2670/2480 1466/1563/1466 1492/1592/1492
f 1452/1547/1452 2478/2668/2478 2373/2545/2373
f 1464/1561/1464 2480/2670/2480 1452/1547/1452
f 1464/1561/1464 1466/1563/1466 2480/2670/2480
f 2477/2667/2477 2475/2665/2475 2476/2666/2476
f 1469/1566/1469 2479/2669/2479 1475/1572/1475
f 2478/2668/2478 1452/1547/1452 2480/2670/2480
f 202/217/202 2475/2665/2475 1467/1564/1467
f 1773/1889/1773 1762/1878/1762 2481/2671/2481
f 1762/1878/1762 1769/1885/1769 2481/2671/2481
f 1769/1885/1769 2482/2672/2482 2481/2671/2481
f 2483/2673/2483 1772/1888/1772 1773/1889/1773
f 1773/1889/1773 2481/2671/2481 2483/2673/2483
f 2481/2671/2481 2482/2672/2482 2484/2674/2484
f 2484/2674/2484 2482/2672/2482 2485/2675/2485
f 2486/2676/2486 2484/2674/2484 2485/2675/2485
f 2486/2676/2486 2487/2677/2487 2484/2674/2484
f 2485/2675/2485 1779/1895/1779 1780/1896/1780
f 1783/1899/1783 2485/2675/2485 1780/1896/1780
f 2487/2677/2487 2486/2676/2486 2396/2575/2396
f 1769/1885/1769 2485/2675/2485 2482/2672/2482
f 2485/2675/2485 1783/1899/1783 2486/2676/2486
f 1769/1885/1769 1779/1895/1779 2485/2675/2485
f 1798/1914/1798 2483/2673/2483 1796/1912/1796
f 2483/2673/2483 2488/2678/2488 1796/1912/1796
f 2488/2678/2488 2489/2679/2489 1802/1918/1802
f 1802/1918/1802 1797/1913/1797 2488/2678/2488
f 1804/1920/1804 1802/1918/1802 2489/2679/2489
f 1796/1912/1796 2488/2678/2488 1797/1913/1797
f 2464/2654/2464 2465/2655/2465 2490/2680/2490
f 2491/2681/2491 2492/2682/2492 2490/2680/2490
f 2492/2682/2492 1878/2003/1878 2464/2654/2464
f 1830/1948/1830 2493/2683/2493 2465/2655/2465
f 2465/2655/2465 1167/1249/1167 1830/1948/1830
f 2490/2680/2490 2465/2655/2465 2493/2683/2493
f 1866/1990/1866 2491/2681/2491 1856/1977/1856
f 1856/1977/1856 2491/2681/2491 2493/2683/2493
f 2491/2681/2491 1866/1990/1866 2492/2682/2492
f 2491/2681/2491 2490/2680/2490 2493/2683/2493
f 2492/2682/2492 1867/1991/1867 1875/2000/1875
f 1878/2003/1878 2492/2682/2492 1875/2000/1875
f 2492/2682/2492 2464/2654/2464 2490/2680/2490
f 1856/1977/1856 2493/2683/2493 1830/1948/1830
f 2492/2682/2492 1866/1990/1866 1867/1991/1867
f 2494/2684/2494 2495/2685/2495 2496/2686/2496
f 2494/2684/2494 2197/2343/2197 2497/2687/2497
f 2495/2685/2495 2497/2687/2497 2498/2688/2498
f 2495/2685/2495 2498/2688/2498 2499/2689/2499
f 2204/2350/2204 2499/2689/2499 2498/2688/2498
f 2498/2688/2498 2497/2687/2497 2204/2350/2204
f 2197/2343/2197 2205/2351/2205 2497/2687/2497
f 2201/2347/2201 2203/2349/2203 2500/2690/2500
f 2205/2351/2205 2204/2350/2204 2497/2687/2497
f 2501/2691/2501 2495/2685/2495 2500/2690/2500
f 2501/2691/2501 2500/2690/2500 2209/2355/2209
f 2500/2690/2500 2203/2349/2203 2209/2355/2209
f 2495/2685/2495 2494/2684/2494 2497/2687/2497
f 2499/2689/2499 2204/2350/2204 2201/2347/2201
f 2500/2690/2500 2495/2685/2495 2499/2689/2499
f 2500/2690/2500 2499/2689/2499 2201/2347/2201
f 2449/2639/2449 121/131/121 120/130/120
f 2451/2641/2451 2448/2638/2448 2449/2639/2449
f 2451/2641/2451 2449/2639/2449 2454/2644/2454
f 2453/2643/2453 2451/2641/2451 2502/2692/2502
f 2265/2418/2265 2453/2643/2453 2502/2692/2502
f 2266/2419/2266 2265/2418/2265 2502/2692/2502
f 133/145/133 2449/2639/2449 120/130/120
f 2502/2692/2502 2451/2641/2451 2454/2644/2454
f 2449/2639/2449 134/146/134 2454/2644/2454
f 123/133/123 2266/2419/2266 2454/2644/2454
f 2454/2644/2454 2266/2419/2266 2502/2692/2502
f 597/640/597 2455/2645/2455 2456/2646/2456
f 2462/2652/2462 2458/2648/2458 2457/2647/2457
f 2462/2652/2462 2463/2653/2463 2458/2648/2458
f 2463/2653/2463 2313/2470/2313 2458/2648/2458
f 2458/2648/2458 2314/2471/2314 600/643/600
f 2458/2648/2458 2313/2470/2313 2314/2471/2314
f 2456/2646/2456 2455/2645/2455 2462/2652/2462
f 2456/2646/2456 2462/2652/2462 2457/2647/2457
f 2463/2653/2463 2333/2493/2333 2313/2470/2313
f 2461/2651/2461 705/752/705 827/884/827
f 2461/2651/2461 827/884/827 826/883/826
f 2461/2651/2461 826/883/826 2333/2493/2333
f 1167/1249/1167 2465/2655/2465 1165/1247/1165
f 2464/2654/2464 1166/1248/1166 2465/2655/2465
f 2468/2658/2468 1313/1402/1313 1139/1221/1139
f 2468/2658/2468 1139/1221/1139 1138/1220/1138
f 1303/1392/1303 2470/2660/2470 1306/1395/1306
f 2364/2534/2364 2470/2660/2470 1303/1392/1303
f 1142/1224/1142 1141/1223/1141 2466/2656/2466
f 1321/1410/1321 2474/2664/2474 1141/1223/1141
f 2466/2656/2466 2468/2658/2468 1138/1220/1138
f 1142/1224/1142 2466/2656/2466 1138/1220/1138
f 2373/2545/2373 2478/2668/2478 2372/2544/2372
f 1415/1504/1415 2370/2542/2370 2476/2666/2476
f 2476/2666/2476 1463/1560/1463 1415/1504/1415
f 2476/2666/2476 2372/2544/2372 2478/2668/2478
f 2476/2666/2476 2370/2542/2370 1397/1486/1397
f 2476/2666/2476 1397/1486/1397 2372/2544/2372
f 2396/2575/2396 2486/2676/2486 1900/2026/1900
f 1798/1914/1798 1772/1888/1772 2483/2673/2483
f 2483/2673/2483 2481/2671/2481 2484/2674/2484
f 1900/2026/1900 2486/2676/2486 1783/1899/1783
f 2483/2673/2483 2484/2674/2484 2488/2678/2488
f 2396/2575/2396 2397/2576/2397 2487/2677/2487
f 2397/2576/2397 1804/1920/1804 2487/2677/2487
f 2488/2678/2488 2484/2674/2484 2489/2679/2489
f 2484/2674/2484 2487/2677/2487 2489/2679/2489
f 2487/2677/2487 1804/1920/1804 2489/2679/2489
f 1168/1250/1168 2464/2654/2464 2358/2524/2358
f 2358/2524/2358 2464/2654/2464 1878/2003/1878
f 2496/2686/2496 2187/2333/2187 2185/2331/2185
f 2185/2331/2185 2186/2332/2186 2496/2686/2496
f 2496/2686/2496 2444/2634/2444 2187/2333/2187
f 2391/2570/2391 1632/1737/1632 2494/2684/2494
f 2186/2332/2186 1633/1738/1633 2494/2684/2494
f 2494/2684/2494 1633/1738/1633 2391/2570/2391
f 2186/2332/2186 2494/2684/2494 2496/2686/2496
f 2496/2686/2496 2495/2685/2495 2501/2691/2501
f 2496/2686/2496 2501/2691/2501 2444/2634/2444
f 2444/2634/2444 2501/2691/2501 2209/2355/2209
f 2494/2684/2494 1632/1737/1632 2197/2343/2197

